USE mydb;
SET FOREIGN_KEY_CHECKS = 0;

-- Tabela: Pokemon (catálogo de espécies)
INSERT INTO `Pokemon` (`id_especie`, `nome_especie`, `tipo_base`, `tipo_secundario`, `evolui_para_id`) VALUES
  (1, 'Bulbasaur', 'Grass', 'Poison', 2),
  (2, 'Ivysaur', 'Grass', 'Poison', 3),
  (3, 'Venusaur', 'Grass', 'Poison', NULL),
  (4, 'Charmander', 'Fire', NULL, 5),
  (5, 'Charmeleon', 'Fire', NULL, 6),
  (6, 'Charizard', 'Fire', 'Flying', NULL),
  (7, 'Squirtle', 'Water', NULL, 8),
  (8, 'Wartortle', 'Water', NULL, 9),
  (9, 'Blastoise', 'Water', NULL, NULL),
  (10, 'Caterpie', 'Bug', NULL, 11),
  (11, 'Metapod', 'Bug', NULL, 12),
  (12, 'Butterfree', 'Bug', 'Flying', NULL),
  (13, 'Weedle', 'Bug', 'Poison', 14),
  (14, 'Kakuna', 'Bug', 'Poison', 15),
  (15, 'Beedrill', 'Bug', 'Poison', NULL),
  (16, 'Pidgey', 'Normal', 'Flying', 17),
  (17, 'Pidgeotto', 'Normal', 'Flying', 18),
  (18, 'Pidgeot', 'Normal', 'Flying', NULL),
  (19, 'Rattata', 'Normal', NULL, 20),
  (20, 'Raticate', 'Normal', NULL, NULL),
  (21, 'Spearow', 'Normal', 'Flying', 22),
  (22, 'Fearow', 'Normal', 'Flying', NULL),
  (23, 'Ekans', 'Poison', NULL, 24),
  (24, 'Arbok', 'Poison', NULL, NULL),
  (25, 'Pikachu', 'Electric', NULL, 26),
  (26, 'Raichu', 'Electric', NULL, NULL),
  (27, 'Sandshrew', 'Ground', NULL, 28),
  (28, 'Sandslash', 'Ground', NULL, NULL),
  (29, 'Nidoran-f', 'Poison', NULL, 30),
  (30, 'Nidorina', 'Poison', NULL, 31),
  (31, 'Nidoqueen', 'Poison', 'Ground', NULL),
  (32, 'Nidoran-m', 'Poison', NULL, 33),
  (33, 'Nidorino', 'Poison', NULL, 34),
  (34, 'Nidoking', 'Poison', 'Ground', NULL),
  (35, 'Clefairy', 'Fairy', NULL, 36),
  (36, 'Clefable', 'Fairy', NULL, NULL),
  (37, 'Vulpix', 'Fire', NULL, 38),
  (38, 'Ninetales', 'Fire', NULL, NULL),
  (39, 'Jigglypuff', 'Normal', 'Fairy', 40),
  (40, 'Wigglytuff', 'Normal', 'Fairy', NULL),
  (41, 'Zubat', 'Poison', 'Flying', 42),
  (42, 'Golbat', 'Poison', 'Flying', NULL),
  (43, 'Oddish', 'Grass', 'Poison', 44),
  (44, 'Gloom', 'Grass', 'Poison', 45),
  (45, 'Vileplume', 'Grass', 'Poison', NULL),
  (46, 'Paras', 'Bug', 'Grass', 47),
  (47, 'Parasect', 'Bug', 'Grass', NULL),
  (48, 'Venonat', 'Bug', 'Poison', 49),
  (49, 'Venomoth', 'Bug', 'Poison', NULL),
  (50, 'Diglett', 'Ground', NULL, 51),
  (51, 'Dugtrio', 'Ground', NULL, NULL),
  (52, 'Meowth', 'Normal', NULL, 53),
  (53, 'Persian', 'Normal', NULL, NULL),
  (54, 'Psyduck', 'Water', NULL, 55),
  (55, 'Golduck', 'Water', NULL, NULL),
  (56, 'Mankey', 'Fighting', NULL, 57),
  (57, 'Primeape', 'Fighting', NULL, NULL),
  (58, 'Growlithe', 'Fire', NULL, 59),
  (59, 'Arcanine', 'Fire', NULL, NULL),
  (60, 'Poliwag', 'Water', NULL, 61),
  (61, 'Poliwhirl', 'Water', NULL, 62),
  (62, 'Poliwrath', 'Water', 'Fighting', NULL),
  (63, 'Abra', 'Psychic', NULL, 64),
  (64, 'Kadabra', 'Psychic', NULL, 65),
  (65, 'Alakazam', 'Psychic', NULL, NULL),
  (66, 'Machop', 'Fighting', NULL, 67),
  (67, 'Machoke', 'Fighting', NULL, 68),
  (68, 'Machamp', 'Fighting', NULL, NULL),
  (69, 'Bellsprout', 'Grass', 'Poison', 70),
  (70, 'Weepinbell', 'Grass', 'Poison', 71),
  (71, 'Victreebel', 'Grass', 'Poison', NULL),
  (72, 'Tentacool', 'Water', 'Poison', 73),
  (73, 'Tentacruel', 'Water', 'Poison', NULL),
  (74, 'Geodude', 'Rock', 'Ground', 75),
  (75, 'Graveler', 'Rock', 'Ground', 76),
  (76, 'Golem', 'Rock', 'Ground', NULL),
  (77, 'Ponyta', 'Fire', NULL, 78),
  (78, 'Rapidash', 'Fire', NULL, NULL),
  (79, 'Slowpoke', 'Water', 'Psychic', 80),
  (80, 'Slowbro', 'Water', 'Psychic', NULL),
  (81, 'Magnemite', 'Electric', 'Steel', 82),
  (82, 'Magneton', 'Electric', 'Steel', NULL),
  (83, 'Farfetchd', 'Normal', 'Flying', NULL),
  (84, 'Doduo', 'Normal', 'Flying', 85),
  (85, 'Dodrio', 'Normal', 'Flying', NULL),
  (86, 'Seel', 'Water', NULL, 87),
  (87, 'Dewgong', 'Water', 'Ice', NULL),
  (88, 'Grimer', 'Poison', NULL, 89),
  (89, 'Muk', 'Poison', NULL, NULL),
  (90, 'Shellder', 'Water', NULL, 91),
  (91, 'Cloyster', 'Water', 'Ice', NULL),
  (92, 'Gastly', 'Ghost', 'Poison', 93),
  (93, 'Haunter', 'Ghost', 'Poison', 94),
  (94, 'Gengar', 'Ghost', 'Poison', NULL),
  (95, 'Onix', 'Rock', 'Ground', NULL),
  (96, 'Drowzee', 'Psychic', NULL, 97),
  (97, 'Hypno', 'Psychic', NULL, NULL),
  (98, 'Krabby', 'Water', NULL, 99),
  (99, 'Kingler', 'Water', NULL, NULL),
  (100, 'Voltorb', 'Electric', NULL, 101),
  (101, 'Electrode', 'Electric', NULL, NULL),
  (102, 'Exeggcute', 'Grass', 'Psychic', 103),
  (103, 'Exeggutor', 'Grass', 'Psychic', NULL),
  (104, 'Cubone', 'Ground', NULL, 105),
  (105, 'Marowak', 'Ground', NULL, NULL),
  (106, 'Hitmonlee', 'Fighting', NULL, NULL),
  (107, 'Hitmonchan', 'Fighting', NULL, NULL),
  (108, 'Lickitung', 'Normal', NULL, NULL),
  (109, 'Koffing', 'Poison', NULL, 110),
  (110, 'Weezing', 'Poison', NULL, NULL),
  (111, 'Rhyhorn', 'Ground', 'Rock', 112),
  (112, 'Rhydon', 'Ground', 'Rock', NULL),
  (113, 'Chansey', 'Normal', NULL, NULL),
  (114, 'Tangela', 'Grass', NULL, NULL),
  (115, 'Kangaskhan', 'Normal', NULL, NULL),
  (116, 'Horsea', 'Water', NULL, 117),
  (117, 'Seadra', 'Water', NULL, NULL),
  (118, 'Goldeen', 'Water', NULL, 119),
  (119, 'Seaking', 'Water', NULL, NULL),
  (120, 'Staryu', 'Water', NULL, 121),
  (121, 'Starmie', 'Water', 'Psychic', NULL),
  (122, 'Mr-mime', 'Psychic', 'Fairy', NULL),
  (123, 'Scyther', 'Bug', 'Flying', NULL),
  (124, 'Jynx', 'Ice', 'Psychic', NULL),
  (125, 'Electabuzz', 'Electric', NULL, NULL),
  (126, 'Magmar', 'Fire', NULL, NULL),
  (127, 'Pinsir', 'Bug', NULL, NULL),
  (128, 'Tauros', 'Normal', NULL, NULL),
  (129, 'Magikarp', 'Water', NULL, 130),
  (130, 'Gyarados', 'Water', 'Flying', NULL),
  (131, 'Lapras', 'Water', 'Ice', NULL),
  (132, 'Ditto', 'Normal', NULL, NULL),
  (133, 'Eevee', 'Normal', NULL, 134),
  (134, 'Vaporeon', 'Water', NULL, NULL),
  (135, 'Jolteon', 'Electric', NULL, NULL),
  (136, 'Flareon', 'Fire', NULL, NULL),
  (137, 'Porygon', 'Normal', NULL, NULL),
  (138, 'Omanyte', 'Rock', 'Water', 139),
  (139, 'Omastar', 'Rock', 'Water', NULL),
  (140, 'Kabuto', 'Rock', 'Water', 141),
  (141, 'Kabutops', 'Rock', 'Water', NULL),
  (142, 'Aerodactyl', 'Rock', 'Flying', NULL),
  (143, 'Snorlax', 'Normal', NULL, NULL),
  (144, 'Articuno', 'Ice', 'Flying', NULL),
  (145, 'Zapdos', 'Electric', 'Flying', NULL),
  (146, 'Moltres', 'Fire', 'Flying', NULL),
  (147, 'Dratini', 'Dragon', NULL, 148),
  (148, 'Dragonair', 'Dragon', NULL, 149),
  (149, 'Dragonite', 'Dragon', 'Flying', NULL),
  (150, 'Mewtwo', 'Psychic', NULL, NULL),
  (151, 'Mew', 'Psychic', NULL, NULL);

-- Tabela: Treinador
INSERT INTO `Treinador` (`id_treinador`, `nome`, `cidade`, `data_inscricao`, `pontos_ranking`) VALUES
  (1, 'Heloísa Montenegro', 'Pallet Town', '2024-06-14', 0),
  (2, 'Maria Cecília Moraes', 'Cerulean City', '2024-07-21', 0),
  (3, 'Emanuella Pereira', 'Six Island', '2024-02-07', 0),
  (4, 'Yasmin Lima', 'Outcast Island', '2024-02-18', 0),
  (5, 'Luiz Felipe Fonseca', 'Cerulean City', '2024-10-25', 0),
  (6, 'Isadora Martins', 'Three Island', '2025-04-10', 0),
  (7, 'Brenda Aparecida', 'Cerulean City', '2024-04-19', 0),
  (8, 'Bruno Sales', 'Four Island', '2024-02-14', 0),
  (9, 'Gabrielly da Cunha', 'Cinnabar Island', '2024-08-02', 0),
  (10, 'Srta. Luana Porto', 'Cinnabar Island', '2024-05-03', 0),
  (11, 'Olívia Camargo', 'Four Island', '2024-10-09', 0),
  (12, 'Daniela da Mota', 'Seven Island', '2024-01-31', 0),
  (13, 'João Pedro Santos', 'Pewter City', '2024-03-04', 0),
  (14, 'Marcela Campos', 'Seven Island', '2024-11-18', 0),
  (15, 'Dra. Melissa Rios', 'Cerulean City', '2025-04-30', 0),
  (16, 'Luana Andrade', 'Seven Island', '2024-10-22', 0),
  (17, 'Letícia Vasconcelos', 'Cerulean City', '2024-07-22', 0),
  (18, 'Dr. Théo Souza', 'Pewter City', '2025-05-14', 0),
  (19, 'Francisco Pastor', 'Six Island', '2024-01-24', 0),
  (20, 'Isis Correia', 'Pallet Town', '2025-03-15', 0),
  (21, 'Cecília Castro', 'Four Island', '2024-05-28', 0),
  (22, 'Hadassa Castro', 'Six Island', '2024-03-14', 0),
  (23, 'Olívia Ramos', 'Seven Island', '2024-03-01', 0),
  (24, 'Benicio Monteiro', 'Six Island', '2024-06-06', 0),
  (25, 'Ísis Pires', 'Vermilion City', '2025-02-21', 0),
  (26, 'Dr. Caleb Peixoto', 'Seven Island', '2024-02-22', 0),
  (27, 'Otávio Moraes', 'Viridian City', '2024-10-19', 0),
  (28, 'Felipe Fernandes', 'Fuchsia City', '2024-07-09', 0),
  (29, 'Anna Liz Monteiro', 'Cinnabar Island', '2024-10-07', 0),
  (30, 'Vitória Barbosa', 'Cerulean City', '2024-10-15', 0),
  (31, 'Augusto Farias', 'Viridian City', '2024-11-12', 0),
  (32, 'Maria Cecília Araújo', 'Six Island', '2024-09-11', 0),
  (33, 'Lunna Guerra', 'Saffron City', '2024-08-06', 0),
  (34, 'Srta. Ana Machado', 'Seven Island', '2024-08-26', 0),
  (35, 'Vinícius da Rocha', 'Five Island', '2025-04-17', 0),
  (36, 'Srta. Eduarda Porto', 'Indigo Plateau', '2024-07-04', 0),
  (37, 'Cauê Ribeiro', 'Vermilion City', '2024-05-07', 0),
  (38, 'Leandro Vasconcelos', 'Pewter City', '2024-12-23', 0),
  (39, 'Bernardo das Neves', 'Seven Island', '2024-02-11', 0),
  (40, 'Léo Melo', 'Three Island', '2024-06-02', 0),
  (41, 'Melina Sá', 'Saffron City', '2024-09-10', 0),
  (42, 'Pietra Aragão', 'Five Island', '2025-01-08', 0),
  (43, 'Nathan Pimenta', 'Birth Island', '2024-05-27', 0),
  (44, 'Olívia Cardoso', 'Fuchsia City', '2024-02-07', 0),
  (45, 'Ian Moreira', 'Four Island', '2024-09-19', 0),
  (46, 'Bryan Aparecida', 'Saffron City', '2024-03-25', 0),
  (47, 'Dr. Juan Marques', 'Two Island', '2024-03-18', 0),
  (48, 'Arthur Miguel Cavalcante', 'Cerulean City', '2024-08-03', 0),
  (49, 'Dra. Sara Barros', 'Cinnabar Island', '2025-05-07', 0),
  (50, 'Otávio Melo', 'Six Island', '2025-01-26', 0),
  (51, 'Rafaela Borges', 'Saffron City', '2024-10-20', 0),
  (52, 'Rael Pimenta', 'Outcast Island', '2024-06-23', 0),
  (53, 'Breno Marques', 'Two Island', '2024-10-31', 0),
  (54, 'Larissa da Costa', 'Five Island', '2024-10-23', 0),
  (55, 'Dr. Lucas Gabriel Camargo', 'Cinnabar Island', '2024-02-05', 0),
  (56, 'Anthony Gabriel Gomes', 'Lavender Town', '2025-04-28', 0),
  (57, 'Maria Julia Ramos', 'Cinnabar Island', '2024-08-30', 0),
  (58, 'Kevin Cavalcanti', 'Indigo Plateau', '2024-02-01', 0),
  (59, 'Anthony Moura', 'Seven Island', '2024-11-27', 0),
  (60, 'Gustavo Albuquerque', 'Five Island', '2024-12-14', 0),
  (61, 'Luiz Felipe Guerra', 'One Island', '2024-05-25', 0),
  (62, 'Helena Pastor', 'Outcast Island', '2025-03-30', 0),
  (63, 'Ana Júlia Campos', 'Five Island', '2024-01-12', 0),
  (64, 'André Guerra', 'Vermilion City', '2024-06-30', 0),
  (65, 'Gustavo Henrique Rodrigues', 'Fuchsia City', '2024-11-08', 0),
  (66, 'Lorena Sales', 'Cerulean City', '2024-09-09', 0),
  (67, 'Luna Silveira', 'Indigo Plateau', '2024-04-21', 0),
  (68, 'Davi Teixeira', 'Pewter City', '2024-03-07', 0),
  (69, 'Maria Luiza da Paz', 'One Island', '2024-07-22', 0),
  (70, 'Catarina Sousa', 'Two Island', '2025-04-14', 0),
  (71, 'Thales Dias', 'Vermilion City', '2024-02-11', 0),
  (72, 'Srta. Aurora Ribeiro', 'One Island', '2024-08-17', 0),
  (73, 'Rodrigo Cavalcante', 'Lavender Town', '2024-10-08', 0),
  (74, 'Luan Correia', 'Pallet Town', '2025-03-28', 0),
  (75, 'Cauã Costa', 'Four Island', '2025-02-23', 0),
  (76, 'Sabrina Porto', 'Six Island', '2025-03-18', 0),
  (77, 'Dra. Eloah Borges', 'Four Island', '2024-05-22', 0),
  (78, 'Lívia Ferreira', 'One Island', '2024-07-02', 0),
  (79, 'Rhavi Moraes', 'Pewter City', '2025-05-05', 0),
  (80, 'Srta. Manuela Fogaça', 'Cinnabar Island', '2024-03-18', 0),
  (81, 'Otávio Montenegro', 'Pallet Town', '2024-03-31', 0),
  (82, 'Sr. Benjamin Souza', 'Pewter City', '2024-04-28', 0),
  (83, 'Bella Carvalho', 'Two Island', '2024-01-07', 0),
  (84, 'Pedro Nascimento', 'Seven Island', '2025-03-01', 0),
  (85, 'Liam Azevedo', 'Lavender Town', '2024-04-03', 0),
  (86, 'Mathias Marques', 'Celadon City', '2024-05-24', 0),
  (87, 'Rafael Moreira', 'Four Island', '2024-03-15', 0),
  (88, 'Luiz Henrique Caldeira', 'Outcast Island', '2024-09-30', 0),
  (89, 'Alexia Aparecida', 'Seven Island', '2024-11-08', 0),
  (90, 'Eloá das Neves', 'Pallet Town', '2024-06-12', 0),
  (91, 'Bento Mendes', 'Three Island', '2024-12-19', 0),
  (92, 'Thomas Vieira', 'Birth Island', '2025-05-01', 0),
  (93, 'Melissa Jesus', 'Cerulean City', '2024-12-01', 0),
  (94, 'Lorenzo Rodrigues', 'Six Island', '2024-08-21', 0),
  (95, 'Clara Lima', 'One Island', '2024-07-19', 0),
  (96, 'Calebe Peixoto', 'One Island', '2024-07-23', 0),
  (97, 'José Pedro Cassiano', 'Two Island', '2024-02-23', 0),
  (98, 'Paulo Costela', 'One Island', '2024-11-20', 0),
  (99, 'Rebeca Garcia', 'Viridian City', '2024-02-01', 0),
  (100, 'Apollo Cavalcante', 'Viridian City', '2024-02-04', 0),
  (101, 'Isabelly Barbosa', 'Vermilion City', '2024-08-13', 0),
  (102, 'Heitor Mendes', 'Saffron City', '2024-02-26', 0),
  (103, 'Pedro Henrique Cunha', 'Cerulean City', '2024-11-03', 0),
  (104, 'Asafe Câmara', 'Celadon City', '2024-02-22', 0),
  (105, 'Sr. Luiz Fernando Sá', 'Pallet Town', '2024-10-17', 0),
  (106, 'Raquel Caldeira', 'Fuchsia City', '2024-10-01', 0),
  (107, 'Valentim Nogueira', 'Outcast Island', '2025-04-30', 0),
  (108, 'Davi Farias', 'Celadon City', '2024-11-10', 0),
  (109, 'Olívia Aragão', 'Viridian City', '2024-02-06', 0),
  (110, 'Nicole Vargas', 'One Island', '2024-11-10', 0),
  (111, 'Raquel Casa Grande', 'Lavender Town', '2024-03-17', 0),
  (112, 'Luan Peixoto', 'Outcast Island', '2025-05-04', 0),
  (113, 'Luiz Miguel Monteiro', 'Outcast Island', '2024-11-04', 0),
  (114, 'Ana Vitória Vieira', 'Fuchsia City', '2024-08-30', 0),
  (115, 'Dr. Breno Andrade', 'Two Island', '2024-02-29', 0),
  (116, 'Mariana Ribeiro', 'Five Island', '2025-05-15', 0),
  (117, 'Eloah Correia', 'Two Island', '2024-09-02', 0),
  (118, 'Ana Laura Montenegro', 'Cinnabar Island', '2024-06-08', 0),
  (119, 'Guilherme Nogueira', 'Fuchsia City', '2024-03-14', 0),
  (120, 'Luna Abreu', 'Saffron City', '2025-01-18', 0);

-- Tabela: Time_Treinador (instâncias de Pokémon capturados)
INSERT INTO `Time_Treinador` (`id_instancia`, `apelido`, `nivel`, `experiencia`, `data_captura`, `Treinador_id_treinador`, `Pokemon_id_especie`) VALUES
  (1, NULL, 51, 1200, '2025-05-01', 1, 123),
  (2, NULL, 8, 4326, '2024-12-19', 1, 42),
  (3, NULL, 16, 2139, '2024-06-01', 1, 133),
  (4, 'CharizardJr', 26, 2913, '2024-09-22', 1, 6),
  (5, 'PersianJr', 74, 4118, '2025-01-30', 1, 53),
  (6, NULL, 50, 237, '2024-04-12', 2, 58),
  (7, NULL, 65, 2123, '2024-01-15', 2, 50),
  (8, NULL, 49, 3663, '2024-04-09', 2, 62),
  (9, NULL, 49, 2987, '2025-02-17', 2, 103),
  (10, 'ArcanineJr', 34, 3850, '2024-02-11', 2, 59),
  (11, NULL, 49, 694, '2024-09-02', 3, 87),
  (12, NULL, 54, 1632, '2025-03-03', 3, 53),
  (13, NULL, 60, 2723, '2024-09-01', 3, 124),
  (14, NULL, 55, 3794, '2024-02-14', 3, 1),
  (15, NULL, 23, 4881, '2024-10-29', 4, 22),
  (16, NULL, 49, 1277, '2024-08-30', 4, 41),
  (17, NULL, 7, 116, '2024-10-07', 4, 44),
  (18, NULL, 18, 4313, '2025-02-13', 4, 33),
  (19, NULL, 60, 1595, '2025-01-18', 4, 8),
  (20, NULL, 8, 2063, '2025-02-26', 4, 39),
  (21, 'GravelerJr', 58, 1073, '2024-06-15', 5, 75),
  (22, NULL, 50, 3753, '2024-02-01', 5, 129),
  (23, NULL, 71, 3445, '2024-12-05', 5, 62),
  (24, NULL, 69, 1071, '2025-02-27', 5, 151),
  (25, 'JolteonJr', 5, 1227, '2025-02-01', 6, 135),
  (26, 'LaprasJr', 20, 4558, '2024-03-29', 6, 131),
  (27, 'CharmeleonJr', 71, 4347, '2024-02-01', 6, 5),
  (28, 'ChanseyJr', 18, 4589, '2024-10-11', 6, 113),
  (29, NULL, 69, 3704, '2024-01-22', 7, 64),
  (30, 'VenomothJr', 13, 3631, '2024-10-14', 7, 49),
  (31, NULL, 69, 4965, '2024-06-15', 7, 71),
  (32, 'VictreebelJr', 36, 4286, '2025-02-17', 8, 71),
  (33, NULL, 38, 4583, '2025-03-24', 8, 116),
  (34, NULL, 62, 1123, '2025-04-02', 8, 131),
  (35, 'PorygonJr', 61, 2588, '2024-08-01', 8, 137),
  (36, NULL, 20, 1265, '2024-04-18', 9, 62),
  (37, NULL, 51, 1171, '2025-04-26', 9, 110),
  (38, NULL, 64, 1798, '2024-05-09', 9, 19),
  (39, NULL, 25, 3535, '2024-12-07', 10, 102),
  (40, 'ElectabuzzJr', 58, 1603, '2024-09-20', 10, 125),
  (41, 'GolbatJr', 51, 159, '2024-07-01', 10, 42),
  (42, NULL, 42, 4196, '2024-06-18', 11, 142),
  (43, 'GoldeenJr', 34, 858, '2025-05-06', 11, 118),
  (44, 'ChanseyJr', 10, 1487, '2024-02-13', 11, 113),
  (45, NULL, 59, 2118, '2024-05-18', 11, 5),
  (46, 'KinglerJr', 70, 4674, '2024-07-26', 11, 99),
  (47, 'DoduoJr', 7, 725, '2025-04-03', 12, 84),
  (48, 'EkansJr', 33, 545, '2025-02-14', 12, 23),
  (49, NULL, 63, 94, '2024-05-15', 12, 72),
  (50, NULL, 58, 2194, '2024-06-22', 12, 15),
  (51, 'ParasectJr', 72, 1953, '2024-11-14', 12, 47),
  (52, 'KoffingJr', 25, 2145, '2025-04-25', 12, 109),
  (53, 'ParasectJr', 31, 2375, '2024-11-17', 13, 47),
  (54, NULL, 27, 2216, '2024-08-16', 13, 52),
  (55, NULL, 37, 302, '2024-06-26', 13, 80),
  (56, 'CharmeleonJr', 65, 2012, '2025-05-15', 14, 5),
  (57, 'GyaradosJr', 60, 4055, '2025-04-23', 14, 130),
  (58, NULL, 55, 4150, '2024-10-06', 14, 142),
  (59, NULL, 11, 1063, '2024-07-26', 15, 56),
  (60, 'ArcanineJr', 37, 3528, '2024-01-08', 15, 59),
  (61, 'GrimerJr', 53, 4144, '2024-03-24', 15, 88),
  (62, NULL, 36, 2400, '2024-12-09', 15, 51),
  (63, 'ClefableJr', 25, 2203, '2024-01-24', 15, 36),
  (64, 'BulbasaurJr', 44, 1784, '2024-05-05', 16, 1),
  (65, 'MachampJr', 47, 3126, '2024-07-01', 16, 68),
  (66, 'GengarJr', 69, 1646, '2024-02-12', 16, 94),
  (67, NULL, 5, 744, '2024-05-07', 16, 85),
  (68, NULL, 23, 3272, '2024-05-15', 16, 141),
  (69, 'FarfetchdJr', 7, 2454, '2024-10-27', 16, 83),
  (70, NULL, 54, 2671, '2024-12-02', 17, 60),
  (71, NULL, 24, 2327, '2025-01-03', 17, 22),
  (72, NULL, 23, 358, '2025-01-05', 17, 150),
  (73, NULL, 70, 3516, '2025-02-26', 17, 136),
  (74, NULL, 69, 1141, '2025-01-10', 17, 40),
  (75, 'MewtwoJr', 51, 859, '2024-01-16', 18, 150),
  (76, NULL, 76, 415, '2024-07-11', 18, 59),
  (77, 'FearowJr', 73, 2003, '2024-11-17', 18, 22),
  (78, NULL, 13, 3881, '2024-02-17', 19, 68),
  (79, NULL, 38, 1923, '2024-05-09', 19, 1),
  (80, NULL, 34, 3771, '2025-01-08', 19, 117),
  (81, NULL, 14, 3924, '2024-09-09', 19, 18),
  (82, NULL, 10, 1624, '2025-04-11', 19, 129),
  (83, NULL, 47, 2080, '2024-02-09', 19, 138),
  (84, 'MoltresJr', 17, 1783, '2024-09-05', 20, 146),
  (85, 'ClefairyJr', 71, 2339, '2024-12-11', 20, 35),
  (86, 'CharmanderJr', 20, 4498, '2024-08-25', 20, 4),
  (87, 'JynxJr', 15, 3874, '2024-04-12', 20, 124),
  (88, 'PidgeyJr', 14, 4150, '2024-01-09', 20, 16),
  (89, NULL, 38, 2945, '2024-03-13', 21, 69),
  (90, NULL, 70, 2290, '2024-03-08', 21, 100),
  (91, 'PsyduckJr', 51, 1895, '2025-03-30', 21, 54),
  (92, NULL, 67, 3228, '2024-09-11', 21, 20),
  (93, 'DragoniteJr', 67, 3692, '2024-01-13', 21, 149),
  (94, 'ArbokJr', 23, 3409, '2024-07-26', 21, 24),
  (95, NULL, 55, 983, '2024-06-15', 22, 97),
  (96, NULL, 6, 2374, '2025-04-26', 22, 81),
  (97, 'NidoqueenJr', 55, 3196, '2024-05-09', 22, 31),
  (98, NULL, 51, 3506, '2025-03-21', 22, 85),
  (99, 'BulbasaurJr', 11, 2298, '2025-01-21', 22, 1),
  (100, NULL, 60, 4185, '2024-05-07', 23, 14),
  (101, 'GeodudeJr', 52, 3504, '2024-06-10', 23, 74),
  (102, 'JigglypuffJr', 56, 4539, '2025-03-28', 23, 39),
  (103, NULL, 41, 3977, '2024-11-10', 24, 21),
  (104, NULL, 75, 1042, '2024-01-26', 24, 13),
  (105, 'HitmonleeJr', 48, 2308, '2024-03-28', 24, 106),
  (106, 'HorseaJr', 38, 3327, '2024-06-01', 24, 116),
  (107, 'RapidashJr', 25, 615, '2024-03-02', 25, 78),
  (108, NULL, 68, 4508, '2024-04-16', 25, 124),
  (109, 'SnorlaxJr', 47, 3686, '2024-04-22', 25, 143),
  (110, 'ElectrodeJr', 29, 1999, '2024-08-06', 25, 101),
  (111, 'VileplumeJr', 52, 2116, '2024-02-16', 26, 45),
  (112, NULL, 7, 3381, '2025-02-18', 26, 88),
  (113, 'SnorlaxJr', 72, 1720, '2024-07-15', 26, 143),
  (114, 'WeepinbellJr', 69, 4335, '2025-05-10', 27, 70),
  (115, NULL, 32, 758, '2024-11-18', 27, 87),
  (116, NULL, 54, 3274, '2024-05-18', 27, 16),
  (117, 'TaurosJr', 44, 178, '2024-11-26', 27, 128),
  (118, 'TentacoolJr', 65, 4810, '2024-03-06', 27, 72),
  (119, 'DragonairJr', 55, 4324, '2024-09-07', 27, 148),
  (120, NULL, 18, 3746, '2024-09-24', 28, 115),
  (121, NULL, 10, 11, '2024-02-13', 28, 64),
  (122, 'SandslashJr', 77, 307, '2025-02-04', 28, 28),
  (123, NULL, 21, 2062, '2024-11-26', 28, 58),
  (124, NULL, 19, 814, '2024-09-27', 28, 40),
  (125, 'JigglypuffJr', 79, 1570, '2024-02-06', 28, 39),
  (126, 'MachokeJr', 45, 1985, '2024-08-23', 29, 67),
  (127, NULL, 75, 2023, '2024-08-31', 29, 58),
  (128, NULL, 44, 453, '2024-01-15', 29, 1),
  (129, 'VenusaurJr', 58, 664, '2024-01-12', 29, 3),
  (130, 'OmanyteJr', 59, 3032, '2024-05-11', 29, 138),
  (131, 'RapidashJr', 48, 3445, '2024-04-26', 29, 78),
  (132, 'ExeggcuteJr', 30, 2553, '2024-02-04', 30, 102),
  (133, NULL, 34, 3810, '2025-01-27', 30, 51),
  (134, 'IvysaurJr', 42, 892, '2024-04-23', 30, 2),
  (135, NULL, 28, 1829, '2025-05-02', 30, 75),
  (136, 'GyaradosJr', 12, 4872, '2024-09-05', 30, 130),
  (137, NULL, 58, 424, '2025-05-13', 31, 101),
  (138, 'KakunaJr', 55, 3683, '2024-12-29', 31, 14),
  (139, NULL, 45, 927, '2025-04-04', 31, 55),
  (140, NULL, 47, 1562, '2024-02-10', 31, 7),
  (141, NULL, 52, 2717, '2024-12-06', 32, 135),
  (142, 'StaryuJr', 5, 640, '2024-08-14', 32, 120),
  (143, 'BlastoiseJr', 58, 1013, '2024-05-23', 32, 9),
  (144, NULL, 31, 3114, '2024-10-14', 32, 80),
  (145, 'SlowbroJr', 62, 1581, '2024-04-10', 33, 80),
  (146, 'RhyhornJr', 65, 248, '2024-06-14', 33, 111),
  (147, 'EkansJr', 56, 333, '2024-11-19', 33, 23),
  (148, 'WeedleJr', 13, 507, '2024-07-11', 33, 13),
  (149, 'Mr-mimeJr', 13, 4961, '2024-05-11', 33, 122),
  (150, NULL, 45, 2257, '2025-01-17', 34, 93),
  (151, 'WeepinbellJr', 13, 198, '2024-06-01', 34, 70),
  (152, 'SeelJr', 65, 3815, '2025-02-26', 34, 86),
  (153, NULL, 37, 3522, '2025-05-03', 34, 12),
  (154, 'MachampJr', 68, 1498, '2025-02-21', 34, 68),
  (155, NULL, 63, 2964, '2024-06-16', 35, 78),
  (156, NULL, 15, 4193, '2025-02-05', 35, 39),
  (157, 'PoliwhirlJr', 25, 2025, '2024-04-11', 35, 61),
  (158, NULL, 18, 591, '2024-03-23', 36, 17),
  (159, NULL, 31, 789, '2024-05-15', 36, 9),
  (160, 'JynxJr', 62, 1418, '2024-08-03', 36, 124),
  (161, 'AerodactylJr', 63, 1924, '2024-04-29', 36, 142),
  (162, NULL, 20, 2407, '2025-01-17', 36, 140),
  (163, 'DoduoJr', 39, 3055, '2024-05-30', 36, 84),
  (164, 'MachokeJr', 41, 4737, '2024-05-05', 37, 67),
  (165, 'DugtrioJr', 55, 2061, '2024-04-06', 37, 51),
  (166, NULL, 34, 823, '2024-05-05', 37, 113),
  (167, 'KadabraJr', 9, 838, '2024-11-30', 37, 64),
  (168, 'VenonatJr', 34, 3672, '2024-01-03', 37, 48),
  (169, NULL, 79, 1590, '2024-04-07', 38, 11),
  (170, 'GolemJr', 70, 1456, '2025-04-21', 38, 76),
  (171, NULL, 5, 866, '2024-08-17', 38, 60),
  (172, NULL, 49, 1782, '2024-11-22', 38, 31),
  (173, 'WeedleJr', 23, 361, '2024-01-20', 38, 13),
  (174, 'MachopJr', 52, 1516, '2025-02-23', 39, 66),
  (175, 'CaterpieJr', 31, 257, '2024-11-13', 39, 10),
  (176, 'PersianJr', 66, 518, '2025-02-11', 39, 53),
  (177, 'VenusaurJr', 55, 4506, '2024-07-27', 39, 3),
  (178, 'PorygonJr', 41, 2519, '2024-12-22', 40, 137),
  (179, NULL, 44, 4640, '2024-08-01', 40, 24),
  (180, 'GolbatJr', 58, 149, '2025-03-28', 40, 42),
  (181, NULL, 51, 1615, '2025-03-18', 40, 102),
  (182, NULL, 56, 4733, '2024-02-28', 41, 104),
  (183, 'PersianJr', 25, 1064, '2025-03-28', 41, 53),
  (184, 'IvysaurJr', 23, 3249, '2024-01-08', 41, 2),
  (185, NULL, 52, 4132, '2024-02-15', 41, 112),
  (186, 'ZubatJr', 41, 1325, '2024-03-28', 41, 41),
  (187, 'KoffingJr', 13, 891, '2024-09-23', 41, 109),
  (188, 'MagmarJr', 54, 706, '2024-06-10', 42, 126),
  (189, NULL, 25, 1819, '2025-04-07', 42, 51),
  (190, 'RapidashJr', 30, 3874, '2024-11-13', 42, 78),
  (191, NULL, 10, 3274, '2024-04-03', 42, 33),
  (192, NULL, 54, 2942, '2025-04-25', 42, 12),
  (193, 'JynxJr', 29, 336, '2024-03-04', 42, 124),
  (194, 'FarfetchdJr', 44, 3441, '2024-11-02', 43, 83),
  (195, NULL, 59, 3188, '2024-06-06', 43, 31),
  (196, 'VoltorbJr', 69, 3590, '2024-12-03', 43, 100),
  (197, 'CharizardJr', 63, 1471, '2024-04-30', 44, 6),
  (198, 'BulbasaurJr', 18, 549, '2025-02-18', 44, 1),
  (199, 'MagmarJr', 51, 751, '2024-03-06', 44, 126),
  (200, 'StaryuJr', 70, 333, '2025-02-14', 44, 120);

INSERT INTO `Time_Treinador` (`id_instancia`, `apelido`, `nivel`, `experiencia`, `data_captura`, `Treinador_id_treinador`, `Pokemon_id_especie`) VALUES
  (201, NULL, 15, 444, '2025-02-02', 45, 34),
  (202, NULL, 53, 1115, '2025-01-20', 45, 22),
  (203, NULL, 19, 1586, '2024-01-14', 45, 81),
  (204, NULL, 37, 1300, '2024-02-03', 46, 126),
  (205, NULL, 40, 3738, '2024-06-14', 46, 74),
  (206, 'OddishJr', 66, 1706, '2024-03-14', 46, 43),
  (207, 'PrimeapeJr', 69, 1944, '2024-10-30', 46, 57),
  (208, NULL, 40, 2685, '2024-03-23', 47, 96),
  (209, 'CaterpieJr', 38, 942, '2025-04-03', 47, 10),
  (210, NULL, 51, 3711, '2025-01-28', 47, 51),
  (211, NULL, 18, 2064, '2024-10-11', 47, 47),
  (212, NULL, 55, 3043, '2024-10-01', 47, 104),
  (213, NULL, 61, 1884, '2024-06-18', 48, 97),
  (214, NULL, 11, 2427, '2024-03-31', 48, 95),
  (215, NULL, 44, 4799, '2025-02-23', 48, 148),
  (216, NULL, 45, 14, '2025-04-20', 48, 38),
  (217, 'HaunterJr', 24, 2383, '2025-01-17', 48, 93),
  (218, NULL, 10, 182, '2024-04-26', 49, 107),
  (219, 'DittoJr', 50, 2488, '2024-01-28', 49, 132),
  (220, NULL, 73, 1837, '2024-02-24', 49, 94),
  (221, NULL, 80, 1095, '2024-07-30', 49, 13),
  (222, 'NidokingJr', 65, 1299, '2024-04-14', 49, 34),
  (223, 'MagmarJr', 36, 1223, '2024-03-09', 49, 126),
  (224, 'PikachuJr', 76, 2869, '2025-05-10', 50, 25),
  (225, NULL, 61, 4930, '2024-10-31', 50, 17),
  (226, NULL, 68, 2035, '2025-04-24', 50, 38),
  (227, NULL, 10, 504, '2024-03-25', 50, 70),
  (228, 'ExeggutorJr', 28, 1946, '2024-09-29', 50, 103),
  (229, 'MachampJr', 18, 101, '2024-03-22', 50, 68),
  (230, NULL, 58, 1430, '2024-11-07', 51, 37),
  (231, 'HitmonleeJr', 43, 397, '2024-09-17', 51, 106),
  (232, NULL, 66, 4410, '2025-03-31', 51, 52),
  (233, 'EeveeJr', 60, 3811, '2024-01-04', 51, 133),
  (234, 'HorseaJr', 9, 1009, '2024-02-23', 52, 116),
  (235, NULL, 38, 430, '2024-06-20', 52, 45),
  (236, NULL, 60, 4286, '2024-05-16', 52, 58),
  (237, 'GolemJr', 35, 1661, '2024-03-27', 53, 76),
  (238, 'MankeyJr', 46, 1572, '2025-04-28', 53, 56),
  (239, 'FearowJr', 35, 3108, '2025-03-26', 53, 22),
  (240, NULL, 73, 3846, '2025-04-09', 53, 130),
  (241, NULL, 5, 217, '2024-08-29', 53, 4),
  (242, NULL, 26, 1184, '2024-02-09', 54, 60),
  (243, 'DratiniJr', 18, 1325, '2024-01-17', 54, 147),
  (244, NULL, 8, 252, '2024-06-25', 54, 79),
  (245, 'GolduckJr', 10, 555, '2024-01-22', 54, 55),
  (246, 'ElectrodeJr', 80, 2977, '2025-01-12', 54, 101),
  (247, NULL, 73, 540, '2024-04-12', 54, 150),
  (248, NULL, 41, 3908, '2025-02-26', 55, 28),
  (249, 'KadabraJr', 31, 2412, '2024-02-21', 55, 64),
  (250, 'PersianJr', 38, 171, '2024-06-12', 55, 53),
  (251, 'Nidoran-fJr', 41, 396, '2024-06-28', 55, 29),
  (252, NULL, 46, 4931, '2025-01-01', 55, 9),
  (253, 'EkansJr', 41, 253, '2024-09-14', 55, 23),
  (254, 'WartortleJr', 77, 1774, '2024-12-26', 56, 8),
  (255, NULL, 16, 4706, '2024-12-31', 56, 112),
  (256, 'EeveeJr', 60, 10, '2025-02-23', 56, 133),
  (257, 'RaichuJr', 11, 35, '2024-09-25', 56, 26),
  (258, 'MukJr', 67, 1511, '2024-06-27', 56, 89),
  (259, 'StarmieJr', 49, 4220, '2025-05-10', 56, 121),
  (260, 'DragonairJr', 15, 4016, '2024-09-12', 57, 148),
  (261, NULL, 76, 856, '2025-02-07', 57, 41),
  (262, 'TentacruelJr', 17, 3287, '2024-11-17', 57, 73),
  (263, 'GolduckJr', 16, 3458, '2025-04-20', 57, 55),
  (264, NULL, 52, 1688, '2025-03-30', 57, 60),
  (265, NULL, 34, 3775, '2024-07-13', 58, 68),
  (266, NULL, 9, 2854, '2024-03-05', 58, 110),
  (267, 'KabutoJr', 24, 3688, '2024-10-24', 58, 140),
  (268, NULL, 46, 1388, '2024-12-04', 58, 129),
  (269, 'GloomJr', 37, 4744, '2024-08-25', 58, 44),
  (270, 'NidorinoJr', 43, 1266, '2024-09-16', 59, 33),
  (271, 'SeelJr', 36, 2675, '2025-01-05', 59, 86),
  (272, NULL, 25, 1935, '2024-11-04', 59, 119),
  (273, NULL, 38, 833, '2024-06-16', 59, 61),
  (274, NULL, 43, 3562, '2024-03-16', 60, 27),
  (275, 'DugtrioJr', 18, 2300, '2024-05-20', 60, 51),
  (276, NULL, 64, 277, '2024-04-15', 60, 99),
  (277, 'JigglypuffJr', 60, 1822, '2024-01-07', 60, 39),
  (278, NULL, 60, 4702, '2024-01-03', 61, 119),
  (279, NULL, 58, 1872, '2024-10-27', 61, 6),
  (280, NULL, 79, 1872, '2024-12-07', 61, 37),
  (281, 'MachopJr', 20, 3718, '2024-12-13', 61, 66),
  (282, 'CuboneJr', 17, 3437, '2024-08-09', 61, 104),
  (283, 'ExeggutorJr', 57, 4245, '2024-09-04', 62, 103),
  (284, NULL, 28, 2687, '2024-12-11', 62, 41),
  (285, 'AlakazamJr', 67, 871, '2025-02-02', 62, 65),
  (286, 'KoffingJr', 32, 1317, '2024-01-20', 62, 109),
  (287, NULL, 65, 4195, '2024-08-21', 63, 133),
  (288, NULL, 52, 4273, '2024-01-09', 63, 90),
  (289, 'RaichuJr', 63, 1721, '2024-06-24', 63, 26),
  (290, 'DragonairJr', 70, 1002, '2024-12-16', 63, 148),
  (291, 'BeedrillJr', 58, 3445, '2024-02-01', 64, 15),
  (292, NULL, 50, 4752, '2024-11-17', 64, 65),
  (293, 'VictreebelJr', 43, 3280, '2024-05-15', 64, 71),
  (294, NULL, 33, 3210, '2025-04-26', 64, 98),
  (295, 'ExeggutorJr', 21, 564, '2024-08-24', 64, 103),
  (296, NULL, 57, 3834, '2024-06-29', 65, 121),
  (297, NULL, 21, 3845, '2024-05-30', 65, 144),
  (298, NULL, 34, 2190, '2024-06-30', 65, 58),
  (299, 'NinetalesJr', 37, 3490, '2024-12-26', 65, 38),
  (300, NULL, 46, 3928, '2024-05-05', 66, 124),
  (301, 'BulbasaurJr', 15, 2969, '2024-09-05', 66, 1),
  (302, NULL, 54, 467, '2024-03-19', 66, 72),
  (303, NULL, 46, 1150, '2024-02-13', 66, 92),
  (304, 'MewtwoJr', 17, 4738, '2024-12-01', 67, 150),
  (305, NULL, 28, 3702, '2024-03-14', 67, 4),
  (306, NULL, 31, 3297, '2024-06-26', 67, 3),
  (307, NULL, 16, 4493, '2025-02-09', 67, 54),
  (308, NULL, 43, 1616, '2025-02-07', 67, 19),
  (309, 'GolduckJr', 34, 1141, '2024-03-01', 68, 55),
  (310, 'FlareonJr', 12, 3967, '2024-08-30', 68, 136),
  (311, NULL, 67, 2019, '2024-08-27', 68, 21),
  (312, 'ChanseyJr', 5, 1313, '2024-09-12', 68, 113),
  (313, 'NidorinaJr', 77, 4076, '2025-03-06', 68, 30),
  (314, 'SnorlaxJr', 64, 3071, '2024-12-06', 68, 143),
  (315, 'LickitungJr', 47, 769, '2024-11-08', 69, 108),
  (316, 'RaticateJr', 23, 277, '2024-09-18', 69, 20),
  (317, NULL, 21, 2773, '2024-04-19', 69, 47),
  (318, NULL, 51, 2796, '2024-02-18', 69, 93),
  (319, NULL, 75, 1726, '2024-08-30', 69, 8),
  (320, 'CharizardJr', 59, 2060, '2024-05-25', 69, 6),
  (321, 'GravelerJr', 39, 4148, '2024-07-25', 70, 75),
  (322, NULL, 68, 966, '2024-06-25', 70, 91),
  (323, 'PinsirJr', 43, 1045, '2024-06-18', 70, 127),
  (324, 'MetapodJr', 78, 407, '2025-03-29', 71, 11),
  (325, 'ExeggutorJr', 5, 380, '2024-07-23', 71, 103),
  (326, NULL, 65, 4986, '2024-04-07', 71, 142),
  (327, 'MagikarpJr', 15, 1740, '2024-11-11', 72, 129),
  (328, NULL, 63, 1424, '2024-01-21', 72, 140),
  (329, NULL, 9, 3453, '2024-02-21', 72, 97),
  (330, 'CharmanderJr', 38, 2474, '2025-02-06', 73, 4),
  (331, 'OnixJr', 45, 167, '2024-04-04', 73, 95),
  (332, NULL, 79, 447, '2024-08-08', 73, 36),
  (333, NULL, 62, 550, '2024-12-22', 74, 146),
  (334, NULL, 80, 1272, '2024-01-08', 74, 134),
  (335, NULL, 75, 835, '2024-08-31', 74, 11),
  (336, NULL, 32, 1243, '2024-02-12', 74, 31),
  (337, 'LickitungJr', 5, 76, '2024-11-16', 74, 108),
  (338, NULL, 16, 1787, '2024-12-16', 74, 148),
  (339, NULL, 36, 3692, '2024-05-21', 75, 34),
  (340, NULL, 11, 2997, '2025-01-10', 75, 121),
  (341, NULL, 23, 690, '2025-01-31', 75, 5),
  (342, 'SnorlaxJr', 12, 120, '2025-01-02', 76, 143),
  (343, NULL, 15, 3186, '2025-03-28', 76, 128),
  (344, 'GoldeenJr', 26, 3984, '2024-06-08', 76, 118),
  (345, 'MachopJr', 52, 4710, '2024-11-07', 76, 66),
  (346, 'KakunaJr', 26, 1187, '2025-01-07', 76, 14),
  (347, 'HaunterJr', 62, 2228, '2024-09-01', 77, 93),
  (348, NULL, 47, 2395, '2025-02-05', 77, 42),
  (349, 'HitmonchanJr', 47, 4962, '2024-05-23', 77, 107),
  (350, NULL, 36, 3085, '2024-08-07', 78, 39),
  (351, NULL, 34, 3696, '2024-07-17', 78, 80),
  (352, NULL, 46, 2154, '2024-05-25', 78, 150),
  (353, 'KoffingJr', 78, 1204, '2025-03-02', 79, 109),
  (354, NULL, 75, 4095, '2024-05-20', 79, 41),
  (355, NULL, 74, 4535, '2024-06-26', 79, 151),
  (356, NULL, 30, 1917, '2024-09-05', 79, 11),
  (357, NULL, 55, 3811, '2024-06-07', 79, 74),
  (358, NULL, 73, 2909, '2024-08-23', 80, 66),
  (359, 'MewJr', 55, 4748, '2025-01-30', 80, 151),
  (360, NULL, 71, 2629, '2024-09-23', 80, 3),
  (361, NULL, 30, 1549, '2024-09-01', 80, 99),
  (362, NULL, 50, 3297, '2024-07-04', 81, 50),
  (363, NULL, 24, 2017, '2025-02-03', 81, 24),
  (364, NULL, 68, 3064, '2024-01-23', 81, 47),
  (365, 'GravelerJr', 64, 669, '2025-03-19', 81, 75),
  (366, NULL, 17, 275, '2024-09-22', 82, 81),
  (367, NULL, 77, 3983, '2024-04-14', 82, 8),
  (368, NULL, 38, 2292, '2024-10-27', 82, 89),
  (369, 'TentacoolJr', 62, 4858, '2024-08-06', 82, 72),
  (370, 'MachopJr', 8, 417, '2024-04-02', 83, 66),
  (371, NULL, 63, 3988, '2024-01-18', 83, 10),
  (372, NULL, 13, 4899, '2025-04-29', 83, 87),
  (373, 'MeowthJr', 20, 736, '2024-11-23', 83, 52),
  (374, 'MagnetonJr', 25, 3038, '2024-07-20', 84, 82),
  (375, 'ZapdosJr', 33, 1410, '2025-05-09', 84, 145),
  (376, NULL, 50, 485, '2024-01-20', 84, 60),
  (377, NULL, 8, 385, '2025-04-07', 84, 23),
  (378, NULL, 66, 456, '2024-05-12', 84, 130),
  (379, 'NinetalesJr', 43, 4831, '2025-04-25', 85, 38),
  (380, 'MagnetonJr', 18, 3856, '2024-10-29', 85, 82),
  (381, 'IvysaurJr', 54, 1016, '2024-06-14', 85, 2),
  (382, 'JynxJr', 6, 3833, '2025-02-17', 86, 124),
  (383, NULL, 9, 1285, '2025-01-02', 86, 98),
  (384, NULL, 14, 3056, '2025-04-19', 86, 44),
  (385, NULL, 62, 794, '2025-03-31', 86, 113),
  (386, NULL, 7, 615, '2025-04-19', 86, 62),
  (387, 'DewgongJr', 12, 1476, '2024-03-14', 87, 87),
  (388, 'FarfetchdJr', 23, 3596, '2024-12-31', 87, 83),
  (389, 'PoliwagJr', 58, 3373, '2025-03-21', 87, 60),
  (390, 'ScytherJr', 39, 4677, '2024-05-06', 87, 123),
  (391, 'NidorinaJr', 26, 2135, '2025-03-05', 87, 30),
  (392, 'GengarJr', 63, 3952, '2024-09-08', 87, 94),
  (393, NULL, 32, 4587, '2024-11-19', 88, 40),
  (394, NULL, 20, 2111, '2024-09-01', 88, 132),
  (395, 'BeedrillJr', 51, 3539, '2025-01-21', 88, 15),
  (396, NULL, 12, 2404, '2024-07-31', 89, 62),
  (397, NULL, 7, 3621, '2024-03-14', 89, 61),
  (398, NULL, 70, 1148, '2025-02-17', 89, 25),
  (399, 'VoltorbJr', 72, 2346, '2024-08-14', 89, 100),
  (400, 'GravelerJr', 10, 3350, '2024-04-05', 89, 75);

INSERT INTO `Time_Treinador` (`id_instancia`, `apelido`, `nivel`, `experiencia`, `data_captura`, `Treinador_id_treinador`, `Pokemon_id_especie`) VALUES
  (401, 'VictreebelJr', 34, 1438, '2025-03-07', 90, 71),
  (402, NULL, 16, 4985, '2024-04-10', 90, 147),
  (403, 'ParasectJr', 40, 1436, '2025-01-09', 90, 47),
  (404, 'ClefableJr', 29, 4775, '2024-04-15', 90, 36),
  (405, NULL, 12, 4247, '2025-03-06', 91, 52),
  (406, 'VenusaurJr', 41, 4038, '2025-02-19', 91, 3),
  (407, 'PidgeottoJr', 66, 1091, '2024-02-16', 91, 17),
  (408, NULL, 36, 1524, '2025-03-22', 91, 134),
  (409, NULL, 51, 300, '2024-10-15', 91, 105),
  (410, NULL, 71, 584, '2024-09-23', 92, 96),
  (411, 'DragonairJr', 36, 2629, '2024-03-02', 92, 148),
  (412, NULL, 53, 4721, '2025-02-02', 92, 2),
  (413, NULL, 42, 882, '2025-01-19', 92, 92),
  (414, 'KangaskhanJr', 16, 1832, '2024-01-11', 93, 115),
  (415, 'DittoJr', 18, 2555, '2024-11-12', 93, 132),
  (416, NULL, 8, 159, '2024-05-08', 93, 7),
  (417, NULL, 29, 2141, '2024-02-19', 93, 136),
  (418, NULL, 78, 3800, '2024-01-10', 93, 138),
  (419, 'ClefairyJr', 61, 842, '2024-09-24', 93, 35),
  (420, 'PikachuJr', 69, 2290, '2024-08-26', 94, 25),
  (421, 'ParasJr', 56, 1121, '2024-02-26', 94, 46),
  (422, NULL, 34, 1206, '2024-10-04', 94, 12),
  (423, NULL, 55, 1346, '2024-12-08', 94, 70),
  (424, NULL, 54, 3444, '2025-04-30', 94, 32),
  (425, 'ExeggcuteJr', 47, 3568, '2024-06-22', 95, 102),
  (426, NULL, 46, 3281, '2025-03-07', 95, 14),
  (427, NULL, 46, 4238, '2025-03-09', 95, 93),
  (428, 'CloysterJr', 28, 567, '2024-07-05', 96, 91),
  (429, 'KadabraJr', 69, 170, '2024-06-15', 96, 64),
  (430, 'KoffingJr', 55, 3716, '2024-04-25', 96, 109),
  (431, 'VenusaurJr', 10, 281, '2024-11-20', 96, 3),
  (432, NULL, 60, 1938, '2024-03-03', 97, 70),
  (433, 'OmastarJr', 19, 2501, '2025-05-01', 97, 139),
  (434, NULL, 20, 494, '2024-06-26', 97, 10),
  (435, NULL, 70, 2198, '2024-10-31', 97, 26),
  (436, 'AlakazamJr', 73, 1215, '2024-02-13', 97, 65),
  (437, 'Nidoran-mJr', 16, 4475, '2024-05-27', 98, 32),
  (438, NULL, 77, 1815, '2024-05-27', 98, 131),
  (439, 'NidokingJr', 75, 3004, '2024-11-28', 98, 34),
  (440, NULL, 43, 3914, '2024-08-23', 98, 76),
  (441, NULL, 8, 1984, '2024-08-28', 98, 105),
  (442, 'DragonairJr', 70, 4472, '2024-06-19', 98, 148),
  (443, NULL, 67, 2211, '2024-06-14', 99, 150),
  (444, NULL, 32, 2420, '2024-05-25', 99, 102),
  (445, NULL, 25, 4514, '2024-01-30', 99, 4),
  (446, NULL, 49, 3604, '2024-02-04', 99, 91),
  (447, 'GolbatJr', 54, 3603, '2024-12-02', 99, 42),
  (448, NULL, 18, 4267, '2024-06-30', 99, 62),
  (449, NULL, 40, 4241, '2024-03-12', 100, 40),
  (450, NULL, 65, 2201, '2024-02-18', 100, 107),
  (451, NULL, 21, 3383, '2025-02-05', 100, 87),
  (452, 'CloysterJr', 57, 4505, '2025-03-21', 100, 91),
  (453, 'TaurosJr', 40, 4975, '2024-03-17', 101, 128),
  (454, 'ExeggcuteJr', 62, 3751, '2024-02-26', 101, 102),
  (455, NULL, 42, 2891, '2024-05-27', 101, 147),
  (456, 'JolteonJr', 28, 4398, '2024-07-13', 102, 135),
  (457, NULL, 60, 4713, '2024-06-04', 102, 143),
  (458, NULL, 16, 2704, '2024-07-12', 102, 99),
  (459, NULL, 36, 2669, '2024-06-14', 102, 83),
  (460, NULL, 6, 209, '2024-04-14', 102, 2),
  (461, 'TaurosJr', 68, 2456, '2024-01-25', 102, 128),
  (462, 'OmanyteJr', 49, 3711, '2024-08-25', 103, 138),
  (463, 'RhydonJr', 13, 4302, '2025-04-30', 103, 112),
  (464, 'EeveeJr', 52, 4103, '2024-04-27', 103, 133),
  (465, NULL, 78, 1263, '2024-07-24', 103, 111),
  (466, 'VoltorbJr', 58, 3987, '2025-03-26', 103, 100),
  (467, 'ChanseyJr', 14, 2544, '2024-07-04', 104, 113),
  (468, 'MewJr', 42, 2812, '2024-09-19', 104, 151),
  (469, NULL, 70, 3447, '2025-02-24', 104, 88),
  (470, 'FlareonJr', 42, 4191, '2024-11-19', 104, 136),
  (471, NULL, 29, 3377, '2024-04-16', 104, 24),
  (472, 'GloomJr', 77, 4940, '2024-04-03', 104, 44),
  (473, 'CloysterJr', 5, 2512, '2024-12-20', 105, 91),
  (474, NULL, 5, 2494, '2024-12-29', 105, 146),
  (475, NULL, 80, 126, '2024-07-22', 105, 11),
  (476, NULL, 39, 4353, '2025-01-28', 106, 51),
  (477, NULL, 78, 1626, '2024-09-20', 106, 45),
  (478, NULL, 23, 1284, '2024-07-29', 106, 128),
  (479, NULL, 67, 3829, '2024-03-28', 107, 8),
  (480, 'RaichuJr', 12, 102, '2024-11-09', 107, 26),
  (481, NULL, 46, 1179, '2024-12-16', 107, 20),
  (482, NULL, 79, 516, '2024-05-16', 108, 91),
  (483, 'VictreebelJr', 54, 160, '2024-06-27', 108, 71),
  (484, 'GloomJr', 55, 4773, '2024-01-28', 108, 44),
  (485, NULL, 61, 447, '2025-01-26', 108, 9),
  (486, NULL, 27, 2578, '2025-04-21', 109, 64),
  (487, NULL, 63, 2487, '2024-01-04', 109, 58),
  (488, NULL, 68, 553, '2024-08-02', 109, 12),
  (489, NULL, 79, 1813, '2024-05-04', 109, 41),
  (490, 'SlowbroJr', 53, 1528, '2024-03-29', 110, 80),
  (491, NULL, 42, 3244, '2024-01-04', 110, 103),
  (492, 'ElectabuzzJr', 47, 4372, '2024-10-14', 110, 125),
  (493, 'CharizardJr', 56, 536, '2025-03-22', 110, 6),
  (494, 'AbraJr', 49, 4537, '2025-05-07', 110, 63),
  (495, 'EkansJr', 64, 2323, '2024-05-05', 110, 23),
  (496, NULL, 35, 1063, '2024-06-23', 111, 61),
  (497, 'RhydonJr', 74, 1046, '2024-02-17', 111, 112),
  (498, 'BlastoiseJr', 35, 1304, '2024-10-11', 111, 9),
  (499, 'TentacoolJr', 56, 3087, '2024-07-07', 111, 72),
  (500, NULL, 31, 2435, '2024-11-18', 111, 7),
  (501, NULL, 80, 3014, '2024-11-01', 112, 130),
  (502, 'PersianJr', 70, 1741, '2024-09-30', 112, 53),
  (503, NULL, 20, 4202, '2024-03-05', 112, 59),
  (504, NULL, 39, 3152, '2024-02-16', 112, 116),
  (505, NULL, 77, 1188, '2024-01-15', 112, 34),
  (506, 'MachokeJr', 16, 1450, '2024-06-08', 112, 67),
  (507, NULL, 69, 2432, '2024-10-14', 113, 83),
  (508, 'VenomothJr', 44, 720, '2024-04-08', 113, 49),
  (509, 'SandslashJr', 56, 2313, '2024-04-25', 113, 28),
  (510, 'PidgeotJr', 64, 1082, '2024-07-01', 113, 18),
  (511, NULL, 64, 2035, '2024-01-13', 114, 46),
  (512, 'WartortleJr', 17, 1488, '2025-03-09', 114, 8),
  (513, 'GengarJr', 33, 331, '2024-05-29', 114, 94),
  (514, 'ShellderJr', 25, 3528, '2024-07-26', 114, 90),
  (515, NULL, 24, 3119, '2024-04-11', 114, 106),
  (516, NULL, 77, 4078, '2024-10-16', 115, 142),
  (517, NULL, 60, 4712, '2025-01-01', 115, 80),
  (518, NULL, 19, 2345, '2024-06-27', 115, 46),
  (519, 'MewtwoJr', 45, 1721, '2024-12-14', 116, 150),
  (520, NULL, 16, 3417, '2025-02-01', 116, 13),
  (521, NULL, 33, 2303, '2024-12-21', 116, 63),
  (522, 'ShellderJr', 69, 3709, '2025-04-21', 117, 90),
  (523, 'KoffingJr', 31, 3509, '2024-09-17', 117, 109),
  (524, NULL, 21, 4010, '2024-12-10', 117, 114),
  (525, 'ButterfreeJr', 35, 4455, '2024-10-06', 118, 12),
  (526, 'ArticunoJr', 12, 1376, '2024-05-13', 118, 144),
  (527, 'MachokeJr', 16, 1649, '2024-07-02', 118, 67),
  (528, 'VileplumeJr', 22, 3984, '2024-11-21', 118, 45),
  (529, NULL, 43, 1092, '2025-04-24', 119, 61),
  (530, NULL, 80, 4614, '2025-03-28', 119, 62),
  (531, 'IvysaurJr', 20, 4491, '2024-05-03', 119, 2),
  (532, NULL, 26, 1268, '2024-08-05', 119, 132),
  (533, NULL, 56, 1690, '2024-11-02', 119, 114),
  (534, NULL, 6, 2953, '2024-02-28', 119, 35),
  (535, NULL, 62, 925, '2024-02-26', 120, 53),
  (536, 'ButterfreeJr', 64, 4662, '2024-03-23', 120, 12),
  (537, 'PidgeyJr', 76, 588, '2024-07-04', 120, 16),
  (538, 'TentacoolJr', 67, 687, '2024-01-24', 120, 72),
  (539, NULL, 77, 2166, '2025-01-17', 120, 78),
  (540, NULL, 60, 4000, '2024-02-25', 120, 51);

-- Tabela: Golpe (catálogo de golpes)
INSERT INTO `Golpe` (`id_golpe`, `nome`, `tipo`, `poder`, `precisao`, `pp_maximo`) VALUES
  (1, 'Pound', 'Normal', 40, 100, 35),
  (2, 'Karate Chop', 'Fighting', 50, 100, 25),
  (3, 'Double Slap', 'Normal', 15, 85, 10),
  (4, 'Comet Punch', 'Normal', 18, 85, 15),
  (5, 'Mega Punch', 'Normal', 80, 85, 20),
  (6, 'Pay Day', 'Normal', 40, 100, 20),
  (7, 'Fire Punch', 'Fire', 75, 100, 15),
  (8, 'Ice Punch', 'Ice', 75, 100, 15),
  (9, 'Thunder Punch', 'Electric', 75, 100, 15),
  (10, 'Scratch', 'Normal', 40, 100, 35),
  (11, 'Vice Grip', 'Normal', 55, 100, 30),
  (12, 'Guillotine', 'Normal', NULL, 30, 5),
  (13, 'Razor Wind', 'Normal', 80, 100, 10),
  (14, 'Swords Dance', 'Normal', NULL, NULL, 20),
  (15, 'Cut', 'Normal', 50, 95, 30),
  (16, 'Gust', 'Flying', 40, 100, 35),
  (17, 'Wing Attack', 'Flying', 60, 100, 35),
  (18, 'Whirlwind', 'Normal', NULL, NULL, 20),
  (19, 'Fly', 'Flying', 90, 95, 15),
  (20, 'Bind', 'Normal', 15, 85, 20),
  (21, 'Slam', 'Normal', 80, 75, 20),
  (22, 'Vine Whip', 'Grass', 45, 100, 25),
  (23, 'Stomp', 'Normal', 65, 100, 20),
  (24, 'Double Kick', 'Fighting', 30, 100, 30),
  (25, 'Mega Kick', 'Normal', 120, 75, 5),
  (26, 'Jump Kick', 'Fighting', 100, 95, 10),
  (27, 'Rolling Kick', 'Fighting', 60, 85, 15),
  (28, 'Sand Attack', 'Ground', NULL, 100, 15),
  (29, 'Headbutt', 'Normal', 70, 100, 15),
  (30, 'Horn Attack', 'Normal', 65, 100, 25),
  (31, 'Fury Attack', 'Normal', 15, 85, 20),
  (32, 'Horn Drill', 'Normal', NULL, 30, 5),
  (33, 'Tackle', 'Normal', 40, 100, 35),
  (34, 'Body Slam', 'Normal', 85, 100, 15),
  (35, 'Wrap', 'Normal', 15, 90, 20),
  (36, 'Take Down', 'Normal', 90, 85, 20),
  (37, 'Thrash', 'Normal', 120, 100, 10),
  (38, 'Double Edge', 'Normal', 120, 100, 15),
  (39, 'Tail Whip', 'Normal', NULL, 100, 30),
  (40, 'Poison Sting', 'Poison', 15, 100, 35),
  (41, 'Twineedle', 'Bug', 25, 100, 20),
  (42, 'Pin Missile', 'Bug', 25, 95, 20),
  (43, 'Leer', 'Normal', NULL, 100, 30),
  (44, 'Bite', 'Dark', 60, 100, 25),
  (45, 'Growl', 'Normal', NULL, 100, 40),
  (46, 'Roar', 'Normal', NULL, NULL, 20),
  (47, 'Sing', 'Normal', NULL, 55, 15),
  (48, 'Supersonic', 'Normal', NULL, 55, 20),
  (49, 'Sonic Boom', 'Normal', NULL, 90, 20),
  (50, 'Disable', 'Normal', NULL, 100, 20),
  (51, 'Acid', 'Poison', 40, 100, 30),
  (52, 'Ember', 'Fire', 40, 100, 25),
  (53, 'Flamethrower', 'Fire', 90, 100, 15),
  (54, 'Mist', 'Ice', NULL, NULL, 30),
  (55, 'Water Gun', 'Water', 40, 100, 25),
  (56, 'Hydro Pump', 'Water', 110, 80, 5),
  (57, 'Surf', 'Water', 90, 100, 15),
  (58, 'Ice Beam', 'Ice', 90, 100, 10),
  (59, 'Blizzard', 'Ice', 110, 70, 5),
  (60, 'Psybeam', 'Psychic', 65, 100, 20),
  (61, 'Bubble Beam', 'Water', 65, 100, 20),
  (62, 'Aurora Beam', 'Ice', 65, 100, 20),
  (63, 'Hyper Beam', 'Normal', 150, 90, 5),
  (64, 'Peck', 'Flying', 35, 100, 35),
  (65, 'Drill Peck', 'Flying', 80, 100, 20),
  (66, 'Submission', 'Fighting', 80, 80, 20),
  (67, 'Low Kick', 'Fighting', NULL, 100, 20),
  (68, 'Counter', 'Fighting', NULL, 100, 20),
  (69, 'Seismic Toss', 'Fighting', NULL, 100, 20),
  (70, 'Strength', 'Normal', 80, 100, 15),
  (71, 'Absorb', 'Grass', 20, 100, 25),
  (72, 'Mega Drain', 'Grass', 40, 100, 15),
  (73, 'Leech Seed', 'Grass', NULL, 90, 10),
  (74, 'Growth', 'Normal', NULL, NULL, 20),
  (75, 'Razor Leaf', 'Grass', 55, 95, 25),
  (76, 'Solar Beam', 'Grass', 120, 100, 10),
  (77, 'Poison Powder', 'Poison', NULL, 75, 35),
  (78, 'Stun Spore', 'Grass', NULL, 75, 30),
  (79, 'Sleep Powder', 'Grass', NULL, 75, 15),
  (80, 'Petal Dance', 'Grass', 120, 100, 10),
  (81, 'String Shot', 'Bug', NULL, 95, 40),
  (82, 'Dragon Rage', 'Dragon', NULL, 100, 10),
  (83, 'Fire Spin', 'Fire', 35, 85, 15),
  (84, 'Thunder Shock', 'Electric', 40, 100, 30),
  (85, 'Thunderbolt', 'Electric', 90, 100, 15),
  (86, 'Thunder Wave', 'Electric', NULL, 90, 20),
  (87, 'Thunder', 'Electric', 110, 70, 10),
  (88, 'Rock Throw', 'Rock', 50, 90, 15),
  (89, 'Earthquake', 'Ground', 100, 100, 10),
  (90, 'Fissure', 'Ground', NULL, 30, 5),
  (91, 'Dig', 'Ground', 80, 100, 10),
  (92, 'Toxic', 'Poison', NULL, 90, 10),
  (93, 'Confusion', 'Psychic', 50, 100, 25),
  (94, 'Psychic', 'Psychic', 90, 100, 10),
  (95, 'Hypnosis', 'Psychic', NULL, 60, 20),
  (96, 'Meditate', 'Psychic', NULL, NULL, 40),
  (97, 'Agility', 'Psychic', NULL, NULL, 30),
  (98, 'Quick Attack', 'Normal', 40, 100, 30),
  (99, 'Rage', 'Normal', 20, 100, 20),
  (100, 'Teleport', 'Psychic', NULL, NULL, 20),
  (101, 'Night Shade', 'Ghost', NULL, 100, 15),
  (102, 'Mimic', 'Normal', NULL, NULL, 10),
  (103, 'Screech', 'Normal', NULL, 85, 40),
  (104, 'Double Team', 'Normal', NULL, NULL, 15),
  (105, 'Recover', 'Normal', NULL, NULL, 5),
  (106, 'Harden', 'Normal', NULL, NULL, 30),
  (107, 'Minimize', 'Normal', NULL, NULL, 10),
  (108, 'Smokescreen', 'Normal', NULL, 100, 20),
  (109, 'Confuse Ray', 'Ghost', NULL, 100, 10),
  (110, 'Withdraw', 'Water', NULL, NULL, 40);

-- Tabela: Batalha (histórico do torneio)
INSERT INTO `Batalha` (`id_batalha`, `data_batalha`, `fase_torneio`, `Treinador_id_treinador`, `Treinador_id_treinador1`, `id_vencedor`) VALUES
  (1, '2025-02-28', 'Fase de Grupos', 66, 69, 69),
  (2, '2025-02-17', 'Fase de Grupos', 66, 27, 27),
  (3, '2025-02-28', 'Fase de Grupos', 69, 27, 69),
  (4, '2025-02-08', 'Fase de Grupos', 3, 67, 3),
  (5, '2025-02-23', 'Fase de Grupos', 3, 41, 41),
  (6, '2025-02-05', 'Fase de Grupos', 67, 41, 67),
  (7, '2025-02-18', 'Fase de Grupos', 19, 83, 83),
  (8, '2025-02-08', 'Fase de Grupos', 63, 114, 63),
  (9, '2025-03-01', 'Fase de Grupos', 63, 118, 63),
  (10, '2025-02-18', 'Fase de Grupos', 114, 118, 114),
  (11, '2025-02-08', 'Fase de Grupos', 59, 55, 59),
  (12, '2025-02-21', 'Fase de Grupos', 59, 115, 115),
  (13, '2025-02-07', 'Fase de Grupos', 55, 115, 55),
  (14, '2025-02-23', 'Fase de Grupos', 51, 12, 12),
  (15, '2025-02-28', 'Fase de Grupos', 62, 112, 62),
  (16, '2025-02-22', 'Fase de Grupos', 62, 99, 99),
  (17, '2025-02-26', 'Fase de Grupos', 112, 99, 112),
  (18, '2025-02-05', 'Fase de Grupos', 26, 64, 64),
  (19, '2025-02-21', 'Fase de Grupos', 26, 113, 26),
  (20, '2025-02-15', 'Fase de Grupos', 64, 113, 64),
  (21, '2025-02-18', 'Fase de Grupos', 100, 46, 46),
  (22, '2025-02-13', 'Fase de Grupos', 65, 80, 65),
  (23, '2025-02-02', 'Fase de Grupos', 65, 5, 65),
  (24, '2025-02-02', 'Fase de Grupos', 80, 5, 5),
  (25, '2025-02-23', 'Fase de Grupos', 60, 28, 60),
  (26, '2025-02-15', 'Fase de Grupos', 60, 109, 60),
  (27, '2025-02-04', 'Fase de Grupos', 28, 109, 109),
  (28, '2025-02-14', 'Fase de Grupos', 4, 2, 4),
  (29, '2025-02-12', 'Fase de Grupos', 23, 76, 23),
  (30, '2025-02-26', 'Fase de Grupos', 23, 97, 97),
  (31, '2025-02-27', 'Fase de Grupos', 76, 97, 76),
  (32, '2025-02-04', 'Fase de Grupos', 29, 7, 7),
  (33, '2025-02-12', 'Fase de Grupos', 29, 49, 29),
  (34, '2025-02-24', 'Fase de Grupos', 7, 49, 49),
  (35, '2025-02-02', 'Fase de Grupos', 96, 42, 42),
  (36, '2025-02-22', 'Fase de Grupos', 36, 61, 36),
  (37, '2025-02-09', 'Fase de Grupos', 36, 58, 36),
  (38, '2025-02-07', 'Fase de Grupos', 61, 58, 58),
  (39, '2025-02-01', 'Fase de Grupos', 9, 52, 52),
  (40, '2025-02-04', 'Fase de Grupos', 9, 117, 117),
  (41, '2025-02-16', 'Fase de Grupos', 52, 117, 52),
  (42, '2025-02-03', 'Fase de Grupos', 18, 70, 18),
  (43, '2025-02-19', 'Fase de Grupos', 35, 93, 35),
  (44, '2025-02-18', 'Fase de Grupos', 35, 92, 92),
  (45, '2025-02-15', 'Fase de Grupos', 93, 92, 92),
  (46, '2025-02-01', 'Fase de Grupos', 103, 89, 103),
  (47, '2025-02-05', 'Fase de Grupos', 103, 110, 110),
  (48, '2025-02-17', 'Fase de Grupos', 89, 110, 110),
  (49, '2025-02-28', 'Fase de Grupos', 11, 101, 101),
  (50, '2025-02-06', 'Fase de Grupos', 47, 98, 98),
  (51, '2025-02-13', 'Fase de Grupos', 47, 75, 75),
  (52, '2025-02-28', 'Fase de Grupos', 98, 75, 98),
  (53, '2025-02-12', 'Fase de Grupos', 15, 6, 15),
  (54, '2025-02-17', 'Fase de Grupos', 15, 40, 40),
  (55, '2025-02-10', 'Fase de Grupos', 6, 40, 6),
  (56, '2025-02-19', 'Fase de Grupos', 32, 25, 32),
  (57, '2025-02-19', 'Fase de Grupos', 78, 44, 44),
  (58, '2025-02-13', 'Fase de Grupos', 78, 91, 91),
  (59, '2025-02-11', 'Fase de Grupos', 44, 91, 91),
  (60, '2025-02-11', 'Fase de Grupos', 45, 8, 45),
  (61, '2025-02-11', 'Fase de Grupos', 45, 14, 14),
  (62, '2025-02-01', 'Fase de Grupos', 8, 14, 8),
  (63, '2025-02-09', 'Fase de Grupos', 17, 50, 17),
  (64, '2025-02-09', 'Fase de Grupos', 17, 85, 85),
  (65, '2025-02-17', 'Fase de Grupos', 50, 85, 50),
  (66, '2025-02-12', 'Fase de Grupos', 10, 31, 31),
  (67, '2025-02-23', 'Fase de Grupos', 10, 22, 10),
  (68, '2025-02-18', 'Fase de Grupos', 31, 22, 31),
  (69, '2025-02-26', 'Fase de Grupos', 73, 34, 34),
  (70, '2025-02-26', 'Fase de Grupos', 73, 1, 1),
  (71, '2025-02-28', 'Fase de Grupos', 34, 1, 34),
  (72, '2025-02-22', 'Fase de Grupos', 72, 106, 72),
  (73, '2025-02-10', 'Fase de Grupos', 72, 88, 72),
  (74, '2025-02-24', 'Fase de Grupos', 106, 88, 88),
  (75, '2025-02-02', 'Fase de Grupos', 57, 104, 104),
  (76, '2025-02-22', 'Fase de Grupos', 57, 105, 105),
  (77, '2025-03-01', 'Fase de Grupos', 104, 105, 105),
  (78, '2025-02-17', 'Fase de Grupos', 111, 87, 87),
  (79, '2025-03-01', 'Fase de Grupos', 111, 68, 68),
  (80, '2025-02-26', 'Fase de Grupos', 87, 68, 87),
  (81, '2025-02-13', 'Fase de Grupos', 120, 43, 43),
  (82, '2025-02-13', 'Fase de Grupos', 120, 77, 77),
  (83, '2025-02-06', 'Fase de Grupos', 43, 77, 77),
  (84, '2025-02-05', 'Fase de Grupos', 119, 71, 119),
  (85, '2025-02-24', 'Fase de Grupos', 119, 82, 82),
  (86, '2025-02-09', 'Fase de Grupos', 71, 82, 82),
  (87, '2025-02-19', 'Fase de Grupos', 54, 56, 54),
  (88, '2025-02-10', 'Fase de Grupos', 54, 13, 54),
  (89, '2025-02-15', 'Fase de Grupos', 56, 13, 13),
  (90, '2025-02-25', 'Fase de Grupos', 39, 102, 102),
  (91, '2025-02-24', 'Fase de Grupos', 39, 24, 24),
  (92, '2025-02-27', 'Fase de Grupos', 102, 24, 102),
  (93, '2025-02-21', 'Fase de Grupos', 116, 86, 116),
  (94, '2025-02-08', 'Fase de Grupos', 116, 74, 74),
  (95, '2025-02-07', 'Fase de Grupos', 86, 74, 86),
  (96, '2025-02-13', 'Fase de Grupos', 20, 95, 20),
  (97, '2025-02-07', 'Fase de Grupos', 20, 48, 48),
  (98, '2025-02-28', 'Fase de Grupos', 95, 48, 48),
  (99, '2025-02-20', 'Fase de Grupos', 16, 107, 16),
  (100, '2025-02-03', 'Fase de Grupos', 16, 53, 16),
  (101, '2025-02-26', 'Fase de Grupos', 107, 53, 107),
  (102, '2025-02-24', 'Fase de Grupos', 21, 30, 30),
  (103, '2025-02-01', 'Fase de Grupos', 21, 38, 21),
  (104, '2025-02-09', 'Fase de Grupos', 30, 38, 30),
  (105, '2025-03-15', 'Oitavas de Final', 31, 92, 31),
  (106, '2025-03-21', 'Oitavas de Final', 91, 63, 63),
  (107, '2025-03-19', 'Oitavas de Final', 64, 23, 23),
  (108, '2025-03-17', 'Oitavas de Final', 105, 98, 98),
  (109, '2025-03-21', 'Oitavas de Final', 77, 48, 48),
  (110, '2025-03-15', 'Oitavas de Final', 54, 65, 54),
  (111, '2025-03-19', 'Oitavas de Final', 16, 36, 36),
  (112, '2025-03-15', 'Oitavas de Final', 34, 69, 69),
  (113, '2025-04-09', 'Quartas de Final', 31, 63, 63),
  (114, '2025-04-06', 'Quartas de Final', 23, 98, 98),
  (115, '2025-04-05', 'Quartas de Final', 48, 54, 48),
  (116, '2025-04-06', 'Quartas de Final', 36, 69, 36),
  (117, '2025-04-30', 'Semifinal', 63, 98, 63),
  (118, '2025-04-28', 'Semifinal', 48, 36, 48),
  (119, '2025-05-17', 'Terceiro Lugar', 98, 36, 36),
  (120, '2025-05-26', 'Final', 63, 48, 48);

SET FOREIGN_KEY_CHECKS = 1;
