USE Pokemon_Torneio;
SET FOREIGN_KEY_CHECKS = 0;

-- Tabela: Pokemon (catálogo de espécies)
INSERT INTO `Pokemon` (`id_especie`, `nome_especie`, `tipo_base`, `tipo_secundario`, `evolui_para_id`) VALUES
  (1, 'Bulbasaur', 'Grass', 'Poison', 2),
  (2, 'Ivysaur', 'Grass', 'Poison', 3),
  (3, 'Venusaur', 'Grass', 'Poison', NULL),
  (4, 'Charmander', 'Fire', NULL, 5),
  (5, 'Charmeleon', 'Fire', NULL, 6),
  (6, 'Charizard', 'Fire', 'Flying', NULL),
  (7, 'Squirtle', 'Water', NULL, 8),
  (8, 'Wartortle', 'Water', NULL, 9),
  (9, 'Blastoise', 'Water', NULL, NULL),
  (10, 'Caterpie', 'Bug', NULL, 11),
  (11, 'Metapod', 'Bug', NULL, 12),
  (12, 'Butterfree', 'Bug', 'Flying', NULL),
  (13, 'Weedle', 'Bug', 'Poison', 14),
  (14, 'Kakuna', 'Bug', 'Poison', 15),
  (15, 'Beedrill', 'Bug', 'Poison', NULL),
  (16, 'Pidgey', 'Normal', 'Flying', 17),
  (17, 'Pidgeotto', 'Normal', 'Flying', 18),
  (18, 'Pidgeot', 'Normal', 'Flying', NULL),
  (19, 'Rattata', 'Normal', NULL, 20),
  (20, 'Raticate', 'Normal', NULL, NULL),
  (21, 'Spearow', 'Normal', 'Flying', 22),
  (22, 'Fearow', 'Normal', 'Flying', NULL),
  (23, 'Ekans', 'Poison', NULL, 24),
  (24, 'Arbok', 'Poison', NULL, NULL),
  (25, 'Pikachu', 'Electric', NULL, 26),
  (26, 'Raichu', 'Electric', NULL, NULL),
  (27, 'Sandshrew', 'Ground', NULL, 28),
  (28, 'Sandslash', 'Ground', NULL, NULL),
  (29, 'Nidoran-f', 'Poison', NULL, 30),
  (30, 'Nidorina', 'Poison', NULL, 31),
  (31, 'Nidoqueen', 'Poison', 'Ground', NULL),
  (32, 'Nidoran-m', 'Poison', NULL, 33),
  (33, 'Nidorino', 'Poison', NULL, 34),
  (34, 'Nidoking', 'Poison', 'Ground', NULL),
  (35, 'Clefairy', 'Fairy', NULL, 36),
  (36, 'Clefable', 'Fairy', NULL, NULL),
  (37, 'Vulpix', 'Fire', NULL, 38),
  (38, 'Ninetales', 'Fire', NULL, NULL),
  (39, 'Jigglypuff', 'Normal', 'Fairy', 40),
  (40, 'Wigglytuff', 'Normal', 'Fairy', NULL),
  (41, 'Zubat', 'Poison', 'Flying', 42),
  (42, 'Golbat', 'Poison', 'Flying', NULL),
  (43, 'Oddish', 'Grass', 'Poison', 44),
  (44, 'Gloom', 'Grass', 'Poison', 45),
  (45, 'Vileplume', 'Grass', 'Poison', NULL),
  (46, 'Paras', 'Bug', 'Grass', 47),
  (47, 'Parasect', 'Bug', 'Grass', NULL),
  (48, 'Venonat', 'Bug', 'Poison', 49),
  (49, 'Venomoth', 'Bug', 'Poison', NULL),
  (50, 'Diglett', 'Ground', NULL, 51),
  (51, 'Dugtrio', 'Ground', NULL, NULL),
  (52, 'Meowth', 'Normal', NULL, 53),
  (53, 'Persian', 'Normal', NULL, NULL),
  (54, 'Psyduck', 'Water', NULL, 55),
  (55, 'Golduck', 'Water', NULL, NULL),
  (56, 'Mankey', 'Fighting', NULL, 57),
  (57, 'Primeape', 'Fighting', NULL, NULL),
  (58, 'Growlithe', 'Fire', NULL, 59),
  (59, 'Arcanine', 'Fire', NULL, NULL),
  (60, 'Poliwag', 'Water', NULL, 61),
  (61, 'Poliwhirl', 'Water', NULL, 62),
  (62, 'Poliwrath', 'Water', 'Fighting', NULL),
  (63, 'Abra', 'Psychic', NULL, 64),
  (64, 'Kadabra', 'Psychic', NULL, 65),
  (65, 'Alakazam', 'Psychic', NULL, NULL),
  (66, 'Machop', 'Fighting', NULL, 67),
  (67, 'Machoke', 'Fighting', NULL, 68),
  (68, 'Machamp', 'Fighting', NULL, NULL),
  (69, 'Bellsprout', 'Grass', 'Poison', 70),
  (70, 'Weepinbell', 'Grass', 'Poison', 71),
  (71, 'Victreebel', 'Grass', 'Poison', NULL),
  (72, 'Tentacool', 'Water', 'Poison', 73),
  (73, 'Tentacruel', 'Water', 'Poison', NULL),
  (74, 'Geodude', 'Rock', 'Ground', 75),
  (75, 'Graveler', 'Rock', 'Ground', 76),
  (76, 'Golem', 'Rock', 'Ground', NULL),
  (77, 'Ponyta', 'Fire', NULL, 78),
  (78, 'Rapidash', 'Fire', NULL, NULL),
  (79, 'Slowpoke', 'Water', 'Psychic', 80),
  (80, 'Slowbro', 'Water', 'Psychic', NULL),
  (81, 'Magnemite', 'Electric', 'Steel', 82),
  (82, 'Magneton', 'Electric', 'Steel', NULL),
  (83, 'Farfetchd', 'Normal', 'Flying', NULL),
  (84, 'Doduo', 'Normal', 'Flying', 85),
  (85, 'Dodrio', 'Normal', 'Flying', NULL),
  (86, 'Seel', 'Water', NULL, 87),
  (87, 'Dewgong', 'Water', 'Ice', NULL),
  (88, 'Grimer', 'Poison', NULL, 89),
  (89, 'Muk', 'Poison', NULL, NULL),
  (90, 'Shellder', 'Water', NULL, 91),
  (91, 'Cloyster', 'Water', 'Ice', NULL),
  (92, 'Gastly', 'Ghost', 'Poison', 93),
  (93, 'Haunter', 'Ghost', 'Poison', 94),
  (94, 'Gengar', 'Ghost', 'Poison', NULL),
  (95, 'Onix', 'Rock', 'Ground', NULL),
  (96, 'Drowzee', 'Psychic', NULL, 97),
  (97, 'Hypno', 'Psychic', NULL, NULL),
  (98, 'Krabby', 'Water', NULL, 99),
  (99, 'Kingler', 'Water', NULL, NULL),
  (100, 'Voltorb', 'Electric', NULL, 101),
  (101, 'Electrode', 'Electric', NULL, NULL),
  (102, 'Exeggcute', 'Grass', 'Psychic', 103),
  (103, 'Exeggutor', 'Grass', 'Psychic', NULL),
  (104, 'Cubone', 'Ground', NULL, 105),
  (105, 'Marowak', 'Ground', NULL, NULL),
  (106, 'Hitmonlee', 'Fighting', NULL, NULL),
  (107, 'Hitmonchan', 'Fighting', NULL, NULL),
  (108, 'Lickitung', 'Normal', NULL, NULL),
  (109, 'Koffing', 'Poison', NULL, 110),
  (110, 'Weezing', 'Poison', NULL, NULL),
  (111, 'Rhyhorn', 'Ground', 'Rock', 112),
  (112, 'Rhydon', 'Ground', 'Rock', NULL),
  (113, 'Chansey', 'Normal', NULL, NULL),
  (114, 'Tangela', 'Grass', NULL, NULL),
  (115, 'Kangaskhan', 'Normal', NULL, NULL),
  (116, 'Horsea', 'Water', NULL, 117),
  (117, 'Seadra', 'Water', NULL, NULL),
  (118, 'Goldeen', 'Water', NULL, 119),
  (119, 'Seaking', 'Water', NULL, NULL),
  (120, 'Staryu', 'Water', NULL, 121),
  (121, 'Starmie', 'Water', 'Psychic', NULL),
  (122, 'Mr-mime', 'Psychic', 'Fairy', NULL),
  (123, 'Scyther', 'Bug', 'Flying', NULL),
  (124, 'Jynx', 'Ice', 'Psychic', NULL),
  (125, 'Electabuzz', 'Electric', NULL, NULL),
  (126, 'Magmar', 'Fire', NULL, NULL),
  (127, 'Pinsir', 'Bug', NULL, NULL),
  (128, 'Tauros', 'Normal', NULL, NULL),
  (129, 'Magikarp', 'Water', NULL, 130),
  (130, 'Gyarados', 'Water', 'Flying', NULL),
  (131, 'Lapras', 'Water', 'Ice', NULL),
  (132, 'Ditto', 'Normal', NULL, NULL),
  (133, 'Eevee', 'Normal', NULL, 134),
  (134, 'Vaporeon', 'Water', NULL, NULL),
  (135, 'Jolteon', 'Electric', NULL, NULL),
  (136, 'Flareon', 'Fire', NULL, NULL),
  (137, 'Porygon', 'Normal', NULL, NULL),
  (138, 'Omanyte', 'Rock', 'Water', 139),
  (139, 'Omastar', 'Rock', 'Water', NULL),
  (140, 'Kabuto', 'Rock', 'Water', 141),
  (141, 'Kabutops', 'Rock', 'Water', NULL),
  (142, 'Aerodactyl', 'Rock', 'Flying', NULL),
  (143, 'Snorlax', 'Normal', NULL, NULL),
  (144, 'Articuno', 'Ice', 'Flying', NULL),
  (145, 'Zapdos', 'Electric', 'Flying', NULL),
  (146, 'Moltres', 'Fire', 'Flying', NULL),
  (147, 'Dratini', 'Dragon', NULL, 148),
  (148, 'Dragonair', 'Dragon', NULL, 149),
  (149, 'Dragonite', 'Dragon', 'Flying', NULL),
  (150, 'Mewtwo', 'Psychic', NULL, NULL),
  (151, 'Mew', 'Psychic', NULL, NULL);

-- Tabela: Treinador
INSERT INTO `Treinador` (`id_treinador`, `nome`, `cidade`, `data_inscricao`, `pontos_ranking`) VALUES
  (1, 'Calebe Carvalho', 'Pallet Town', '2024-06-14', 0),
  (2, 'Maya Lima', 'Cerulean City', '2024-07-21', 0),
  (3, 'Oliver Aragão', 'Six Island', '2024-02-07', 0),
  (4, 'Felipe Silveira', 'Outcast Island', '2024-02-18', 0),
  (5, 'Fernando Garcia', 'Cerulean City', '2024-10-25', 0),
  (6, 'José Casa Grande', 'Three Island', '2025-04-10', 0),
  (7, 'Dr. Ravy Albuquerque', 'Cerulean City', '2024-04-19', 0),
  (8, 'Benjamin Machado', 'Four Island', '2024-02-14', 0),
  (9, 'Arthur Miguel da Mota', 'Cinnabar Island', '2024-08-02', 0),
  (10, 'Dra. Maria Cecília Melo', 'Cinnabar Island', '2024-05-03', 0),
  (11, 'Brayan Duarte', 'Four Island', '2024-10-09', 0),
  (12, 'Sarah Moura', 'Seven Island', '2024-01-31', 0),
  (13, 'Pedro Jesus', 'Pewter City', '2024-03-04', 0),
  (14, 'Julia Peixoto', 'Seven Island', '2024-11-18', 0),
  (15, 'Ana Liz Cirino', 'Cerulean City', '2025-04-30', 0),
  (16, 'Mateus Ramos', 'Seven Island', '2024-10-22', 0),
  (17, 'Samuel Cassiano', 'Cerulean City', '2024-07-22', 0),
  (18, 'Luiz Fernando Pereira', 'Pewter City', '2025-05-14', 0),
  (19, 'Ana Júlia Moreira', 'Six Island', '2024-01-24', 0),
  (20, 'Maria Eduarda da Luz', 'Pallet Town', '2025-03-15', 0),
  (21, 'Srta. Lara Pastor', 'Four Island', '2024-05-28', 0),
  (22, 'Ana Sophia Casa Grande', 'Six Island', '2024-03-14', 0),
  (23, 'Ágatha Nascimento', 'Seven Island', '2024-03-01', 0),
  (24, 'Agatha Brito', 'Six Island', '2024-06-06', 0),
  (25, 'Sarah Andrade', 'Vermilion City', '2025-02-21', 0),
  (26, 'Benício Cavalcanti', 'Seven Island', '2024-02-22', 0),
  (27, 'Caroline Oliveira', 'Viridian City', '2024-10-19', 0),
  (28, 'Laís Jesus', 'Fuchsia City', '2024-07-09', 0),
  (29, 'João da Mata', 'Cinnabar Island', '2024-10-07', 0),
  (30, 'Maria Fernanda Lima', 'Cerulean City', '2024-10-15', 0),
  (31, 'Antônio Rocha', 'Viridian City', '2024-11-12', 0),
  (32, 'João Pedro Barbosa', 'Six Island', '2024-09-11', 0),
  (33, 'Ana Júlia Castro', 'Saffron City', '2024-08-06', 0),
  (34, 'Matheus da Rosa', 'Seven Island', '2024-08-26', 0),
  (35, 'Bella Silva', 'Five Island', '2025-04-17', 0),
  (36, 'João Alves', 'Indigo Plateau', '2024-07-04', 0),
  (37, 'Nina Barbosa', 'Vermilion City', '2024-05-07', 0),
  (38, 'Marcelo Farias', 'Pewter City', '2024-12-23', 0),
  (39, 'Sr. Enzo Oliveira', 'Seven Island', '2024-02-11', 0),
  (40, 'Luiz Miguel Siqueira', 'Three Island', '2024-06-02', 0),
  (41, 'Maria Martins', 'Saffron City', '2024-09-10', 0),
  (42, 'Benjamim Viana', 'Five Island', '2025-01-08', 0),
  (43, 'Vitor Gabriel Aragão', 'Birth Island', '2024-05-27', 0),
  (44, 'Diogo da Conceição', 'Fuchsia City', '2024-02-07', 0),
  (45, 'Calebe Silveira', 'Four Island', '2024-09-19', 0),
  (46, 'Dra. Vitória Andrade', 'Saffron City', '2024-03-25', 0),
  (47, 'Giovanna Pinto', 'Two Island', '2024-03-18', 0),
  (48, 'Anthony Gabriel Camargo', 'Cerulean City', '2024-08-03', 0),
  (49, 'Dr. Carlos Eduardo Mendonça', 'Cinnabar Island', '2025-05-07', 0),
  (50, 'Dra. Esther Gonçalves', 'Six Island', '2025-01-26', 0),
  (51, 'Sra. Milena Azevedo', 'Saffron City', '2024-10-20', 0),
  (52, 'Eduarda Cardoso', 'Outcast Island', '2024-06-23', 0),
  (53, 'Sr. André Rios', 'Two Island', '2024-10-31', 0),
  (54, 'Raul Rocha', 'Five Island', '2024-10-23', 0),
  (55, 'Catarina Novais', 'Cinnabar Island', '2024-02-05', 0),
  (56, 'Emanuelly da Mota', 'Lavender Town', '2025-04-28', 0),
  (57, 'Augusto Duarte', 'Cinnabar Island', '2024-08-30', 0),
  (58, 'Rodrigo Melo', 'Indigo Plateau', '2024-02-01', 0),
  (59, 'Lara Correia', 'Seven Island', '2024-11-27', 0),
  (60, 'Beatriz Câmara', 'Five Island', '2024-12-14', 0),
  (61, 'Dr. Valentim Ramos', 'One Island', '2024-05-25', 0),
  (62, 'José Pedro Marques', 'Outcast Island', '2025-03-30', 0),
  (63, 'Brayan Nogueira', 'Five Island', '2024-01-12', 0),
  (64, 'Agatha Correia', 'Vermilion City', '2024-06-30', 0),
  (65, 'Ana Luiza Azevedo', 'Fuchsia City', '2024-11-08', 0),
  (66, 'Rael Costa', 'Cerulean City', '2024-09-09', 0),
  (67, 'Yasmin Camargo', 'Indigo Plateau', '2024-04-21', 0),
  (68, 'Esther Caldeira', 'Pewter City', '2024-03-07', 0),
  (69, 'Mateus Cavalcanti', 'One Island', '2024-07-22', 0),
  (70, 'Pedro Miguel Cavalcante', 'Two Island', '2025-04-14', 0),
  (71, 'Dr. Theo Carvalho', 'Vermilion City', '2024-02-11', 0),
  (72, 'João Felipe Vasconcelos', 'One Island', '2024-08-17', 0),
  (73, 'Dr. Anthony Gabriel Vieira', 'Lavender Town', '2024-10-08', 0),
  (74, 'Sra. Maria Vitória Silveira', 'Pallet Town', '2025-03-28', 0),
  (75, 'Fernanda da Cruz', 'Four Island', '2025-02-23', 0),
  (76, 'Augusto da Paz', 'Six Island', '2025-03-18', 0),
  (77, 'Maria Cecília da Conceição', 'Four Island', '2024-05-22', 0),
  (78, 'Sr. Davi Miguel Mendes', 'One Island', '2024-07-02', 0),
  (79, 'Srta. Pietra Moura', 'Pewter City', '2025-05-05', 0),
  (80, 'Dr. Enzo Gabriel Mendonça', 'Cinnabar Island', '2024-03-18', 0),
  (81, 'Rodrigo Moraes', 'Pallet Town', '2024-03-31', 0),
  (82, 'Sabrina Machado', 'Pewter City', '2024-04-28', 0),
  (83, 'Elisa Carvalho', 'Two Island', '2024-01-07', 0),
  (84, 'Bento Siqueira', 'Seven Island', '2025-03-01', 0),
  (85, 'João Miguel Correia', 'Lavender Town', '2024-04-03', 0),
  (86, 'Natália Mendes', 'Celadon City', '2024-05-24', 0),
  (87, 'Vitória Lima', 'Four Island', '2024-03-15', 0),
  (88, 'Esther Pimenta', 'Outcast Island', '2024-09-30', 0),
  (89, 'Sra. Hadassa Farias', 'Seven Island', '2024-11-08', 0),
  (90, 'Henry Sampaio', 'Pallet Town', '2024-06-12', 0),
  (91, 'Sra. Mirella Cunha', 'Three Island', '2024-12-19', 0),
  (92, 'Benjamim Rodrigues', 'Birth Island', '2025-05-01', 0),
  (93, 'Rafael Freitas', 'Cerulean City', '2024-12-01', 0),
  (94, 'Apollo Machado', 'Six Island', '2024-08-21', 0),
  (95, 'Diego Sá', 'One Island', '2024-07-19', 0),
  (96, 'Luiz Otávio Lopes', 'One Island', '2024-07-23', 0),
  (97, 'Letícia Carvalho', 'Two Island', '2024-02-23', 0),
  (98, 'Apollo Peixoto', 'One Island', '2024-11-20', 0),
  (99, 'Emanuella Almeida', 'Viridian City', '2024-02-01', 0),
  (100, 'Srta. Eloah Pacheco', 'Viridian City', '2024-02-04', 0),
  (101, 'Isadora Souza', 'Vermilion City', '2024-08-13', 0),
  (102, 'Davi Lucca Azevedo', 'Saffron City', '2024-02-26', 0),
  (103, 'Caroline Borges', 'Cerulean City', '2024-11-03', 0),
  (104, 'Stella da Cruz', 'Celadon City', '2024-02-22', 0),
  (105, 'Bella Duarte', 'Pallet Town', '2024-10-17', 0),
  (106, 'Maria Eduarda Teixeira', 'Fuchsia City', '2024-10-01', 0),
  (107, 'Felipe da Luz', 'Outcast Island', '2025-04-30', 0),
  (108, 'Dra. Marcela Silveira', 'Celadon City', '2024-11-10', 0),
  (109, 'Luana Sousa', 'Viridian City', '2024-02-06', 0),
  (110, 'Dr. Yago Castro', 'One Island', '2024-11-10', 0),
  (111, 'Luiza Brito', 'Lavender Town', '2024-03-17', 0),
  (112, 'Léo Lopes', 'Outcast Island', '2025-05-04', 0),
  (113, 'Sr. Yago Aparecida', 'Outcast Island', '2024-11-04', 0),
  (114, 'Rebeca Borges', 'Fuchsia City', '2024-08-30', 0),
  (115, 'Arthur Miguel Ribeiro', 'Two Island', '2024-02-29', 0),
  (116, 'Olivia Marques', 'Five Island', '2025-05-15', 0),
  (117, 'Ana Julia Martins', 'Two Island', '2024-09-02', 0),
  (118, 'Eloá Almeida', 'Cinnabar Island', '2024-06-08', 0),
  (119, 'Maria Alice da Cruz', 'Fuchsia City', '2024-03-14', 0),
  (120, 'Mariana da Rocha', 'Saffron City', '2025-01-18', 0);

-- Tabela: Time_Treinador (Pokémon inscritos por treinador no torneio)
INSERT INTO `Time_Treinador` (`Treinador_id_treinador`, `Pokemon_id_especie`) VALUES
  (1, 123),
  (1, 42),
  (1, 133),
  (1, 6),
  (1, 53),
  (2, 38),
  (2, 140),
  (2, 7),
  (2, 136),
  (2, 77),
  (3, 67),
  (3, 133),
  (3, 94),
  (4, 92),
  (4, 58),
  (4, 137),
  (4, 139),
  (5, 58),
  (5, 50),
  (5, 62),
  (5, 103),
  (5, 59),
  (6, 133),
  (6, 127),
  (6, 92),
  (6, 8),
  (7, 72),
  (7, 121),
  (7, 67),
  (8, 89),
  (8, 115),
  (8, 90),
  (8, 94),
  (9, 57),
  (9, 27),
  (9, 59),
  (10, 51),
  (10, 87),
  (10, 53),
  (10, 124),
  (10, 1),
  (10, 123),
  (11, 22),
  (11, 31),
  (11, 100),
  (11, 52),
  (11, 123),
  (12, 112),
  (12, 86),
  (12, 23),
  (12, 102),
  (13, 103),
  (13, 22),
  (13, 41),
  (13, 44),
  (13, 33),
  (13, 8),
  (14, 120),
  (14, 38),
  (14, 122),
  (14, 90),
  (15, 141),
  (15, 34),
  (15, 6),
  (15, 4),
  (16, 135),
  (16, 36),
  (16, 112),
  (17, 55),
  (17, 8),
  (17, 65),
  (17, 75),
  (18, 151),
  (18, 84),
  (18, 67),
  (18, 140),
  (19, 34),
  (19, 16),
  (19, 91),
  (19, 118),
  (19, 150),
  (19, 133),
  (20, 129),
  (20, 34),
  (20, 137),
  (20, 39),
  (20, 135),
  (20, 131),
  (21, 113),
  (21, 47),
  (21, 2),
  (22, 45),
  (22, 37),
  (22, 122),
  (22, 31),
  (23, 84),
  (23, 133),
  (23, 136),
  (24, 28),
  (24, 144),
  (24, 15),
  (24, 64),
  (24, 49),
  (24, 71),
  (25, 26),
  (25, 130),
  (25, 116),
  (26, 17),
  (26, 114),
  (26, 84),
  (27, 71),
  (27, 116),
  (27, 131),
  (27, 137),
  (28, 130),
  (28, 64),
  (28, 134),
  (28, 67),
  (28, 144),
  (28, 52),
  (29, 36),
  (29, 107),
  (29, 32),
  (29, 101),
  (29, 114),
  (29, 81),
  (30, 62),
  (30, 110),
  (30, 19),
  (31, 78),
  (31, 32),
  (31, 40),
  (31, 94),
  (32, 65),
  (32, 36),
  (32, 120),
  (32, 57),
  (33, 102),
  (33, 125),
  (33, 42),
  (34, 42),
  (34, 111),
  (34, 132),
  (34, 104),
  (35, 108),
  (35, 51),
  (35, 92),
  (35, 82),
  (35, 24),
  (36, 5),
  (36, 87),
  (36, 142),
  (36, 118),
  (36, 113),
  (37, 99),
  (37, 85),
  (37, 133),
  (38, 132),
  (38, 17),
  (38, 29),
  (38, 59),
  (38, 27),
  (39, 68),
  (39, 70),
  (39, 11),
  (40, 70),
  (40, 34),
  (40, 109),
  (40, 67),
  (41, 39),
  (41, 138),
  (41, 132),
  (41, 147),
  (41, 127),
  (41, 84),
  (42, 72),
  (42, 15),
  (42, 47),
  (43, 19),
  (43, 69),
  (43, 5),
  (43, 23),
  (43, 67),
  (43, 22),
  (44, 18),
  (44, 68),
  (44, 32),
  (44, 117),
  (45, 87),
  (45, 142),
  (45, 107),
  (46, 34),
  (46, 12),
  (46, 135),
  (46, 62),
  (46, 29),
  (47, 68),
  (47, 13),
  (47, 47),
  (47, 52);

INSERT INTO `Time_Treinador` (`Treinador_id_treinador`, `Pokemon_id_especie`) VALUES
  (48, 79),
  (48, 136),
  (48, 53),
  (48, 75),
  (48, 115),
  (49, 70),
  (49, 89),
  (49, 5),
  (49, 65),
  (50, 4),
  (50, 5),
  (50, 130),
  (51, 132),
  (51, 122),
  (51, 63),
  (51, 115),
  (52, 111),
  (52, 127),
  (52, 140),
  (53, 130),
  (53, 79),
  (53, 56),
  (53, 59),
  (53, 88),
  (53, 51),
  (54, 104),
  (54, 89),
  (54, 14),
  (54, 34),
  (55, 19),
  (55, 66),
  (55, 111),
  (56, 15),
  (56, 22),
  (56, 98),
  (56, 130),
  (57, 63),
  (57, 76),
  (57, 12),
  (57, 118),
  (57, 48),
  (58, 69),
  (58, 115),
  (58, 1),
  (58, 68),
  (59, 85),
  (59, 141),
  (59, 83),
  (59, 63),
  (59, 9),
  (60, 56),
  (60, 92),
  (60, 47),
  (60, 1),
  (60, 86),
  (61, 22),
  (61, 122),
  (61, 72),
  (61, 129),
  (61, 52),
  (61, 64),
  (62, 24),
  (62, 68),
  (62, 23),
  (63, 103),
  (63, 151),
  (63, 11),
  (63, 101),
  (64, 77),
  (64, 78),
  (64, 60),
  (65, 150),
  (65, 136),
  (65, 40),
  (66, 84),
  (66, 127),
  (66, 39),
  (66, 73),
  (66, 38),
  (66, 12),
  (67, 130),
  (67, 36),
  (67, 135),
  (67, 146),
  (67, 5),
  (67, 150),
  (68, 22),
  (68, 8),
  (68, 11),
  (68, 35),
  (69, 27),
  (69, 97),
  (69, 116),
  (69, 143),
  (69, 13),
  (70, 137),
  (70, 63),
  (70, 126),
  (71, 1),
  (71, 117),
  (71, 18),
  (71, 129),
  (71, 138),
  (72, 135),
  (72, 17),
  (72, 122),
  (73, 20),
  (73, 68),
  (73, 61),
  (73, 53),
  (73, 60),
  (74, 127),
  (74, 98),
  (74, 20),
  (74, 123),
  (74, 74),
  (74, 12),
  (75, 20),
  (75, 38),
  (75, 85),
  (75, 66),
  (76, 146),
  (76, 35),
  (76, 4),
  (76, 124),
  (76, 16),
  (77, 69),
  (77, 26),
  (77, 56),
  (77, 126),
  (77, 75),
  (77, 133),
  (78, 119),
  (78, 120),
  (78, 31),
  (78, 141),
  (78, 52),
  (79, 22),
  (79, 122),
  (79, 5),
  (79, 75),
  (79, 118),
  (80, 130),
  (80, 116),
  (80, 69),
  (81, 54),
  (81, 20),
  (81, 149),
  (81, 24),
  (81, 37),
  (81, 135),
  (82, 93),
  (82, 34),
  (82, 131),
  (82, 72),
  (82, 29),
  (83, 60),
  (83, 128),
  (83, 125),
  (83, 101),
  (83, 7),
  (84, 1),
  (84, 126),
  (84, 116),
  (84, 104),
  (85, 37),
  (85, 107),
  (85, 89),
  (85, 97),
  (85, 81),
  (86, 85),
  (86, 1),
  (86, 84),
  (87, 102),
  (87, 31),
  (87, 51),
  (87, 4),
  (87, 75),
  (88, 96),
  (88, 17),
  (88, 101),
  (88, 100),
  (88, 151),
  (89, 93),
  (89, 110),
  (89, 71),
  (90, 72),
  (90, 27),
  (90, 14),
  (91, 39),
  (91, 64),
  (91, 69),
  (91, 112),
  (91, 131),
  (92, 49),
  (92, 96),
  (92, 110),
  (92, 8),
  (92, 103),
  (93, 21);

INSERT INTO `Time_Treinador` (`Treinador_id_treinador`, `Pokemon_id_especie`) VALUES
  (93, 13),
  (93, 106),
  (93, 116),
  (94, 74),
  (94, 125),
  (94, 13),
  (94, 141),
  (95, 44),
  (95, 121),
  (95, 107),
  (95, 88),
  (96, 77),
  (96, 66),
  (96, 67),
  (96, 104),
  (96, 62),
  (97, 124),
  (97, 143),
  (97, 101),
  (97, 31),
  (97, 43),
  (98, 20),
  (98, 54),
  (98, 129),
  (98, 128),
  (99, 116),
  (99, 86),
  (99, 110),
  (99, 36),
  (100, 63),
  (100, 24),
  (100, 45),
  (100, 88),
  (101, 82),
  (101, 62),
  (101, 95),
  (102, 146),
  (102, 52),
  (102, 6),
  (102, 106),
  (102, 99),
  (103, 135),
  (103, 54),
  (103, 97),
  (103, 70),
  (103, 87),
  (103, 16),
  (104, 72),
  (104, 148),
  (104, 93),
  (104, 33),
  (104, 129),
  (104, 136),
  (105, 24),
  (105, 70),
  (105, 64),
  (105, 99),
  (106, 115),
  (106, 111),
  (106, 80),
  (106, 6),
  (106, 33),
  (106, 9),
  (107, 122),
  (107, 151),
  (107, 126),
  (107, 1),
  (107, 19),
  (107, 101),
  (108, 115),
  (108, 64),
  (108, 28),
  (108, 58),
  (108, 40),
  (108, 39),
  (109, 118),
  (109, 22),
  (109, 142),
  (110, 1),
  (110, 33),
  (110, 60),
  (111, 78),
  (111, 33),
  (111, 65),
  (112, 29),
  (112, 26),
  (112, 19),
  (112, 77),
  (112, 135),
  (112, 150),
  (113, 100),
  (113, 67),
  (113, 58),
  (113, 1),
  (114, 138),
  (114, 78),
  (114, 118),
  (115, 81),
  (115, 63),
  (115, 122),
  (115, 135),
  (115, 61),
  (116, 8),
  (116, 106),
  (116, 79),
  (116, 15),
  (117, 50),
  (117, 128),
  (117, 108),
  (118, 66),
  (118, 59),
  (118, 109),
  (119, 59),
  (119, 127),
  (119, 9),
  (119, 87),
  (119, 108),
  (120, 102),
  (120, 51),
  (120, 2),
  (120, 75),
  (120, 130);

-- Tabela: Golpe (catálogo de golpes)
INSERT INTO `Golpe` (`id_golpe`, `nome`, `tipo`, `poder`, `precisao`, `pp_maximo`) VALUES
  (1, 'Pound', 'Normal', 40, 100, 35),
  (2, 'Karate Chop', 'Fighting', 50, 100, 25),
  (3, 'Double Slap', 'Normal', 15, 85, 10),
  (4, 'Comet Punch', 'Normal', 18, 85, 15),
  (5, 'Mega Punch', 'Normal', 80, 85, 20),
  (6, 'Pay Day', 'Normal', 40, 100, 20),
  (7, 'Fire Punch', 'Fire', 75, 100, 15),
  (8, 'Ice Punch', 'Ice', 75, 100, 15),
  (9, 'Thunder Punch', 'Electric', 75, 100, 15),
  (10, 'Scratch', 'Normal', 40, 100, 35),
  (11, 'Vice Grip', 'Normal', 55, 100, 30),
  (12, 'Guillotine', 'Normal', NULL, 30, 5),
  (13, 'Razor Wind', 'Normal', 80, 100, 10),
  (14, 'Swords Dance', 'Normal', NULL, NULL, 20),
  (15, 'Cut', 'Normal', 50, 95, 30),
  (16, 'Gust', 'Flying', 40, 100, 35),
  (17, 'Wing Attack', 'Flying', 60, 100, 35),
  (18, 'Whirlwind', 'Normal', NULL, NULL, 20),
  (19, 'Fly', 'Flying', 90, 95, 15),
  (20, 'Bind', 'Normal', 15, 85, 20),
  (21, 'Slam', 'Normal', 80, 75, 20),
  (22, 'Vine Whip', 'Grass', 45, 100, 25),
  (23, 'Stomp', 'Normal', 65, 100, 20),
  (24, 'Double Kick', 'Fighting', 30, 100, 30),
  (25, 'Mega Kick', 'Normal', 120, 75, 5),
  (26, 'Jump Kick', 'Fighting', 100, 95, 10),
  (27, 'Rolling Kick', 'Fighting', 60, 85, 15),
  (28, 'Sand Attack', 'Ground', NULL, 100, 15),
  (29, 'Headbutt', 'Normal', 70, 100, 15),
  (30, 'Horn Attack', 'Normal', 65, 100, 25),
  (31, 'Fury Attack', 'Normal', 15, 85, 20),
  (32, 'Horn Drill', 'Normal', NULL, 30, 5),
  (33, 'Tackle', 'Normal', 40, 100, 35),
  (34, 'Body Slam', 'Normal', 85, 100, 15),
  (35, 'Wrap', 'Normal', 15, 90, 20),
  (36, 'Take Down', 'Normal', 90, 85, 20),
  (37, 'Thrash', 'Normal', 120, 100, 10),
  (38, 'Double Edge', 'Normal', 120, 100, 15),
  (39, 'Tail Whip', 'Normal', NULL, 100, 30),
  (40, 'Poison Sting', 'Poison', 15, 100, 35),
  (41, 'Twineedle', 'Bug', 25, 100, 20),
  (42, 'Pin Missile', 'Bug', 25, 95, 20),
  (43, 'Leer', 'Normal', NULL, 100, 30),
  (44, 'Bite', 'Dark', 60, 100, 25),
  (45, 'Growl', 'Normal', NULL, 100, 40),
  (46, 'Roar', 'Normal', NULL, NULL, 20),
  (47, 'Sing', 'Normal', NULL, 55, 15),
  (48, 'Supersonic', 'Normal', NULL, 55, 20),
  (49, 'Sonic Boom', 'Normal', NULL, 90, 20),
  (50, 'Disable', 'Normal', NULL, 100, 20),
  (51, 'Acid', 'Poison', 40, 100, 30),
  (52, 'Ember', 'Fire', 40, 100, 25),
  (53, 'Flamethrower', 'Fire', 90, 100, 15),
  (54, 'Mist', 'Ice', NULL, NULL, 30),
  (55, 'Water Gun', 'Water', 40, 100, 25),
  (56, 'Hydro Pump', 'Water', 110, 80, 5),
  (57, 'Surf', 'Water', 90, 100, 15),
  (58, 'Ice Beam', 'Ice', 90, 100, 10),
  (59, 'Blizzard', 'Ice', 110, 70, 5),
  (60, 'Psybeam', 'Psychic', 65, 100, 20),
  (61, 'Bubble Beam', 'Water', 65, 100, 20),
  (62, 'Aurora Beam', 'Ice', 65, 100, 20),
  (63, 'Hyper Beam', 'Normal', 150, 90, 5),
  (64, 'Peck', 'Flying', 35, 100, 35),
  (65, 'Drill Peck', 'Flying', 80, 100, 20),
  (66, 'Submission', 'Fighting', 80, 80, 20),
  (67, 'Low Kick', 'Fighting', NULL, 100, 20),
  (68, 'Counter', 'Fighting', NULL, 100, 20),
  (69, 'Seismic Toss', 'Fighting', NULL, 100, 20),
  (70, 'Strength', 'Normal', 80, 100, 15),
  (71, 'Absorb', 'Grass', 20, 100, 25),
  (72, 'Mega Drain', 'Grass', 40, 100, 15),
  (73, 'Leech Seed', 'Grass', NULL, 90, 10),
  (74, 'Growth', 'Normal', NULL, NULL, 20),
  (75, 'Razor Leaf', 'Grass', 55, 95, 25),
  (76, 'Solar Beam', 'Grass', 120, 100, 10),
  (77, 'Poison Powder', 'Poison', NULL, 75, 35),
  (78, 'Stun Spore', 'Grass', NULL, 75, 30),
  (79, 'Sleep Powder', 'Grass', NULL, 75, 15),
  (80, 'Petal Dance', 'Grass', 120, 100, 10),
  (81, 'String Shot', 'Bug', NULL, 95, 40),
  (82, 'Dragon Rage', 'Dragon', NULL, 100, 10),
  (83, 'Fire Spin', 'Fire', 35, 85, 15),
  (84, 'Thunder Shock', 'Electric', 40, 100, 30),
  (85, 'Thunderbolt', 'Electric', 90, 100, 15),
  (86, 'Thunder Wave', 'Electric', NULL, 90, 20),
  (87, 'Thunder', 'Electric', 110, 70, 10),
  (88, 'Rock Throw', 'Rock', 50, 90, 15),
  (89, 'Earthquake', 'Ground', 100, 100, 10),
  (90, 'Fissure', 'Ground', NULL, 30, 5),
  (91, 'Dig', 'Ground', 80, 100, 10),
  (92, 'Toxic', 'Poison', NULL, 90, 10),
  (93, 'Confusion', 'Psychic', 50, 100, 25),
  (94, 'Psychic', 'Psychic', 90, 100, 10),
  (95, 'Hypnosis', 'Psychic', NULL, 60, 20),
  (96, 'Meditate', 'Psychic', NULL, NULL, 40),
  (97, 'Agility', 'Psychic', NULL, NULL, 30),
  (98, 'Quick Attack', 'Normal', 40, 100, 30),
  (99, 'Rage', 'Normal', 20, 100, 20),
  (100, 'Teleport', 'Psychic', NULL, NULL, 20),
  (101, 'Night Shade', 'Ghost', NULL, 100, 15),
  (102, 'Mimic', 'Normal', NULL, NULL, 10),
  (103, 'Screech', 'Normal', NULL, 85, 40),
  (104, 'Double Team', 'Normal', NULL, NULL, 15),
  (105, 'Recover', 'Normal', NULL, NULL, 5),
  (106, 'Harden', 'Normal', NULL, NULL, 30),
  (107, 'Minimize', 'Normal', NULL, NULL, 10),
  (108, 'Smokescreen', 'Normal', NULL, 100, 20),
  (109, 'Confuse Ray', 'Ghost', NULL, 100, 10),
  (110, 'Withdraw', 'Water', NULL, NULL, 40);

-- Tabela: Batalha (histórico do torneio)
INSERT INTO `Batalha` (`id_batalha`, `data_batalha`, `fase_torneio`, `Treinador_id_treinador`, `Treinador_id_treinador1`, `id_vencedor`) VALUES
  (1, '2025-02-01', 'Fase de Grupos', 10, 59, 10),
  (2, '2025-02-27', 'Fase de Grupos', 10, 3, 3),
  (3, '2025-02-20', 'Fase de Grupos', 59, 3, 59),
  (4, '2025-02-11', 'Fase de Grupos', 62, 1, 62),
  (5, '2025-02-15', 'Fase de Grupos', 62, 15, 15),
  (6, '2025-02-26', 'Fase de Grupos', 1, 15, 15),
  (7, '2025-02-17', 'Fase de Grupos', 8, 25, 8),
  (8, '2025-02-18', 'Fase de Grupos', 82, 72, 72),
  (9, '2025-02-06', 'Fase de Grupos', 82, 117, 117),
  (10, '2025-03-01', 'Fase de Grupos', 72, 117, 117),
  (11, '2025-02-03', 'Fase de Grupos', 92, 106, 92),
  (12, '2025-02-20', 'Fase de Grupos', 92, 41, 41),
  (13, '2025-02-07', 'Fase de Grupos', 106, 41, 106),
  (14, '2025-02-14', 'Fase de Grupos', 86, 105, 86),
  (15, '2025-02-20', 'Fase de Grupos', 53, 52, 52),
  (16, '2025-02-24', 'Fase de Grupos', 53, 16, 53),
  (17, '2025-02-25', 'Fase de Grupos', 52, 16, 52),
  (18, '2025-02-10', 'Fase de Grupos', 20, 103, 103),
  (19, '2025-02-19', 'Fase de Grupos', 20, 58, 58),
  (20, '2025-02-12', 'Fase de Grupos', 103, 58, 58),
  (21, '2025-02-24', 'Fase de Grupos', 54, 99, 99),
  (22, '2025-02-10', 'Fase de Grupos', 70, 12, 70),
  (23, '2025-02-11', 'Fase de Grupos', 70, 74, 70),
  (24, '2025-02-13', 'Fase de Grupos', 12, 74, 12),
  (25, '2025-02-08', 'Fase de Grupos', 50, 57, 57),
  (26, '2025-02-21', 'Fase de Grupos', 50, 94, 50),
  (27, '2025-02-21', 'Fase de Grupos', 57, 94, 57),
  (28, '2025-02-02', 'Fase de Grupos', 63, 40, 40),
  (29, '2025-02-08', 'Fase de Grupos', 32, 104, 104),
  (30, '2025-02-02', 'Fase de Grupos', 32, 2, 32),
  (31, '2025-02-20', 'Fase de Grupos', 104, 2, 104),
  (32, '2025-02-03', 'Fase de Grupos', 61, 78, 61),
  (33, '2025-02-17', 'Fase de Grupos', 61, 102, 102),
  (34, '2025-02-15', 'Fase de Grupos', 78, 102, 78),
  (35, '2025-02-25', 'Fase de Grupos', 110, 26, 26),
  (36, '2025-02-11', 'Fase de Grupos', 83, 84, 84),
  (37, '2025-02-02', 'Fase de Grupos', 83, 47, 83),
  (38, '2025-02-09', 'Fase de Grupos', 84, 47, 84),
  (39, '2025-02-20', 'Fase de Grupos', 90, 48, 90),
  (40, '2025-02-27', 'Fase de Grupos', 90, 97, 90),
  (41, '2025-02-27', 'Fase de Grupos', 48, 97, 48),
  (42, '2025-02-14', 'Fase de Grupos', 24, 64, 64),
  (43, '2025-02-18', 'Fase de Grupos', 69, 42, 42),
  (44, '2025-02-03', 'Fase de Grupos', 69, 44, 44),
  (45, '2025-02-04', 'Fase de Grupos', 42, 44, 44),
  (46, '2025-02-22', 'Fase de Grupos', 66, 49, 49),
  (47, '2025-02-21', 'Fase de Grupos', 66, 93, 66),
  (48, '2025-02-21', 'Fase de Grupos', 49, 93, 49),
  (49, '2025-02-13', 'Fase de Grupos', 79, 27, 79),
  (50, '2025-02-14', 'Fase de Grupos', 17, 39, 39),
  (51, '2025-02-01', 'Fase de Grupos', 17, 21, 21),
  (52, '2025-02-21', 'Fase de Grupos', 39, 21, 21),
  (53, '2025-02-13', 'Fase de Grupos', 71, 116, 71),
  (54, '2025-02-07', 'Fase de Grupos', 71, 115, 115),
  (55, '2025-02-14', 'Fase de Grupos', 116, 115, 116),
  (56, '2025-02-14', 'Fase de Grupos', 118, 9, 118),
  (57, '2025-02-01', 'Fase de Grupos', 65, 87, 65),
  (58, '2025-02-18', 'Fase de Grupos', 65, 45, 65),
  (59, '2025-02-21', 'Fase de Grupos', 87, 45, 87),
  (60, '2025-02-03', 'Fase de Grupos', 36, 5, 5),
  (61, '2025-02-24', 'Fase de Grupos', 36, 95, 95),
  (62, '2025-02-05', 'Fase de Grupos', 5, 95, 5),
  (63, '2025-02-16', 'Fase de Grupos', 100, 120, 120),
  (64, '2025-02-10', 'Fase de Grupos', 100, 101, 100),
  (65, '2025-02-27', 'Fase de Grupos', 120, 101, 120),
  (66, '2025-02-16', 'Fase de Grupos', 108, 111, 108),
  (67, '2025-02-02', 'Fase de Grupos', 108, 96, 96),
  (68, '2025-02-03', 'Fase de Grupos', 111, 96, 96),
  (69, '2025-02-27', 'Fase de Grupos', 73, 107, 73),
  (70, '2025-02-06', 'Fase de Grupos', 73, 35, 35),
  (71, '2025-02-02', 'Fase de Grupos', 107, 35, 107),
  (72, '2025-02-17', 'Fase de Grupos', 75, 68, 68),
  (73, '2025-02-13', 'Fase de Grupos', 75, 4, 75),
  (74, '2025-02-04', 'Fase de Grupos', 68, 4, 4),
  (75, '2025-02-04', 'Fase de Grupos', 56, 109, 109),
  (76, '2025-02-20', 'Fase de Grupos', 56, 76, 76),
  (77, '2025-02-18', 'Fase de Grupos', 109, 76, 76),
  (78, '2025-02-21', 'Fase de Grupos', 119, 85, 85),
  (79, '2025-02-10', 'Fase de Grupos', 119, 28, 28),
  (80, '2025-02-14', 'Fase de Grupos', 85, 28, 85),
  (81, '2025-02-01', 'Fase de Grupos', 55, 33, 55),
  (82, '2025-02-20', 'Fase de Grupos', 55, 13, 55),
  (83, '2025-02-15', 'Fase de Grupos', 33, 13, 13),
  (84, '2025-02-15', 'Fase de Grupos', 23, 113, 23),
  (85, '2025-02-27', 'Fase de Grupos', 23, 7, 7),
  (86, '2025-02-26', 'Fase de Grupos', 113, 7, 113),
  (87, '2025-02-12', 'Fase de Grupos', 112, 81, 81),
  (88, '2025-02-26', 'Fase de Grupos', 112, 31, 112),
  (89, '2025-02-17', 'Fase de Grupos', 81, 31, 31),
  (90, '2025-02-02', 'Fase de Grupos', 6, 43, 6),
  (91, '2025-02-03', 'Fase de Grupos', 6, 51, 6),
  (92, '2025-02-25', 'Fase de Grupos', 43, 51, 51),
  (93, '2025-02-01', 'Fase de Grupos', 67, 37, 67),
  (94, '2025-02-20', 'Fase de Grupos', 67, 46, 67),
  (95, '2025-02-07', 'Fase de Grupos', 37, 46, 37),
  (96, '2025-03-01', 'Fase de Grupos', 18, 22, 18),
  (97, '2025-02-10', 'Fase de Grupos', 18, 19, 19),
  (98, '2025-02-22', 'Fase de Grupos', 22, 19, 22),
  (99, '2025-02-11', 'Fase de Grupos', 89, 88, 89),
  (100, '2025-03-01', 'Fase de Grupos', 89, 91, 91),
  (101, '2025-02-05', 'Fase de Grupos', 88, 91, 91),
  (102, '2025-02-17', 'Fase de Grupos', 114, 11, 11),
  (103, '2025-02-07', 'Fase de Grupos', 114, 77, 77),
  (104, '2025-02-20', 'Fase de Grupos', 11, 77, 77),
  (105, '2025-03-20', 'Oitavas de Final', 120, 55, 120),
  (106, '2025-03-21', 'Oitavas de Final', 91, 117, 117),
  (107, '2025-03-19', 'Oitavas de Final', 76, 65, 65),
  (108, '2025-03-17', 'Oitavas de Final', 6, 104, 6),
  (109, '2025-03-20', 'Oitavas de Final', 73, 44, 44),
  (110, '2025-03-17', 'Oitavas de Final', 52, 70, 70),
  (111, '2025-03-17', 'Oitavas de Final', 15, 67, 67),
  (112, '2025-03-17', 'Oitavas de Final', 84, 21, 84),
  (113, '2025-04-11', 'Quartas de Final', 120, 117, 117),
  (114, '2025-04-08', 'Quartas de Final', 65, 6, 65),
  (115, '2025-04-06', 'Quartas de Final', 44, 70, 44),
  (116, '2025-04-07', 'Quartas de Final', 67, 84, 67),
  (117, '2025-04-28', 'Semifinal', 117, 65, 65),
  (118, '2025-05-01', 'Semifinal', 44, 67, 67),
  (119, '2025-05-17', 'Terceiro Lugar', 117, 44, 117),
  (120, '2025-05-25', 'Final', 65, 67, 65);

SET FOREIGN_KEY_CHECKS = 1;
