USE `Pokemon_Torneio`;
SET FOREIGN_KEY_CHECKS = 0;

-- Tabela: Pokemon (catálogo de espécies)
INSERT INTO `Pokemon` (`id_especie`, `nome_especie`, `tipo_base`, `tipo_secundario`, `evolui_para_id`) VALUES
  (1, 'Bulbasaur', 'Grass', 'Poison', 2),
  (2, 'Ivysaur', 'Grass', 'Poison', 3),
  (3, 'Venusaur', 'Grass', 'Poison', NULL),
  (4, 'Charmander', 'Fire', NULL, 5),
  (5, 'Charmeleon', 'Fire', NULL, 6),
  (6, 'Charizard', 'Fire', 'Flying', NULL),
  (7, 'Squirtle', 'Water', NULL, 8),
  (8, 'Wartortle', 'Water', NULL, 9),
  (9, 'Blastoise', 'Water', NULL, NULL),
  (10, 'Caterpie', 'Bug', NULL, 11),
  (11, 'Metapod', 'Bug', NULL, 12),
  (12, 'Butterfree', 'Bug', 'Flying', NULL),
  (13, 'Weedle', 'Bug', 'Poison', 14),
  (14, 'Kakuna', 'Bug', 'Poison', 15),
  (15, 'Beedrill', 'Bug', 'Poison', NULL),
  (16, 'Pidgey', 'Normal', 'Flying', 17),
  (17, 'Pidgeotto', 'Normal', 'Flying', 18),
  (18, 'Pidgeot', 'Normal', 'Flying', NULL),
  (19, 'Rattata', 'Normal', NULL, 20),
  (20, 'Raticate', 'Normal', NULL, NULL),
  (21, 'Spearow', 'Normal', 'Flying', 22),
  (22, 'Fearow', 'Normal', 'Flying', NULL),
  (23, 'Ekans', 'Poison', NULL, 24),
  (24, 'Arbok', 'Poison', NULL, NULL),
  (25, 'Pikachu', 'Electric', NULL, 26),
  (26, 'Raichu', 'Electric', NULL, NULL),
  (27, 'Sandshrew', 'Ground', NULL, 28),
  (28, 'Sandslash', 'Ground', NULL, NULL),
  (29, 'Nidoran-f', 'Poison', NULL, 30),
  (30, 'Nidorina', 'Poison', NULL, 31),
  (31, 'Nidoqueen', 'Poison', 'Ground', NULL),
  (32, 'Nidoran-m', 'Poison', NULL, 33),
  (33, 'Nidorino', 'Poison', NULL, 34),
  (34, 'Nidoking', 'Poison', 'Ground', NULL),
  (35, 'Clefairy', 'Fairy', NULL, 36),
  (36, 'Clefable', 'Fairy', NULL, NULL),
  (37, 'Vulpix', 'Fire', NULL, 38),
  (38, 'Ninetales', 'Fire', NULL, NULL),
  (39, 'Jigglypuff', 'Normal', 'Fairy', 40),
  (40, 'Wigglytuff', 'Normal', 'Fairy', NULL),
  (41, 'Zubat', 'Poison', 'Flying', 42),
  (42, 'Golbat', 'Poison', 'Flying', NULL),
  (43, 'Oddish', 'Grass', 'Poison', 44),
  (44, 'Gloom', 'Grass', 'Poison', 45),
  (45, 'Vileplume', 'Grass', 'Poison', NULL),
  (46, 'Paras', 'Bug', 'Grass', 47),
  (47, 'Parasect', 'Bug', 'Grass', NULL),
  (48, 'Venonat', 'Bug', 'Poison', 49),
  (49, 'Venomoth', 'Bug', 'Poison', NULL),
  (50, 'Diglett', 'Ground', NULL, 51),
  (51, 'Dugtrio', 'Ground', NULL, NULL),
  (52, 'Meowth', 'Normal', NULL, 53),
  (53, 'Persian', 'Normal', NULL, NULL),
  (54, 'Psyduck', 'Water', NULL, 55),
  (55, 'Golduck', 'Water', NULL, NULL),
  (56, 'Mankey', 'Fighting', NULL, 57),
  (57, 'Primeape', 'Fighting', NULL, NULL),
  (58, 'Growlithe', 'Fire', NULL, 59),
  (59, 'Arcanine', 'Fire', NULL, NULL),
  (60, 'Poliwag', 'Water', NULL, 61),
  (61, 'Poliwhirl', 'Water', NULL, 62),
  (62, 'Poliwrath', 'Water', 'Fighting', NULL),
  (63, 'Abra', 'Psychic', NULL, 64),
  (64, 'Kadabra', 'Psychic', NULL, 65),
  (65, 'Alakazam', 'Psychic', NULL, NULL),
  (66, 'Machop', 'Fighting', NULL, 67),
  (67, 'Machoke', 'Fighting', NULL, 68),
  (68, 'Machamp', 'Fighting', NULL, NULL),
  (69, 'Bellsprout', 'Grass', 'Poison', 70),
  (70, 'Weepinbell', 'Grass', 'Poison', 71),
  (71, 'Victreebel', 'Grass', 'Poison', NULL),
  (72, 'Tentacool', 'Water', 'Poison', 73),
  (73, 'Tentacruel', 'Water', 'Poison', NULL),
  (74, 'Geodude', 'Rock', 'Ground', 75),
  (75, 'Graveler', 'Rock', 'Ground', 76),
  (76, 'Golem', 'Rock', 'Ground', NULL),
  (77, 'Ponyta', 'Fire', NULL, 78),
  (78, 'Rapidash', 'Fire', NULL, NULL),
  (79, 'Slowpoke', 'Water', 'Psychic', 80),
  (80, 'Slowbro', 'Water', 'Psychic', NULL),
  (81, 'Magnemite', 'Electric', 'Steel', 82),
  (82, 'Magneton', 'Electric', 'Steel', NULL),
  (83, 'Farfetchd', 'Normal', 'Flying', NULL),
  (84, 'Doduo', 'Normal', 'Flying', 85),
  (85, 'Dodrio', 'Normal', 'Flying', NULL),
  (86, 'Seel', 'Water', NULL, 87),
  (87, 'Dewgong', 'Water', 'Ice', NULL),
  (88, 'Grimer', 'Poison', NULL, 89),
  (89, 'Muk', 'Poison', NULL, NULL),
  (90, 'Shellder', 'Water', NULL, 91),
  (91, 'Cloyster', 'Water', 'Ice', NULL),
  (92, 'Gastly', 'Ghost', 'Poison', 93),
  (93, 'Haunter', 'Ghost', 'Poison', 94),
  (94, 'Gengar', 'Ghost', 'Poison', NULL),
  (95, 'Onix', 'Rock', 'Ground', NULL),
  (96, 'Drowzee', 'Psychic', NULL, 97),
  (97, 'Hypno', 'Psychic', NULL, NULL),
  (98, 'Krabby', 'Water', NULL, 99),
  (99, 'Kingler', 'Water', NULL, NULL),
  (100, 'Voltorb', 'Electric', NULL, 101),
  (101, 'Electrode', 'Electric', NULL, NULL),
  (102, 'Exeggcute', 'Grass', 'Psychic', 103),
  (103, 'Exeggutor', 'Grass', 'Psychic', NULL),
  (104, 'Cubone', 'Ground', NULL, 105),
  (105, 'Marowak', 'Ground', NULL, NULL),
  (106, 'Hitmonlee', 'Fighting', NULL, NULL),
  (107, 'Hitmonchan', 'Fighting', NULL, NULL),
  (108, 'Lickitung', 'Normal', NULL, NULL),
  (109, 'Koffing', 'Poison', NULL, 110),
  (110, 'Weezing', 'Poison', NULL, NULL),
  (111, 'Rhyhorn', 'Ground', 'Rock', 112),
  (112, 'Rhydon', 'Ground', 'Rock', NULL),
  (113, 'Chansey', 'Normal', NULL, NULL),
  (114, 'Tangela', 'Grass', NULL, NULL),
  (115, 'Kangaskhan', 'Normal', NULL, NULL),
  (116, 'Horsea', 'Water', NULL, 117),
  (117, 'Seadra', 'Water', NULL, NULL),
  (118, 'Goldeen', 'Water', NULL, 119),
  (119, 'Seaking', 'Water', NULL, NULL),
  (120, 'Staryu', 'Water', NULL, 121),
  (121, 'Starmie', 'Water', 'Psychic', NULL),
  (122, 'Mr-mime', 'Psychic', 'Fairy', NULL),
  (123, 'Scyther', 'Bug', 'Flying', NULL),
  (124, 'Jynx', 'Ice', 'Psychic', NULL),
  (125, 'Electabuzz', 'Electric', NULL, NULL),
  (126, 'Magmar', 'Fire', NULL, NULL),
  (127, 'Pinsir', 'Bug', NULL, NULL),
  (128, 'Tauros', 'Normal', NULL, NULL),
  (129, 'Magikarp', 'Water', NULL, 130),
  (130, 'Gyarados', 'Water', 'Flying', NULL),
  (131, 'Lapras', 'Water', 'Ice', NULL),
  (132, 'Ditto', 'Normal', NULL, NULL),
  (133, 'Eevee', 'Normal', NULL, 134),
  (134, 'Vaporeon', 'Water', NULL, NULL),
  (135, 'Jolteon', 'Electric', NULL, NULL),
  (136, 'Flareon', 'Fire', NULL, NULL),
  (137, 'Porygon', 'Normal', NULL, NULL),
  (138, 'Omanyte', 'Rock', 'Water', 139),
  (139, 'Omastar', 'Rock', 'Water', NULL),
  (140, 'Kabuto', 'Rock', 'Water', 141),
  (141, 'Kabutops', 'Rock', 'Water', NULL),
  (142, 'Aerodactyl', 'Rock', 'Flying', NULL),
  (143, 'Snorlax', 'Normal', NULL, NULL),
  (144, 'Articuno', 'Ice', 'Flying', NULL),
  (145, 'Zapdos', 'Electric', 'Flying', NULL),
  (146, 'Moltres', 'Fire', 'Flying', NULL),
  (147, 'Dratini', 'Dragon', NULL, 148),
  (148, 'Dragonair', 'Dragon', NULL, 149),
  (149, 'Dragonite', 'Dragon', 'Flying', NULL),
  (150, 'Mewtwo', 'Psychic', NULL, NULL),
  (151, 'Mew', 'Psychic', NULL, NULL);

-- Tabela: Treinador
INSERT INTO `Treinador` (`id_treinador`, `nome`, `cidade`, `data_inscricao`, `pontos_ranking`) VALUES
  (1, 'João Lucas Viana', 'Pallet Town', '2024-06-14', 0),
  (2, 'Fernanda da Conceição', 'Cerulean City', '2024-07-21', 0),
  (3, 'Rebeca Cassiano', 'Six Island', '2024-02-07', 0),
  (4, 'Maria Helena Cunha', 'Outcast Island', '2024-02-18', 0),
  (5, 'Alana Pastor', 'Cerulean City', '2024-10-25', 0),
  (6, 'Zoe Machado', 'Three Island', '2025-04-10', 0),
  (7, 'Bianca Rios', 'Cerulean City', '2024-04-19', 0),
  (8, 'Guilherme Cassiano', 'Four Island', '2024-02-14', 0),
  (9, 'Vitor da Paz', 'Cinnabar Island', '2024-08-02', 0),
  (10, 'Elisa Câmara', 'Cinnabar Island', '2024-05-03', 0),
  (11, 'Srta. Beatriz Mendes', 'Four Island', '2024-10-09', 0),
  (12, 'Alice Costela', 'Seven Island', '2024-01-31', 0),
  (13, 'Bryan Brito', 'Pewter City', '2024-03-04', 0),
  (14, 'Sr. João Gabriel Santos', 'Seven Island', '2024-11-18', 0),
  (15, 'Luiza Moreira', 'Cerulean City', '2025-04-30', 0),
  (16, 'Sr. Benjamim Viana', 'Seven Island', '2024-10-22', 0),
  (17, 'Brayan da Conceição', 'Cerulean City', '2024-07-22', 0),
  (18, 'Dra. Eloá Macedo', 'Pewter City', '2025-05-14', 0),
  (19, 'Arthur Miguel Pacheco', 'Six Island', '2024-01-24', 0),
  (20, 'Alice Cirino', 'Pallet Town', '2025-03-15', 0),
  (21, 'Vitor Gabriel Alves', 'Four Island', '2024-05-28', 0),
  (22, 'Ana Lívia Martins', 'Six Island', '2024-03-14', 0),
  (23, 'Lunna Duarte', 'Seven Island', '2024-03-01', 0),
  (24, 'Noah Peixoto', 'Six Island', '2024-06-06', 0),
  (25, 'Apollo Nogueira', 'Vermilion City', '2025-02-21', 0),
  (26, 'Dra. Rafaela Borges', 'Seven Island', '2024-02-22', 0),
  (27, 'Pedro Henrique Cavalcanti', 'Viridian City', '2024-10-19', 0),
  (28, 'Anna Liz Pereira', 'Fuchsia City', '2024-07-09', 0),
  (29, 'Kevin Cavalcante', 'Cinnabar Island', '2024-10-07', 0),
  (30, 'Dra. Hadassa Macedo', 'Cerulean City', '2024-10-15', 0),
  (31, 'Marcos Vinicius Farias', 'Viridian City', '2024-11-12', 0),
  (32, 'Anna Liz Melo', 'Six Island', '2024-09-11', 0),
  (33, 'José Rocha', 'Saffron City', '2024-08-06', 0),
  (34, 'Valentim Nogueira', 'Seven Island', '2024-08-26', 0),
  (35, 'Liz Cavalcante', 'Five Island', '2025-04-17', 0),
  (36, 'Anthony Gabriel Souza', 'Indigo Plateau', '2024-07-04', 0),
  (37, 'Maysa Alves', 'Vermilion City', '2024-05-07', 0),
  (38, 'Danilo Santos', 'Pewter City', '2024-12-23', 0),
  (39, 'Rael Guerra', 'Seven Island', '2024-02-11', 0),
  (40, 'Ana Sophia Almeida', 'Three Island', '2024-06-02', 0),
  (41, 'Marcos Vinicius Costa', 'Saffron City', '2024-09-10', 0),
  (42, 'Carolina Garcia', 'Five Island', '2025-01-08', 0),
  (43, 'Juliana Casa Grande', 'Birth Island', '2024-05-27', 0),
  (44, 'Benjamim da Conceição', 'Fuchsia City', '2024-02-07', 0),
  (45, 'Manuela Pereira', 'Four Island', '2024-09-19', 0),
  (46, 'Maria Liz das Neves', 'Saffron City', '2024-03-25', 0),
  (47, 'Sra. Catarina Albuquerque', 'Two Island', '2024-03-18', 0),
  (48, 'Ana Clara Costa', 'Cerulean City', '2024-08-03', 0),
  (49, 'Léo Duarte', 'Cinnabar Island', '2025-05-07', 0),
  (50, 'Maria Julia Machado', 'Six Island', '2025-01-26', 0),
  (51, 'Maria Eduarda Barros', 'Saffron City', '2024-10-20', 0),
  (52, 'Vinícius Martins', 'Outcast Island', '2024-06-23', 0),
  (53, 'Kamilly Teixeira', 'Two Island', '2024-10-31', 0),
  (54, 'Júlia Pinto', 'Five Island', '2024-10-23', 0),
  (55, 'Ravi Lima', 'Cinnabar Island', '2024-02-05', 0),
  (56, 'Benício Silva', 'Lavender Town', '2025-04-28', 0),
  (57, 'Eduardo Sampaio', 'Cinnabar Island', '2024-08-30', 0),
  (58, 'Aurora Vargas', 'Indigo Plateau', '2024-02-01', 0),
  (59, 'Lara Abreu', 'Seven Island', '2024-11-27', 0),
  (60, 'Noah Campos', 'Five Island', '2024-12-14', 0),
  (61, 'Alexandre Silva', 'One Island', '2024-05-25', 0),
  (62, 'Ana Luiza Mendes', 'Outcast Island', '2025-03-30', 0),
  (63, 'Igor Mendes', 'Five Island', '2024-01-12', 0),
  (64, 'Ísis Abreu', 'Vermilion City', '2024-06-30', 0),
  (65, 'Srta. Raquel Moura', 'Fuchsia City', '2024-11-08', 0),
  (66, 'Noah Rodrigues', 'Cerulean City', '2024-09-09', 0),
  (67, 'Sr. Leandro Pastor', 'Indigo Plateau', '2024-04-21', 0),
  (68, 'Breno Costela', 'Pewter City', '2024-03-07', 0),
  (69, 'Sra. Giovanna Porto', 'One Island', '2024-07-22', 0),
  (70, 'Gustavo da Paz', 'Two Island', '2025-04-14', 0),
  (71, 'Ana Azevedo', 'Vermilion City', '2024-02-11', 0),
  (72, 'Milena Barbosa', 'One Island', '2024-08-17', 0),
  (73, 'Bryan Albuquerque', 'Lavender Town', '2024-10-08', 0),
  (74, 'Vitor Gabriel Câmara', 'Pallet Town', '2025-03-28', 0),
  (75, 'Maria Fernanda Cunha', 'Four Island', '2025-02-23', 0),
  (76, 'Gustavo Sousa', 'Six Island', '2025-03-18', 0),
  (77, 'Caleb Mendonça', 'Four Island', '2024-05-22', 0),
  (78, 'José Pedro Lima', 'One Island', '2024-07-02', 0),
  (79, 'Sr. Fernando Ramos', 'Pewter City', '2025-05-05', 0),
  (80, 'Levi Andrade', 'Cinnabar Island', '2024-03-18', 0),
  (81, 'João Lucas Rezende', 'Pallet Town', '2024-03-31', 0),
  (82, 'João Guilherme Castro', 'Pewter City', '2024-04-28', 0),
  (83, 'Luiz Fernando da Paz', 'Two Island', '2024-01-07', 0),
  (84, 'Yan Nascimento', 'Seven Island', '2025-03-01', 0),
  (85, 'Maria Flor da Cruz', 'Lavender Town', '2024-04-03', 0),
  (86, 'Thomas Novaes', 'Celadon City', '2024-05-24', 0),
  (87, 'Maria Laura Fonseca', 'Four Island', '2024-03-15', 0),
  (88, 'Isabella Nascimento', 'Outcast Island', '2024-09-30', 0),
  (89, 'Kamilly Garcia', 'Seven Island', '2024-11-08', 0),
  (90, 'Sr. José Miguel Garcia', 'Pallet Town', '2024-06-12', 0),
  (91, 'Ana Cecília da Cruz', 'Three Island', '2024-12-19', 0),
  (92, 'Maria Sophia Peixoto', 'Birth Island', '2025-05-01', 0),
  (93, 'Ana Luiza Alves', 'Cerulean City', '2024-12-01', 0),
  (94, 'Stephany Porto', 'Six Island', '2024-08-21', 0),
  (95, 'Kaique Rodrigues', 'One Island', '2024-07-19', 0),
  (96, 'Vicente Cirino', 'One Island', '2024-07-23', 0),
  (97, 'Gabriela Oliveira', 'Two Island', '2024-02-23', 0),
  (98, 'Gustavo Pimenta', 'One Island', '2024-11-20', 0),
  (99, 'Pietro Santos', 'Viridian City', '2024-02-01', 0),
  (100, 'Arthur Miguel Casa Grande', 'Viridian City', '2024-02-04', 0),
  (101, 'Carolina Ferreira', 'Vermilion City', '2024-08-13', 0),
  (102, 'Nathan Farias', 'Saffron City', '2024-02-26', 0),
  (103, 'Srta. Pietra Martins', 'Cerulean City', '2024-11-03', 0),
  (104, 'Dom Moura', 'Celadon City', '2024-02-22', 0),
  (105, 'Rodrigo Brito', 'Pallet Town', '2024-10-17', 0),
  (106, 'Davi Miguel Fernandes', 'Fuchsia City', '2024-10-01', 0),
  (107, 'Joana Dias', 'Outcast Island', '2025-04-30', 0),
  (108, 'Helena Guerra', 'Celadon City', '2024-11-10', 0),
  (109, 'Bruno Melo', 'Viridian City', '2024-02-06', 0),
  (110, 'João Jesus', 'One Island', '2024-11-10', 0),
  (111, 'Raul Borges', 'Lavender Town', '2024-03-17', 0),
  (112, 'Dra. Heloísa Gonçalves', 'Outcast Island', '2025-05-04', 0),
  (113, 'Henrique Alves', 'Outcast Island', '2024-11-04', 0),
  (114, 'Pietra Oliveira', 'Fuchsia City', '2024-08-30', 0),
  (115, 'Maria Fernanda Araújo', 'Two Island', '2024-02-29', 0),
  (116, 'Cauê Rezende', 'Five Island', '2025-05-15', 0),
  (117, 'Sra. Mariana Araújo', 'Two Island', '2024-09-02', 0),
  (118, 'Ester Dias', 'Cinnabar Island', '2024-06-08', 0),
  (119, 'Oliver Câmara', 'Fuchsia City', '2024-03-14', 0),
  (120, 'Théo Borges', 'Saffron City', '2025-01-18', 0);

-- Tabela: Time_Treinador (Pokémon inscritos por treinador no torneio)
INSERT INTO `Time_Treinador` (`Treinador_id_treinador`, `Pokemon_id_especie`, `posicao_no_time`) VALUES
  (1, 123, 1),
  (1, 42, 2),
  (1, 133, 3),
  (1, 6, 4),
  (1, 53, 5),
  (2, 38, 1),
  (2, 140, 2),
  (2, 7, 3),
  (2, 136, 4),
  (2, 77, 5),
  (3, 67, 1),
  (3, 133, 2),
  (3, 94, 3),
  (4, 92, 1),
  (4, 58, 2),
  (4, 137, 3),
  (4, 139, 4),
  (5, 58, 1),
  (5, 50, 2),
  (5, 62, 3),
  (5, 103, 4),
  (5, 59, 5),
  (6, 133, 1),
  (6, 127, 2),
  (6, 92, 3),
  (6, 8, 4),
  (7, 72, 1),
  (7, 121, 2),
  (7, 67, 3),
  (8, 89, 1),
  (8, 115, 2),
  (8, 90, 3),
  (8, 94, 4),
  (9, 57, 1),
  (9, 27, 2),
  (9, 59, 3),
  (10, 51, 1),
  (10, 87, 2),
  (10, 53, 3),
  (10, 124, 4),
  (10, 1, 5),
  (10, 123, 6),
  (11, 22, 1),
  (11, 31, 2),
  (11, 100, 3),
  (11, 52, 4),
  (11, 123, 5),
  (12, 112, 1),
  (12, 86, 2),
  (12, 23, 3),
  (12, 102, 4),
  (13, 103, 1),
  (13, 22, 2),
  (13, 41, 3),
  (13, 44, 4),
  (13, 33, 5),
  (13, 8, 6),
  (14, 120, 1),
  (14, 38, 2),
  (14, 122, 3),
  (14, 90, 4),
  (15, 141, 1),
  (15, 34, 2),
  (15, 6, 3),
  (15, 4, 4),
  (16, 135, 1),
  (16, 36, 2),
  (16, 112, 3),
  (17, 55, 1),
  (17, 8, 2),
  (17, 65, 3),
  (17, 75, 4),
  (18, 151, 1),
  (18, 84, 2),
  (18, 67, 3),
  (18, 140, 4),
  (19, 34, 1),
  (19, 16, 2),
  (19, 91, 3),
  (19, 118, 4),
  (19, 150, 5),
  (19, 133, 6),
  (20, 129, 1),
  (20, 34, 2),
  (20, 137, 3),
  (20, 39, 4),
  (20, 135, 5),
  (20, 131, 6),
  (21, 113, 1),
  (21, 47, 2),
  (21, 2, 3),
  (22, 45, 1),
  (22, 37, 2),
  (22, 122, 3),
  (22, 31, 4),
  (23, 84, 1),
  (23, 133, 2),
  (23, 136, 3),
  (24, 28, 1),
  (24, 144, 2),
  (24, 15, 3),
  (24, 64, 4),
  (24, 49, 5),
  (24, 71, 6),
  (25, 26, 1),
  (25, 130, 2),
  (25, 116, 3),
  (26, 17, 1),
  (26, 114, 2),
  (26, 84, 3),
  (27, 71, 1),
  (27, 116, 2),
  (27, 131, 3),
  (27, 137, 4),
  (28, 130, 1),
  (28, 64, 2),
  (28, 134, 3),
  (28, 67, 4),
  (28, 144, 5),
  (28, 52, 6),
  (29, 36, 1),
  (29, 107, 2),
  (29, 32, 3),
  (29, 101, 4),
  (29, 114, 5),
  (29, 81, 6),
  (30, 62, 1),
  (30, 110, 2),
  (30, 19, 3),
  (31, 78, 1),
  (31, 32, 2),
  (31, 40, 3),
  (31, 94, 4),
  (32, 65, 1),
  (32, 36, 2),
  (32, 120, 3),
  (32, 57, 4),
  (33, 102, 1),
  (33, 125, 2),
  (33, 42, 3),
  (34, 42, 1),
  (34, 111, 2),
  (34, 132, 3),
  (34, 104, 4),
  (35, 108, 1),
  (35, 51, 2),
  (35, 92, 3),
  (35, 82, 4),
  (35, 24, 5),
  (36, 5, 1),
  (36, 87, 2),
  (36, 142, 3),
  (36, 118, 4),
  (36, 113, 5),
  (37, 99, 1),
  (37, 85, 2),
  (37, 133, 3),
  (38, 132, 1),
  (38, 17, 2),
  (38, 29, 3),
  (38, 59, 4),
  (38, 27, 5),
  (39, 68, 1),
  (39, 70, 2),
  (39, 11, 3),
  (40, 70, 1),
  (40, 34, 2),
  (40, 109, 3),
  (40, 67, 4),
  (41, 39, 1),
  (41, 138, 2),
  (41, 132, 3),
  (41, 147, 4),
  (41, 127, 5),
  (41, 84, 6),
  (42, 72, 1),
  (42, 15, 2),
  (42, 47, 3),
  (43, 19, 1),
  (43, 69, 2),
  (43, 5, 3),
  (43, 23, 4),
  (43, 67, 5),
  (43, 22, 6),
  (44, 18, 1),
  (44, 68, 2),
  (44, 32, 3),
  (44, 117, 4),
  (45, 87, 1),
  (45, 142, 2),
  (45, 107, 3),
  (46, 34, 1),
  (46, 12, 2),
  (46, 135, 3),
  (46, 62, 4),
  (46, 29, 5),
  (47, 68, 1),
  (47, 13, 2),
  (47, 47, 3),
  (47, 52, 4);

INSERT INTO `Time_Treinador` (`Treinador_id_treinador`, `Pokemon_id_especie`, `posicao_no_time`) VALUES
  (48, 79, 1),
  (48, 136, 2),
  (48, 53, 3),
  (48, 75, 4),
  (48, 115, 5),
  (49, 70, 1),
  (49, 89, 2),
  (49, 5, 3),
  (49, 65, 4),
  (50, 4, 1),
  (50, 5, 2),
  (50, 130, 3),
  (51, 132, 1),
  (51, 122, 2),
  (51, 63, 3),
  (51, 115, 4),
  (52, 111, 1),
  (52, 127, 2),
  (52, 140, 3),
  (53, 130, 1),
  (53, 79, 2),
  (53, 56, 3),
  (53, 59, 4),
  (53, 88, 5),
  (53, 51, 6),
  (54, 104, 1),
  (54, 89, 2),
  (54, 14, 3),
  (54, 34, 4),
  (55, 19, 1),
  (55, 66, 2),
  (55, 111, 3),
  (56, 15, 1),
  (56, 22, 2),
  (56, 98, 3),
  (56, 130, 4),
  (57, 63, 1),
  (57, 76, 2),
  (57, 12, 3),
  (57, 118, 4),
  (57, 48, 5),
  (58, 69, 1),
  (58, 115, 2),
  (58, 1, 3),
  (58, 68, 4),
  (59, 85, 1),
  (59, 141, 2),
  (59, 83, 3),
  (59, 63, 4),
  (59, 9, 5),
  (60, 56, 1),
  (60, 92, 2),
  (60, 47, 3),
  (60, 1, 4),
  (60, 86, 5),
  (61, 22, 1),
  (61, 122, 2),
  (61, 72, 3),
  (61, 129, 4),
  (61, 52, 5),
  (61, 64, 6),
  (62, 24, 1),
  (62, 68, 2),
  (62, 23, 3),
  (63, 103, 1),
  (63, 151, 2),
  (63, 11, 3),
  (63, 101, 4),
  (64, 77, 1),
  (64, 78, 2),
  (64, 60, 3),
  (65, 150, 1),
  (65, 136, 2),
  (65, 40, 3),
  (66, 84, 1),
  (66, 127, 2),
  (66, 39, 3),
  (66, 73, 4),
  (66, 38, 5),
  (66, 12, 6),
  (67, 130, 1),
  (67, 36, 2),
  (67, 135, 3),
  (67, 146, 4),
  (67, 5, 5),
  (67, 150, 6),
  (68, 22, 1),
  (68, 8, 2),
  (68, 11, 3),
  (68, 35, 4),
  (69, 27, 1),
  (69, 97, 2),
  (69, 116, 3),
  (69, 143, 4),
  (69, 13, 5),
  (70, 137, 1),
  (70, 63, 2),
  (70, 126, 3),
  (71, 1, 1),
  (71, 117, 2),
  (71, 18, 3),
  (71, 129, 4),
  (71, 138, 5),
  (72, 135, 1),
  (72, 17, 2),
  (72, 122, 3),
  (73, 20, 1),
  (73, 68, 2),
  (73, 61, 3),
  (73, 53, 4),
  (73, 60, 5),
  (74, 127, 1),
  (74, 98, 2),
  (74, 20, 3),
  (74, 123, 4),
  (74, 74, 5),
  (74, 12, 6),
  (75, 20, 1),
  (75, 38, 2),
  (75, 85, 3),
  (75, 66, 4),
  (76, 146, 1),
  (76, 35, 2),
  (76, 4, 3),
  (76, 124, 4),
  (76, 16, 5),
  (77, 69, 1),
  (77, 26, 2),
  (77, 56, 3),
  (77, 126, 4),
  (77, 75, 5),
  (77, 133, 6),
  (78, 119, 1),
  (78, 120, 2),
  (78, 31, 3),
  (78, 141, 4),
  (78, 52, 5),
  (79, 22, 1),
  (79, 122, 2),
  (79, 5, 3),
  (79, 75, 4),
  (79, 118, 5),
  (80, 130, 1),
  (80, 116, 2),
  (80, 69, 3),
  (81, 54, 1),
  (81, 20, 2),
  (81, 149, 3),
  (81, 24, 4),
  (81, 37, 5),
  (81, 135, 6),
  (82, 93, 1),
  (82, 34, 2),
  (82, 131, 3),
  (82, 72, 4),
  (82, 29, 5),
  (83, 60, 1),
  (83, 128, 2),
  (83, 125, 3),
  (83, 101, 4),
  (83, 7, 5),
  (84, 1, 1),
  (84, 126, 2),
  (84, 116, 3),
  (84, 104, 4),
  (85, 37, 1),
  (85, 107, 2),
  (85, 89, 3),
  (85, 97, 4),
  (85, 81, 5),
  (86, 85, 1),
  (86, 1, 2),
  (86, 84, 3),
  (87, 102, 1),
  (87, 31, 2),
  (87, 51, 3),
  (87, 4, 4),
  (87, 75, 5),
  (88, 96, 1),
  (88, 17, 2),
  (88, 101, 3),
  (88, 100, 4),
  (88, 151, 5),
  (89, 93, 1),
  (89, 110, 2),
  (89, 71, 3),
  (90, 72, 1),
  (90, 27, 2),
  (90, 14, 3),
  (91, 39, 1),
  (91, 64, 2),
  (91, 69, 3),
  (91, 112, 4),
  (91, 131, 5),
  (92, 49, 1),
  (92, 96, 2),
  (92, 110, 3),
  (92, 8, 4),
  (92, 103, 5),
  (93, 21, 1);

INSERT INTO `Time_Treinador` (`Treinador_id_treinador`, `Pokemon_id_especie`, `posicao_no_time`) VALUES
  (93, 13, 2),
  (93, 106, 3),
  (93, 116, 4),
  (94, 74, 1),
  (94, 125, 2),
  (94, 13, 3),
  (94, 141, 4),
  (95, 44, 1),
  (95, 121, 2),
  (95, 107, 3),
  (95, 88, 4),
  (96, 77, 1),
  (96, 66, 2),
  (96, 67, 3),
  (96, 104, 4),
  (96, 62, 5),
  (97, 124, 1),
  (97, 143, 2),
  (97, 101, 3),
  (97, 31, 4),
  (97, 43, 5),
  (98, 20, 1),
  (98, 54, 2),
  (98, 129, 3),
  (98, 128, 4),
  (99, 116, 1),
  (99, 86, 2),
  (99, 110, 3),
  (99, 36, 4),
  (100, 63, 1),
  (100, 24, 2),
  (100, 45, 3),
  (100, 88, 4),
  (101, 82, 1),
  (101, 62, 2),
  (101, 95, 3),
  (102, 146, 1),
  (102, 52, 2),
  (102, 6, 3),
  (102, 106, 4),
  (102, 99, 5),
  (103, 135, 1),
  (103, 54, 2),
  (103, 97, 3),
  (103, 70, 4),
  (103, 87, 5),
  (103, 16, 6),
  (104, 72, 1),
  (104, 148, 2),
  (104, 93, 3),
  (104, 33, 4),
  (104, 129, 5),
  (104, 136, 6),
  (105, 24, 1),
  (105, 70, 2),
  (105, 64, 3),
  (105, 99, 4),
  (106, 115, 1),
  (106, 111, 2),
  (106, 80, 3),
  (106, 6, 4),
  (106, 33, 5),
  (106, 9, 6),
  (107, 122, 1),
  (107, 151, 2),
  (107, 126, 3),
  (107, 1, 4),
  (107, 19, 5),
  (107, 101, 6),
  (108, 115, 1),
  (108, 64, 2),
  (108, 28, 3),
  (108, 58, 4),
  (108, 40, 5),
  (108, 39, 6),
  (109, 118, 1),
  (109, 22, 2),
  (109, 142, 3),
  (110, 1, 1),
  (110, 33, 2),
  (110, 60, 3),
  (111, 78, 1),
  (111, 33, 2),
  (111, 65, 3),
  (112, 29, 1),
  (112, 26, 2),
  (112, 19, 3),
  (112, 77, 4),
  (112, 135, 5),
  (112, 150, 6),
  (113, 100, 1),
  (113, 67, 2),
  (113, 58, 3),
  (113, 1, 4),
  (114, 138, 1),
  (114, 78, 2),
  (114, 118, 3),
  (115, 81, 1),
  (115, 63, 2),
  (115, 122, 3),
  (115, 135, 4),
  (115, 61, 5),
  (116, 8, 1),
  (116, 106, 2),
  (116, 79, 3),
  (116, 15, 4),
  (117, 50, 1),
  (117, 128, 2),
  (117, 108, 3),
  (118, 66, 1),
  (118, 59, 2),
  (118, 109, 3),
  (119, 59, 1),
  (119, 127, 2),
  (119, 9, 3),
  (119, 87, 4),
  (119, 108, 5),
  (120, 102, 1),
  (120, 51, 2),
  (120, 2, 3),
  (120, 75, 4),
  (120, 130, 5);

-- Tabela: Golpe (catálogo de golpes)
INSERT INTO `Golpe` (`id_golpe`, `nome`, `tipo`, `poder`, `precisao`, `pp_maximo`) VALUES
  (1, 'Pound', 'Normal', 40, 100, 35),
  (2, 'Karate Chop', 'Fighting', 50, 100, 25),
  (3, 'Double Slap', 'Normal', 15, 85, 10),
  (4, 'Comet Punch', 'Normal', 18, 85, 15),
  (5, 'Mega Punch', 'Normal', 80, 85, 20),
  (6, 'Pay Day', 'Normal', 40, 100, 20),
  (7, 'Fire Punch', 'Fire', 75, 100, 15),
  (8, 'Ice Punch', 'Ice', 75, 100, 15),
  (9, 'Thunder Punch', 'Electric', 75, 100, 15),
  (10, 'Scratch', 'Normal', 40, 100, 35),
  (11, 'Vice Grip', 'Normal', 55, 100, 30),
  (12, 'Guillotine', 'Normal', NULL, 30, 5),
  (13, 'Razor Wind', 'Normal', 80, 100, 10),
  (14, 'Swords Dance', 'Normal', NULL, NULL, 20),
  (15, 'Cut', 'Normal', 50, 95, 30),
  (16, 'Gust', 'Flying', 40, 100, 35),
  (17, 'Wing Attack', 'Flying', 60, 100, 35),
  (18, 'Whirlwind', 'Normal', NULL, NULL, 20),
  (19, 'Fly', 'Flying', 90, 95, 15),
  (20, 'Bind', 'Normal', 15, 85, 20),
  (21, 'Slam', 'Normal', 80, 75, 20),
  (22, 'Vine Whip', 'Grass', 45, 100, 25),
  (23, 'Stomp', 'Normal', 65, 100, 20),
  (24, 'Double Kick', 'Fighting', 30, 100, 30),
  (25, 'Mega Kick', 'Normal', 120, 75, 5),
  (26, 'Jump Kick', 'Fighting', 100, 95, 10),
  (27, 'Rolling Kick', 'Fighting', 60, 85, 15),
  (28, 'Sand Attack', 'Ground', NULL, 100, 15),
  (29, 'Headbutt', 'Normal', 70, 100, 15),
  (30, 'Horn Attack', 'Normal', 65, 100, 25),
  (31, 'Fury Attack', 'Normal', 15, 85, 20),
  (32, 'Horn Drill', 'Normal', NULL, 30, 5),
  (33, 'Tackle', 'Normal', 40, 100, 35),
  (34, 'Body Slam', 'Normal', 85, 100, 15),
  (35, 'Wrap', 'Normal', 15, 90, 20),
  (36, 'Take Down', 'Normal', 90, 85, 20),
  (37, 'Thrash', 'Normal', 120, 100, 10),
  (38, 'Double Edge', 'Normal', 120, 100, 15),
  (39, 'Tail Whip', 'Normal', NULL, 100, 30),
  (40, 'Poison Sting', 'Poison', 15, 100, 35),
  (41, 'Twineedle', 'Bug', 25, 100, 20),
  (42, 'Pin Missile', 'Bug', 25, 95, 20),
  (43, 'Leer', 'Normal', NULL, 100, 30),
  (44, 'Bite', 'Dark', 60, 100, 25),
  (45, 'Growl', 'Normal', NULL, 100, 40),
  (46, 'Roar', 'Normal', NULL, NULL, 20),
  (47, 'Sing', 'Normal', NULL, 55, 15),
  (48, 'Supersonic', 'Normal', NULL, 55, 20),
  (49, 'Sonic Boom', 'Normal', NULL, 90, 20),
  (50, 'Disable', 'Normal', NULL, 100, 20),
  (51, 'Acid', 'Poison', 40, 100, 30),
  (52, 'Ember', 'Fire', 40, 100, 25),
  (53, 'Flamethrower', 'Fire', 90, 100, 15),
  (54, 'Mist', 'Ice', NULL, NULL, 30),
  (55, 'Water Gun', 'Water', 40, 100, 25),
  (56, 'Hydro Pump', 'Water', 110, 80, 5),
  (57, 'Surf', 'Water', 90, 100, 15),
  (58, 'Ice Beam', 'Ice', 90, 100, 10),
  (59, 'Blizzard', 'Ice', 110, 70, 5),
  (60, 'Psybeam', 'Psychic', 65, 100, 20),
  (61, 'Bubble Beam', 'Water', 65, 100, 20),
  (62, 'Aurora Beam', 'Ice', 65, 100, 20),
  (63, 'Hyper Beam', 'Normal', 150, 90, 5),
  (64, 'Peck', 'Flying', 35, 100, 35),
  (65, 'Drill Peck', 'Flying', 80, 100, 20),
  (66, 'Submission', 'Fighting', 80, 80, 20),
  (67, 'Low Kick', 'Fighting', NULL, 100, 20),
  (68, 'Counter', 'Fighting', NULL, 100, 20),
  (69, 'Seismic Toss', 'Fighting', NULL, 100, 20),
  (70, 'Strength', 'Normal', 80, 100, 15),
  (71, 'Absorb', 'Grass', 20, 100, 25),
  (72, 'Mega Drain', 'Grass', 40, 100, 15),
  (73, 'Leech Seed', 'Grass', NULL, 90, 10),
  (74, 'Growth', 'Normal', NULL, NULL, 20),
  (75, 'Razor Leaf', 'Grass', 55, 95, 25),
  (76, 'Solar Beam', 'Grass', 120, 100, 10),
  (77, 'Poison Powder', 'Poison', NULL, 75, 35),
  (78, 'Stun Spore', 'Grass', NULL, 75, 30),
  (79, 'Sleep Powder', 'Grass', NULL, 75, 15),
  (80, 'Petal Dance', 'Grass', 120, 100, 10),
  (81, 'String Shot', 'Bug', NULL, 95, 40),
  (82, 'Dragon Rage', 'Dragon', NULL, 100, 10),
  (83, 'Fire Spin', 'Fire', 35, 85, 15),
  (84, 'Thunder Shock', 'Electric', 40, 100, 30),
  (85, 'Thunderbolt', 'Electric', 90, 100, 15),
  (86, 'Thunder Wave', 'Electric', NULL, 90, 20),
  (87, 'Thunder', 'Electric', 110, 70, 10),
  (88, 'Rock Throw', 'Rock', 50, 90, 15),
  (89, 'Earthquake', 'Ground', 100, 100, 10),
  (90, 'Fissure', 'Ground', NULL, 30, 5),
  (91, 'Dig', 'Ground', 80, 100, 10),
  (92, 'Toxic', 'Poison', NULL, 90, 10),
  (93, 'Confusion', 'Psychic', 50, 100, 25),
  (94, 'Psychic', 'Psychic', 90, 100, 10),
  (95, 'Hypnosis', 'Psychic', NULL, 60, 20),
  (96, 'Meditate', 'Psychic', NULL, NULL, 40),
  (97, 'Agility', 'Psychic', NULL, NULL, 30),
  (98, 'Quick Attack', 'Normal', 40, 100, 30),
  (99, 'Rage', 'Normal', 20, 100, 20),
  (100, 'Teleport', 'Psychic', NULL, NULL, 20),
  (101, 'Night Shade', 'Ghost', NULL, 100, 15),
  (102, 'Mimic', 'Normal', NULL, NULL, 10),
  (103, 'Screech', 'Normal', NULL, 85, 40),
  (104, 'Double Team', 'Normal', NULL, NULL, 15),
  (105, 'Recover', 'Normal', NULL, NULL, 5),
  (106, 'Harden', 'Normal', NULL, NULL, 30),
  (107, 'Minimize', 'Normal', NULL, NULL, 10),
  (108, 'Smokescreen', 'Normal', NULL, 100, 20),
  (109, 'Confuse Ray', 'Ghost', NULL, 100, 10),
  (110, 'Withdraw', 'Water', NULL, NULL, 40);

-- Tabela: Batalha (histórico do torneio)
INSERT INTO `Batalha` (`id_batalha`, `data_batalha`, `fase_torneio`, `Treinador_id_treinador`, `Treinador_id_treinador1`, `id_vencedor`) VALUES
  (1, '2025-02-01', 'Fase de Grupos', 10, 59, 10),
  (2, '2025-02-27', 'Fase de Grupos', 10, 3, 3),
  (3, '2025-02-20', 'Fase de Grupos', 59, 3, 59),
  (4, '2025-02-11', 'Fase de Grupos', 62, 1, 62),
  (5, '2025-02-15', 'Fase de Grupos', 62, 15, 15),
  (6, '2025-02-26', 'Fase de Grupos', 1, 15, 15),
  (7, '2025-02-17', 'Fase de Grupos', 8, 25, 8),
  (8, '2025-02-18', 'Fase de Grupos', 82, 72, 72),
  (9, '2025-02-06', 'Fase de Grupos', 82, 117, 117),
  (10, '2025-03-01', 'Fase de Grupos', 72, 117, 117),
  (11, '2025-02-03', 'Fase de Grupos', 92, 106, 92),
  (12, '2025-02-20', 'Fase de Grupos', 92, 41, 41),
  (13, '2025-02-07', 'Fase de Grupos', 106, 41, 106),
  (14, '2025-02-14', 'Fase de Grupos', 86, 105, 86),
  (15, '2025-02-20', 'Fase de Grupos', 53, 52, 52),
  (16, '2025-02-24', 'Fase de Grupos', 53, 16, 53),
  (17, '2025-02-25', 'Fase de Grupos', 52, 16, 52),
  (18, '2025-02-10', 'Fase de Grupos', 20, 103, 103),
  (19, '2025-02-19', 'Fase de Grupos', 20, 58, 58),
  (20, '2025-02-12', 'Fase de Grupos', 103, 58, 58),
  (21, '2025-02-24', 'Fase de Grupos', 54, 99, 99),
  (22, '2025-02-10', 'Fase de Grupos', 70, 12, 70),
  (23, '2025-02-11', 'Fase de Grupos', 70, 74, 70),
  (24, '2025-02-13', 'Fase de Grupos', 12, 74, 12),
  (25, '2025-02-08', 'Fase de Grupos', 50, 57, 57),
  (26, '2025-02-21', 'Fase de Grupos', 50, 94, 50),
  (27, '2025-02-21', 'Fase de Grupos', 57, 94, 57),
  (28, '2025-02-02', 'Fase de Grupos', 63, 40, 40),
  (29, '2025-02-08', 'Fase de Grupos', 32, 104, 104),
  (30, '2025-02-02', 'Fase de Grupos', 32, 2, 32),
  (31, '2025-02-20', 'Fase de Grupos', 104, 2, 104),
  (32, '2025-02-03', 'Fase de Grupos', 61, 78, 61),
  (33, '2025-02-17', 'Fase de Grupos', 61, 102, 102),
  (34, '2025-02-15', 'Fase de Grupos', 78, 102, 78),
  (35, '2025-02-25', 'Fase de Grupos', 110, 26, 26),
  (36, '2025-02-11', 'Fase de Grupos', 83, 84, 84),
  (37, '2025-02-02', 'Fase de Grupos', 83, 47, 83),
  (38, '2025-02-09', 'Fase de Grupos', 84, 47, 84),
  (39, '2025-02-20', 'Fase de Grupos', 90, 48, 90),
  (40, '2025-02-27', 'Fase de Grupos', 90, 97, 90),
  (41, '2025-02-27', 'Fase de Grupos', 48, 97, 48),
  (42, '2025-02-14', 'Fase de Grupos', 24, 64, 64),
  (43, '2025-02-18', 'Fase de Grupos', 69, 42, 42),
  (44, '2025-02-03', 'Fase de Grupos', 69, 44, 44),
  (45, '2025-02-04', 'Fase de Grupos', 42, 44, 44),
  (46, '2025-02-22', 'Fase de Grupos', 66, 49, 49),
  (47, '2025-02-21', 'Fase de Grupos', 66, 93, 66),
  (48, '2025-02-21', 'Fase de Grupos', 49, 93, 49),
  (49, '2025-02-13', 'Fase de Grupos', 79, 27, 79),
  (50, '2025-02-14', 'Fase de Grupos', 17, 39, 39),
  (51, '2025-02-01', 'Fase de Grupos', 17, 21, 21),
  (52, '2025-02-21', 'Fase de Grupos', 39, 21, 21),
  (53, '2025-02-13', 'Fase de Grupos', 71, 116, 71),
  (54, '2025-02-07', 'Fase de Grupos', 71, 115, 115),
  (55, '2025-02-14', 'Fase de Grupos', 116, 115, 116),
  (56, '2025-02-14', 'Fase de Grupos', 118, 9, 118),
  (57, '2025-02-01', 'Fase de Grupos', 65, 87, 65),
  (58, '2025-02-18', 'Fase de Grupos', 65, 45, 65),
  (59, '2025-02-21', 'Fase de Grupos', 87, 45, 87),
  (60, '2025-02-03', 'Fase de Grupos', 36, 5, 5),
  (61, '2025-02-24', 'Fase de Grupos', 36, 95, 95),
  (62, '2025-02-05', 'Fase de Grupos', 5, 95, 5),
  (63, '2025-02-16', 'Fase de Grupos', 100, 120, 120),
  (64, '2025-02-10', 'Fase de Grupos', 100, 101, 100),
  (65, '2025-02-27', 'Fase de Grupos', 120, 101, 120),
  (66, '2025-02-16', 'Fase de Grupos', 108, 111, 108),
  (67, '2025-02-02', 'Fase de Grupos', 108, 96, 96),
  (68, '2025-02-03', 'Fase de Grupos', 111, 96, 96),
  (69, '2025-02-27', 'Fase de Grupos', 73, 107, 73),
  (70, '2025-02-06', 'Fase de Grupos', 73, 35, 35),
  (71, '2025-02-02', 'Fase de Grupos', 107, 35, 107),
  (72, '2025-02-17', 'Fase de Grupos', 75, 68, 68),
  (73, '2025-02-13', 'Fase de Grupos', 75, 4, 75),
  (74, '2025-02-04', 'Fase de Grupos', 68, 4, 4),
  (75, '2025-02-04', 'Fase de Grupos', 56, 109, 109),
  (76, '2025-02-20', 'Fase de Grupos', 56, 76, 76),
  (77, '2025-02-18', 'Fase de Grupos', 109, 76, 76),
  (78, '2025-02-21', 'Fase de Grupos', 119, 85, 85),
  (79, '2025-02-10', 'Fase de Grupos', 119, 28, 28),
  (80, '2025-02-14', 'Fase de Grupos', 85, 28, 85),
  (81, '2025-02-01', 'Fase de Grupos', 55, 33, 55),
  (82, '2025-02-20', 'Fase de Grupos', 55, 13, 55),
  (83, '2025-02-15', 'Fase de Grupos', 33, 13, 13),
  (84, '2025-02-15', 'Fase de Grupos', 23, 113, 23),
  (85, '2025-02-27', 'Fase de Grupos', 23, 7, 7),
  (86, '2025-02-26', 'Fase de Grupos', 113, 7, 113),
  (87, '2025-02-12', 'Fase de Grupos', 112, 81, 81),
  (88, '2025-02-26', 'Fase de Grupos', 112, 31, 112),
  (89, '2025-02-17', 'Fase de Grupos', 81, 31, 31),
  (90, '2025-02-02', 'Fase de Grupos', 6, 43, 6),
  (91, '2025-02-03', 'Fase de Grupos', 6, 51, 6),
  (92, '2025-02-25', 'Fase de Grupos', 43, 51, 51),
  (93, '2025-02-01', 'Fase de Grupos', 67, 37, 67),
  (94, '2025-02-20', 'Fase de Grupos', 67, 46, 67),
  (95, '2025-02-07', 'Fase de Grupos', 37, 46, 37),
  (96, '2025-03-01', 'Fase de Grupos', 18, 22, 18),
  (97, '2025-02-10', 'Fase de Grupos', 18, 19, 19),
  (98, '2025-02-22', 'Fase de Grupos', 22, 19, 22),
  (99, '2025-02-11', 'Fase de Grupos', 89, 88, 89),
  (100, '2025-03-01', 'Fase de Grupos', 89, 91, 91),
  (101, '2025-02-05', 'Fase de Grupos', 88, 91, 91),
  (102, '2025-02-17', 'Fase de Grupos', 114, 11, 11),
  (103, '2025-02-07', 'Fase de Grupos', 114, 77, 77),
  (104, '2025-02-20', 'Fase de Grupos', 11, 77, 77),
  (105, '2025-03-20', 'Oitavas de Final', 120, 55, 120),
  (106, '2025-03-21', 'Oitavas de Final', 91, 117, 117),
  (107, '2025-03-19', 'Oitavas de Final', 76, 65, 65),
  (108, '2025-03-17', 'Oitavas de Final', 6, 104, 6),
  (109, '2025-03-20', 'Oitavas de Final', 73, 44, 44),
  (110, '2025-03-17', 'Oitavas de Final', 52, 70, 70),
  (111, '2025-03-17', 'Oitavas de Final', 15, 67, 67),
  (112, '2025-03-17', 'Oitavas de Final', 84, 21, 84),
  (113, '2025-04-11', 'Quartas de Final', 120, 117, 117),
  (114, '2025-04-08', 'Quartas de Final', 65, 6, 65),
  (115, '2025-04-06', 'Quartas de Final', 44, 70, 44),
  (116, '2025-04-07', 'Quartas de Final', 67, 84, 67),
  (117, '2025-04-28', 'Semifinal', 117, 65, 65),
  (118, '2025-05-01', 'Semifinal', 44, 67, 67),
  (119, '2025-05-17', 'Terceiro Lugar', 117, 44, 117),
  (120, '2025-05-25', 'Final', 65, 67, 65);

SET FOREIGN_KEY_CHECKS = 1;
