USE `Pokemon_Torneio`;
SET FOREIGN_KEY_CHECKS = 0;

-- Tabela: Pokemon (catálogo de espécies)
INSERT INTO `Pokemon` (`id_especie`, `nome_especie`, `tipo_base`, `tipo_secundario`, `evolui_para_id`) VALUES
  (1, 'Bulbasaur', 'Grass', 'Poison', 2),
  (2, 'Ivysaur', 'Grass', 'Poison', 3),
  (3, 'Venusaur', 'Grass', 'Poison', NULL),
  (4, 'Charmander', 'Fire', NULL, 5),
  (5, 'Charmeleon', 'Fire', NULL, 6),
  (6, 'Charizard', 'Fire', 'Flying', NULL),
  (7, 'Squirtle', 'Water', NULL, 8),
  (8, 'Wartortle', 'Water', NULL, 9),
  (9, 'Blastoise', 'Water', NULL, NULL),
  (10, 'Caterpie', 'Bug', NULL, 11),
  (11, 'Metapod', 'Bug', NULL, 12),
  (12, 'Butterfree', 'Bug', 'Flying', NULL),
  (13, 'Weedle', 'Bug', 'Poison', 14),
  (14, 'Kakuna', 'Bug', 'Poison', 15),
  (15, 'Beedrill', 'Bug', 'Poison', NULL),
  (16, 'Pidgey', 'Normal', 'Flying', 17),
  (17, 'Pidgeotto', 'Normal', 'Flying', 18),
  (18, 'Pidgeot', 'Normal', 'Flying', NULL),
  (19, 'Rattata', 'Normal', NULL, 20),
  (20, 'Raticate', 'Normal', NULL, NULL),
  (21, 'Spearow', 'Normal', 'Flying', 22),
  (22, 'Fearow', 'Normal', 'Flying', NULL),
  (23, 'Ekans', 'Poison', NULL, 24),
  (24, 'Arbok', 'Poison', NULL, NULL),
  (25, 'Pikachu', 'Electric', NULL, 26),
  (26, 'Raichu', 'Electric', NULL, NULL),
  (27, 'Sandshrew', 'Ground', NULL, 28),
  (28, 'Sandslash', 'Ground', NULL, NULL),
  (29, 'Nidoran-f', 'Poison', NULL, 30),
  (30, 'Nidorina', 'Poison', NULL, 31),
  (31, 'Nidoqueen', 'Poison', 'Ground', NULL),
  (32, 'Nidoran-m', 'Poison', NULL, 33),
  (33, 'Nidorino', 'Poison', NULL, 34),
  (34, 'Nidoking', 'Poison', 'Ground', NULL),
  (35, 'Clefairy', 'Fairy', NULL, 36),
  (36, 'Clefable', 'Fairy', NULL, NULL),
  (37, 'Vulpix', 'Fire', NULL, 38),
  (38, 'Ninetales', 'Fire', NULL, NULL),
  (39, 'Jigglypuff', 'Normal', 'Fairy', 40),
  (40, 'Wigglytuff', 'Normal', 'Fairy', NULL),
  (41, 'Zubat', 'Poison', 'Flying', 42),
  (42, 'Golbat', 'Poison', 'Flying', NULL),
  (43, 'Oddish', 'Grass', 'Poison', 44),
  (44, 'Gloom', 'Grass', 'Poison', 45),
  (45, 'Vileplume', 'Grass', 'Poison', NULL),
  (46, 'Paras', 'Bug', 'Grass', 47),
  (47, 'Parasect', 'Bug', 'Grass', NULL),
  (48, 'Venonat', 'Bug', 'Poison', 49),
  (49, 'Venomoth', 'Bug', 'Poison', NULL),
  (50, 'Diglett', 'Ground', NULL, 51),
  (51, 'Dugtrio', 'Ground', NULL, NULL),
  (52, 'Meowth', 'Normal', NULL, 53),
  (53, 'Persian', 'Normal', NULL, NULL),
  (54, 'Psyduck', 'Water', NULL, 55),
  (55, 'Golduck', 'Water', NULL, NULL),
  (56, 'Mankey', 'Fighting', NULL, 57),
  (57, 'Primeape', 'Fighting', NULL, NULL),
  (58, 'Growlithe', 'Fire', NULL, 59),
  (59, 'Arcanine', 'Fire', NULL, NULL),
  (60, 'Poliwag', 'Water', NULL, 61),
  (61, 'Poliwhirl', 'Water', NULL, 62),
  (62, 'Poliwrath', 'Water', 'Fighting', NULL),
  (63, 'Abra', 'Psychic', NULL, 64),
  (64, 'Kadabra', 'Psychic', NULL, 65),
  (65, 'Alakazam', 'Psychic', NULL, NULL),
  (66, 'Machop', 'Fighting', NULL, 67),
  (67, 'Machoke', 'Fighting', NULL, 68),
  (68, 'Machamp', 'Fighting', NULL, NULL),
  (69, 'Bellsprout', 'Grass', 'Poison', 70),
  (70, 'Weepinbell', 'Grass', 'Poison', 71),
  (71, 'Victreebel', 'Grass', 'Poison', NULL),
  (72, 'Tentacool', 'Water', 'Poison', 73),
  (73, 'Tentacruel', 'Water', 'Poison', NULL),
  (74, 'Geodude', 'Rock', 'Ground', 75),
  (75, 'Graveler', 'Rock', 'Ground', 76),
  (76, 'Golem', 'Rock', 'Ground', NULL),
  (77, 'Ponyta', 'Fire', NULL, 78),
  (78, 'Rapidash', 'Fire', NULL, NULL),
  (79, 'Slowpoke', 'Water', 'Psychic', 80),
  (80, 'Slowbro', 'Water', 'Psychic', NULL),
  (81, 'Magnemite', 'Electric', 'Steel', 82),
  (82, 'Magneton', 'Electric', 'Steel', NULL),
  (83, 'Farfetchd', 'Normal', 'Flying', NULL),
  (84, 'Doduo', 'Normal', 'Flying', 85),
  (85, 'Dodrio', 'Normal', 'Flying', NULL),
  (86, 'Seel', 'Water', NULL, 87),
  (87, 'Dewgong', 'Water', 'Ice', NULL),
  (88, 'Grimer', 'Poison', NULL, 89),
  (89, 'Muk', 'Poison', NULL, NULL),
  (90, 'Shellder', 'Water', NULL, 91),
  (91, 'Cloyster', 'Water', 'Ice', NULL),
  (92, 'Gastly', 'Ghost', 'Poison', 93),
  (93, 'Haunter', 'Ghost', 'Poison', 94),
  (94, 'Gengar', 'Ghost', 'Poison', NULL),
  (95, 'Onix', 'Rock', 'Ground', NULL),
  (96, 'Drowzee', 'Psychic', NULL, 97),
  (97, 'Hypno', 'Psychic', NULL, NULL),
  (98, 'Krabby', 'Water', NULL, 99),
  (99, 'Kingler', 'Water', NULL, NULL),
  (100, 'Voltorb', 'Electric', NULL, 101),
  (101, 'Electrode', 'Electric', NULL, NULL),
  (102, 'Exeggcute', 'Grass', 'Psychic', 103),
  (103, 'Exeggutor', 'Grass', 'Psychic', NULL),
  (104, 'Cubone', 'Ground', NULL, 105),
  (105, 'Marowak', 'Ground', NULL, NULL),
  (106, 'Hitmonlee', 'Fighting', NULL, NULL),
  (107, 'Hitmonchan', 'Fighting', NULL, NULL),
  (108, 'Lickitung', 'Normal', NULL, NULL),
  (109, 'Koffing', 'Poison', NULL, 110),
  (110, 'Weezing', 'Poison', NULL, NULL),
  (111, 'Rhyhorn', 'Ground', 'Rock', 112),
  (112, 'Rhydon', 'Ground', 'Rock', NULL),
  (113, 'Chansey', 'Normal', NULL, NULL),
  (114, 'Tangela', 'Grass', NULL, NULL),
  (115, 'Kangaskhan', 'Normal', NULL, NULL),
  (116, 'Horsea', 'Water', NULL, 117),
  (117, 'Seadra', 'Water', NULL, NULL),
  (118, 'Goldeen', 'Water', NULL, 119),
  (119, 'Seaking', 'Water', NULL, NULL),
  (120, 'Staryu', 'Water', NULL, 121),
  (121, 'Starmie', 'Water', 'Psychic', NULL),
  (122, 'Mr-mime', 'Psychic', 'Fairy', NULL),
  (123, 'Scyther', 'Bug', 'Flying', NULL),
  (124, 'Jynx', 'Ice', 'Psychic', NULL),
  (125, 'Electabuzz', 'Electric', NULL, NULL),
  (126, 'Magmar', 'Fire', NULL, NULL),
  (127, 'Pinsir', 'Bug', NULL, NULL),
  (128, 'Tauros', 'Normal', NULL, NULL),
  (129, 'Magikarp', 'Water', NULL, 130),
  (130, 'Gyarados', 'Water', 'Flying', NULL),
  (131, 'Lapras', 'Water', 'Ice', NULL),
  (132, 'Ditto', 'Normal', NULL, NULL),
  (133, 'Eevee', 'Normal', NULL, 134),
  (134, 'Vaporeon', 'Water', NULL, NULL),
  (135, 'Jolteon', 'Electric', NULL, NULL),
  (136, 'Flareon', 'Fire', NULL, NULL),
  (137, 'Porygon', 'Normal', NULL, NULL),
  (138, 'Omanyte', 'Rock', 'Water', 139),
  (139, 'Omastar', 'Rock', 'Water', NULL),
  (140, 'Kabuto', 'Rock', 'Water', 141),
  (141, 'Kabutops', 'Rock', 'Water', NULL),
  (142, 'Aerodactyl', 'Rock', 'Flying', NULL),
  (143, 'Snorlax', 'Normal', NULL, NULL),
  (144, 'Articuno', 'Ice', 'Flying', NULL),
  (145, 'Zapdos', 'Electric', 'Flying', NULL),
  (146, 'Moltres', 'Fire', 'Flying', NULL),
  (147, 'Dratini', 'Dragon', NULL, 148),
  (148, 'Dragonair', 'Dragon', NULL, 149),
  (149, 'Dragonite', 'Dragon', 'Flying', NULL),
  (150, 'Mewtwo', 'Psychic', NULL, NULL),
  (151, 'Mew', 'Psychic', NULL, NULL);

-- Tabela: Treinador
INSERT INTO `Treinador` (`id_treinador`, `nome`, `cidade`, `data_inscricao`, `pontos_ranking`) VALUES
  (1, 'Dra. Clara da Mota', 'Pallet Town', '2024-06-14', 0),
  (2, 'Davi Borges', 'Cerulean City', '2024-07-21', 0),
  (3, 'João Gabriel Castro', 'Six Island', '2024-02-07', 0),
  (4, 'Eduarda Rocha', 'Outcast Island', '2024-02-18', 0),
  (5, 'Dr. Otávio Oliveira', 'Cerulean City', '2024-10-25', 0),
  (6, 'Isabelly da Rocha', 'Three Island', '2025-04-10', 0),
  (7, 'Ana Lívia Ferreira', 'Cerulean City', '2024-04-19', 0),
  (8, 'João Vitor Moreira', 'Four Island', '2024-02-14', 0),
  (9, 'Maria Liz da Conceição', 'Cinnabar Island', '2024-08-02', 0),
  (10, 'Sr. Bernardo Andrade', 'Cinnabar Island', '2024-05-03', 0),
  (11, 'Letícia Abreu', 'Four Island', '2024-10-09', 0),
  (12, 'Julia Farias', 'Seven Island', '2024-01-31', 0),
  (13, 'Vitor Hugo da Mata', 'Pewter City', '2024-03-04', 0),
  (14, 'Sra. Ana Laura Rocha', 'Seven Island', '2024-11-18', 0),
  (15, 'João Felipe da Conceição', 'Cerulean City', '2025-04-30', 0),
  (16, 'Anna Liz da Mota', 'Seven Island', '2024-10-22', 0),
  (17, 'Renan da Mota', 'Cerulean City', '2024-07-22', 0),
  (18, 'Murilo Mendes', 'Pewter City', '2025-05-14', 0),
  (19, 'Luan Dias', 'Six Island', '2024-01-24', 0),
  (20, 'Mariane Albuquerque', 'Pallet Town', '2025-03-15', 0),
  (21, 'Ian Camargo', 'Four Island', '2024-05-28', 0),
  (22, 'Antonella da Conceição', 'Six Island', '2024-03-14', 0),
  (23, 'João Vitor Caldeira', 'Seven Island', '2024-03-01', 0),
  (24, 'Aurora Barbosa', 'Six Island', '2024-06-06', 0),
  (25, 'Maria Alice Vargas', 'Vermilion City', '2025-02-21', 0),
  (26, 'Giovanna Pires', 'Seven Island', '2024-02-22', 0),
  (27, 'Bruno Cavalcante', 'Viridian City', '2024-10-19', 0),
  (28, 'Sabrina Ferreira', 'Fuchsia City', '2024-07-09', 0),
  (29, 'Sr. Felipe Cunha', 'Cinnabar Island', '2024-10-07', 0),
  (30, 'Sra. Yasmin Macedo', 'Cerulean City', '2024-10-15', 0),
  (31, 'Dr. Alexandre Campos', 'Viridian City', '2024-11-12', 0),
  (32, 'Stella da Costa', 'Six Island', '2024-09-11', 0),
  (33, 'Dra. Stephany Mendonça', 'Saffron City', '2024-08-06', 0),
  (34, 'Eduarda Sousa', 'Seven Island', '2024-08-26', 0),
  (35, 'Raquel da Rosa', 'Five Island', '2025-04-17', 0),
  (36, 'Augusto Leão', 'Indigo Plateau', '2024-07-04', 0),
  (37, 'Danilo Nunes', 'Vermilion City', '2024-05-07', 0),
  (38, 'Marina Montenegro', 'Pewter City', '2024-12-23', 0),
  (39, 'Beatriz Mendes', 'Seven Island', '2024-02-11', 0),
  (40, 'Sr. Enzo da Paz', 'Three Island', '2024-06-02', 0),
  (41, 'Juan Rezende', 'Saffron City', '2024-09-10', 0),
  (42, 'Kamilly Silveira', 'Five Island', '2025-01-08', 0),
  (43, 'Mariana Cunha', 'Birth Island', '2024-05-27', 0),
  (44, 'Júlia Novaes', 'Fuchsia City', '2024-02-07', 0),
  (45, 'Nicolas Garcia', 'Four Island', '2024-09-19', 0),
  (46, 'Aylla Caldeira', 'Saffron City', '2024-03-25', 0),
  (47, 'Lucca Fogaça', 'Two Island', '2024-03-18', 0),
  (48, 'Rafaela Novais', 'Cerulean City', '2024-08-03', 0),
  (49, 'Maria Fernanda Vasconcelos', 'Cinnabar Island', '2025-05-07', 0),
  (50, 'Srta. Eduarda Vieira', 'Six Island', '2025-01-26', 0),
  (51, 'Gustavo Novais', 'Saffron City', '2024-10-20', 0),
  (52, 'Bryan Moura', 'Outcast Island', '2024-06-23', 0),
  (53, 'Carolina Brito', 'Two Island', '2024-10-31', 0),
  (54, 'Sr. Benjamim Monteiro', 'Five Island', '2024-10-23', 0),
  (55, 'Ravi Lucca das Neves', 'Cinnabar Island', '2024-02-05', 0),
  (56, 'Diogo Azevedo', 'Lavender Town', '2025-04-28', 0),
  (57, 'Agatha Albuquerque', 'Cinnabar Island', '2024-08-30', 0),
  (58, 'Luiz Fernando Novaes', 'Indigo Plateau', '2024-02-01', 0),
  (59, 'Ana Liz Borges', 'Seven Island', '2024-11-27', 0),
  (60, 'Ana Sophia Campos', 'Five Island', '2024-12-14', 0),
  (61, 'Dr. Kevin Moraes', 'One Island', '2024-05-25', 0),
  (62, 'Daniel Porto', 'Outcast Island', '2025-03-30', 0),
  (63, 'Ana Cecília Casa Grande', 'Five Island', '2024-01-12', 0),
  (64, 'Josué Duarte', 'Vermilion City', '2024-06-30', 0),
  (65, 'João Guilherme Andrade', 'Fuchsia City', '2024-11-08', 0),
  (66, 'Melina Costela', 'Cerulean City', '2024-09-09', 0),
  (67, 'Sra. Nina Barros', 'Indigo Plateau', '2024-04-21', 0),
  (68, 'Isaque Melo', 'Pewter City', '2024-03-07', 0),
  (69, 'Sra. Aurora Farias', 'One Island', '2024-07-22', 0),
  (70, 'Brenda da Cunha', 'Two Island', '2025-04-14', 0),
  (71, 'Lucca das Neves', 'Vermilion City', '2024-02-11', 0),
  (72, 'Liam Siqueira', 'One Island', '2024-08-17', 0),
  (73, 'Marina Castro', 'Lavender Town', '2024-10-08', 0),
  (74, 'Dr. Nicolas da Cruz', 'Pallet Town', '2025-03-28', 0),
  (75, 'Benicio Vargas', 'Four Island', '2025-02-23', 0),
  (76, 'Maria Júlia da Rosa', 'Six Island', '2025-03-18', 0),
  (77, 'Nathan Ferreira', 'Four Island', '2024-05-22', 0),
  (78, 'Maria Cecília Gomes', 'One Island', '2024-07-02', 0),
  (79, 'Theodoro Sousa', 'Pewter City', '2025-05-05', 0),
  (80, 'Theo Sampaio', 'Cinnabar Island', '2024-03-18', 0),
  (81, 'Lorena Fernandes', 'Pallet Town', '2024-03-31', 0),
  (82, 'Dr. Yago Pimenta', 'Pewter City', '2024-04-28', 0),
  (83, 'Dra. Alícia Viana', 'Two Island', '2024-01-07', 0),
  (84, 'Maria Julia Freitas', 'Seven Island', '2025-03-01', 0),
  (85, 'Gustavo Henrique Moreira', 'Lavender Town', '2024-04-03', 0),
  (86, 'Igor Caldeira', 'Celadon City', '2024-05-24', 0),
  (87, 'Esther Montenegro', 'Four Island', '2024-03-15', 0),
  (88, 'Sophie Abreu', 'Outcast Island', '2024-09-30', 0),
  (89, 'Alícia Sousa', 'Seven Island', '2024-11-08', 0),
  (90, 'Bernardo Correia', 'Pallet Town', '2024-06-12', 0),
  (91, 'Dr. Mateus Moreira', 'Three Island', '2024-12-19', 0),
  (92, 'Liam Moraes', 'Birth Island', '2025-05-01', 0),
  (93, 'Sr. Mathias Aparecida', 'Cerulean City', '2024-12-01', 0),
  (94, 'Caleb Camargo', 'Six Island', '2024-08-21', 0),
  (95, 'Ana Sales', 'One Island', '2024-07-19', 0),
  (96, 'Beatriz Porto', 'One Island', '2024-07-23', 0),
  (97, 'Srta. Luana Novaes', 'Two Island', '2024-02-23', 0),
  (98, 'Rafael Pacheco', 'One Island', '2024-11-20', 0),
  (99, 'Gael Henrique Teixeira', 'Viridian City', '2024-02-01', 0),
  (100, 'Catarina Barbosa', 'Viridian City', '2024-02-04', 0),
  (101, 'Mariane Barbosa', 'Vermilion City', '2024-08-13', 0),
  (102, 'Manuela Jesus', 'Saffron City', '2024-02-26', 0),
  (103, 'Erick Pinto', 'Cerulean City', '2024-11-03', 0),
  (104, 'Bella Sampaio', 'Celadon City', '2024-02-22', 0),
  (105, 'Sra. Lunna Moura', 'Pallet Town', '2024-10-17', 0),
  (106, 'Maria Oliveira', 'Fuchsia City', '2024-10-01', 0),
  (107, 'Ana Liz Mendes', 'Outcast Island', '2025-04-30', 0),
  (108, 'Benjamin Guerra', 'Celadon City', '2024-11-10', 0),
  (109, 'Lucas Gabriel Cunha', 'Viridian City', '2024-02-06', 0),
  (110, 'Eduarda Peixoto', 'One Island', '2024-11-10', 0),
  (111, 'Laura Rios', 'Lavender Town', '2024-03-17', 0),
  (112, 'João Felipe Souza', 'Outcast Island', '2025-05-04', 0),
  (113, 'Maria Flor Leão', 'Outcast Island', '2024-11-04', 0),
  (114, 'Alice Costela', 'Fuchsia City', '2024-08-30', 0),
  (115, 'Bernardo da Mata', 'Two Island', '2024-02-29', 0),
  (116, 'Kaique Sales', 'Five Island', '2025-05-15', 0),
  (117, 'Helena Farias', 'Two Island', '2024-09-02', 0),
  (118, 'Benício Alves', 'Cinnabar Island', '2024-06-08', 0),
  (119, 'Yago Cardoso', 'Fuchsia City', '2024-03-14', 0),
  (120, 'Dr. Pedro Brito', 'Saffron City', '2025-01-18', 0);

-- Tabela: Time_Treinador (Pokémon inscritos por treinador no torneio)
INSERT INTO `Time_Treinador` (`Treinador_id_treinador`, `Pokemon_id_especie`) VALUES
  (1, 123),
  (1, 42),
  (1, 133),
  (1, 6),
  (1, 53),
  (2, 38),
  (2, 140),
  (2, 7),
  (2, 136),
  (2, 77),
  (3, 67),
  (3, 133),
  (3, 94),
  (4, 92),
  (4, 58),
  (4, 137),
  (4, 139),
  (5, 58),
  (5, 50),
  (5, 62),
  (5, 103),
  (5, 59),
  (6, 133),
  (6, 127),
  (6, 92),
  (6, 8),
  (7, 72),
  (7, 121),
  (7, 67),
  (8, 89),
  (8, 115),
  (8, 90),
  (8, 94),
  (9, 57),
  (9, 27),
  (9, 59),
  (10, 51),
  (10, 87),
  (10, 53),
  (10, 124),
  (10, 1),
  (10, 123),
  (11, 22),
  (11, 31),
  (11, 100),
  (11, 52),
  (11, 123),
  (12, 112),
  (12, 86),
  (12, 23),
  (12, 102),
  (13, 103),
  (13, 22),
  (13, 41),
  (13, 44),
  (13, 33),
  (13, 8),
  (14, 120),
  (14, 38),
  (14, 122),
  (14, 90),
  (15, 141),
  (15, 34),
  (15, 6),
  (15, 4),
  (16, 135),
  (16, 36),
  (16, 112),
  (17, 55),
  (17, 8),
  (17, 65),
  (17, 75),
  (18, 151),
  (18, 84),
  (18, 67),
  (18, 140),
  (19, 34),
  (19, 16),
  (19, 91),
  (19, 118),
  (19, 150),
  (19, 133),
  (20, 129),
  (20, 34),
  (20, 137),
  (20, 39),
  (20, 135),
  (20, 131),
  (21, 113),
  (21, 47),
  (21, 2),
  (22, 45),
  (22, 37),
  (22, 122),
  (22, 31),
  (23, 84),
  (23, 133),
  (23, 136),
  (24, 28),
  (24, 144),
  (24, 15),
  (24, 64),
  (24, 49),
  (24, 71),
  (25, 26),
  (25, 130),
  (25, 116),
  (26, 17),
  (26, 114),
  (26, 84),
  (27, 71),
  (27, 116),
  (27, 131),
  (27, 137),
  (28, 130),
  (28, 64),
  (28, 134),
  (28, 67),
  (28, 144),
  (28, 52),
  (29, 36),
  (29, 107),
  (29, 32),
  (29, 101),
  (29, 114),
  (29, 81),
  (30, 62),
  (30, 110),
  (30, 19),
  (31, 78),
  (31, 32),
  (31, 40),
  (31, 94),
  (32, 65),
  (32, 36),
  (32, 120),
  (32, 57),
  (33, 102),
  (33, 125),
  (33, 42),
  (34, 42),
  (34, 111),
  (34, 132),
  (34, 104),
  (35, 108),
  (35, 51),
  (35, 92),
  (35, 82),
  (35, 24),
  (36, 5),
  (36, 87),
  (36, 142),
  (36, 118),
  (36, 113),
  (37, 99),
  (37, 85),
  (37, 133),
  (38, 132),
  (38, 17),
  (38, 29),
  (38, 59),
  (38, 27),
  (39, 68),
  (39, 70),
  (39, 11),
  (40, 70),
  (40, 34),
  (40, 109),
  (40, 67),
  (41, 39),
  (41, 138),
  (41, 132),
  (41, 147),
  (41, 127),
  (41, 84),
  (42, 72),
  (42, 15),
  (42, 47),
  (43, 19),
  (43, 69),
  (43, 5),
  (43, 23),
  (43, 67),
  (43, 22),
  (44, 18),
  (44, 68),
  (44, 32),
  (44, 117),
  (45, 87),
  (45, 142),
  (45, 107),
  (46, 34),
  (46, 12),
  (46, 135),
  (46, 62),
  (46, 29),
  (47, 68),
  (47, 13),
  (47, 47),
  (47, 52);

INSERT INTO `Time_Treinador` (`Treinador_id_treinador`, `Pokemon_id_especie`) VALUES
  (48, 79),
  (48, 136),
  (48, 53),
  (48, 75),
  (48, 115),
  (49, 70),
  (49, 89),
  (49, 5),
  (49, 65),
  (50, 4),
  (50, 5),
  (50, 130),
  (51, 132),
  (51, 122),
  (51, 63),
  (51, 115),
  (52, 111),
  (52, 127),
  (52, 140),
  (53, 130),
  (53, 79),
  (53, 56),
  (53, 59),
  (53, 88),
  (53, 51),
  (54, 104),
  (54, 89),
  (54, 14),
  (54, 34),
  (55, 19),
  (55, 66),
  (55, 111),
  (56, 15),
  (56, 22),
  (56, 98),
  (56, 130),
  (57, 63),
  (57, 76),
  (57, 12),
  (57, 118),
  (57, 48),
  (58, 69),
  (58, 115),
  (58, 1),
  (58, 68),
  (59, 85),
  (59, 141),
  (59, 83),
  (59, 63),
  (59, 9),
  (60, 56),
  (60, 92),
  (60, 47),
  (60, 1),
  (60, 86),
  (61, 22),
  (61, 122),
  (61, 72),
  (61, 129),
  (61, 52),
  (61, 64),
  (62, 24),
  (62, 68),
  (62, 23),
  (63, 103),
  (63, 151),
  (63, 11),
  (63, 101),
  (64, 77),
  (64, 78),
  (64, 60),
  (65, 150),
  (65, 136),
  (65, 40),
  (66, 84),
  (66, 127),
  (66, 39),
  (66, 73),
  (66, 38),
  (66, 12),
  (67, 130),
  (67, 36),
  (67, 135),
  (67, 146),
  (67, 5),
  (67, 150),
  (68, 22),
  (68, 8),
  (68, 11),
  (68, 35),
  (69, 27),
  (69, 97),
  (69, 116),
  (69, 143),
  (69, 13),
  (70, 137),
  (70, 63),
  (70, 126),
  (71, 1),
  (71, 117),
  (71, 18),
  (71, 129),
  (71, 138),
  (72, 135),
  (72, 17),
  (72, 122),
  (73, 20),
  (73, 68),
  (73, 61),
  (73, 53),
  (73, 60),
  (74, 127),
  (74, 98),
  (74, 20),
  (74, 123),
  (74, 74),
  (74, 12),
  (75, 20),
  (75, 38),
  (75, 85),
  (75, 66),
  (76, 146),
  (76, 35),
  (76, 4),
  (76, 124),
  (76, 16),
  (77, 69),
  (77, 26),
  (77, 56),
  (77, 126),
  (77, 75),
  (77, 133),
  (78, 119),
  (78, 120),
  (78, 31),
  (78, 141),
  (78, 52),
  (79, 22),
  (79, 122),
  (79, 5),
  (79, 75),
  (79, 118),
  (80, 130),
  (80, 116),
  (80, 69),
  (81, 54),
  (81, 20),
  (81, 149),
  (81, 24),
  (81, 37),
  (81, 135),
  (82, 93),
  (82, 34),
  (82, 131),
  (82, 72),
  (82, 29),
  (83, 60),
  (83, 128),
  (83, 125),
  (83, 101),
  (83, 7),
  (84, 1),
  (84, 126),
  (84, 116),
  (84, 104),
  (85, 37),
  (85, 107),
  (85, 89),
  (85, 97),
  (85, 81),
  (86, 85),
  (86, 1),
  (86, 84),
  (87, 102),
  (87, 31),
  (87, 51),
  (87, 4),
  (87, 75),
  (88, 96),
  (88, 17),
  (88, 101),
  (88, 100),
  (88, 151),
  (89, 93),
  (89, 110),
  (89, 71),
  (90, 72),
  (90, 27),
  (90, 14),
  (91, 39),
  (91, 64),
  (91, 69),
  (91, 112),
  (91, 131),
  (92, 49),
  (92, 96),
  (92, 110),
  (92, 8),
  (92, 103),
  (93, 21);

INSERT INTO `Time_Treinador` (`Treinador_id_treinador`, `Pokemon_id_especie`) VALUES
  (93, 13),
  (93, 106),
  (93, 116),
  (94, 74),
  (94, 125),
  (94, 13),
  (94, 141),
  (95, 44),
  (95, 121),
  (95, 107),
  (95, 88),
  (96, 77),
  (96, 66),
  (96, 67),
  (96, 104),
  (96, 62),
  (97, 124),
  (97, 143),
  (97, 101),
  (97, 31),
  (97, 43),
  (98, 20),
  (98, 54),
  (98, 129),
  (98, 128),
  (99, 116),
  (99, 86),
  (99, 110),
  (99, 36),
  (100, 63),
  (100, 24),
  (100, 45),
  (100, 88),
  (101, 82),
  (101, 62),
  (101, 95),
  (102, 146),
  (102, 52),
  (102, 6),
  (102, 106),
  (102, 99),
  (103, 135),
  (103, 54),
  (103, 97),
  (103, 70),
  (103, 87),
  (103, 16),
  (104, 72),
  (104, 148),
  (104, 93),
  (104, 33),
  (104, 129),
  (104, 136),
  (105, 24),
  (105, 70),
  (105, 64),
  (105, 99),
  (106, 115),
  (106, 111),
  (106, 80),
  (106, 6),
  (106, 33),
  (106, 9),
  (107, 122),
  (107, 151),
  (107, 126),
  (107, 1),
  (107, 19),
  (107, 101),
  (108, 115),
  (108, 64),
  (108, 28),
  (108, 58),
  (108, 40),
  (108, 39),
  (109, 118),
  (109, 22),
  (109, 142),
  (110, 1),
  (110, 33),
  (110, 60),
  (111, 78),
  (111, 33),
  (111, 65),
  (112, 29),
  (112, 26),
  (112, 19),
  (112, 77),
  (112, 135),
  (112, 150),
  (113, 100),
  (113, 67),
  (113, 58),
  (113, 1),
  (114, 138),
  (114, 78),
  (114, 118),
  (115, 81),
  (115, 63),
  (115, 122),
  (115, 135),
  (115, 61),
  (116, 8),
  (116, 106),
  (116, 79),
  (116, 15),
  (117, 50),
  (117, 128),
  (117, 108),
  (118, 66),
  (118, 59),
  (118, 109),
  (119, 59),
  (119, 127),
  (119, 9),
  (119, 87),
  (119, 108),
  (120, 102),
  (120, 51),
  (120, 2),
  (120, 75),
  (120, 130);

-- Tabela: Golpe (catálogo de golpes)
INSERT INTO `Golpe` (`id_golpe`, `nome`, `tipo`, `poder`, `precisao`, `pp_maximo`) VALUES
  (1, 'Pound', 'Normal', 40, 100, 35),
  (2, 'Karate Chop', 'Fighting', 50, 100, 25),
  (3, 'Double Slap', 'Normal', 15, 85, 10),
  (4, 'Comet Punch', 'Normal', 18, 85, 15),
  (5, 'Mega Punch', 'Normal', 80, 85, 20),
  (6, 'Pay Day', 'Normal', 40, 100, 20),
  (7, 'Fire Punch', 'Fire', 75, 100, 15),
  (8, 'Ice Punch', 'Ice', 75, 100, 15),
  (9, 'Thunder Punch', 'Electric', 75, 100, 15),
  (10, 'Scratch', 'Normal', 40, 100, 35),
  (11, 'Vice Grip', 'Normal', 55, 100, 30),
  (12, 'Guillotine', 'Normal', NULL, 30, 5),
  (13, 'Razor Wind', 'Normal', 80, 100, 10),
  (14, 'Swords Dance', 'Normal', NULL, NULL, 20),
  (15, 'Cut', 'Normal', 50, 95, 30),
  (16, 'Gust', 'Flying', 40, 100, 35),
  (17, 'Wing Attack', 'Flying', 60, 100, 35),
  (18, 'Whirlwind', 'Normal', NULL, NULL, 20),
  (19, 'Fly', 'Flying', 90, 95, 15),
  (20, 'Bind', 'Normal', 15, 85, 20),
  (21, 'Slam', 'Normal', 80, 75, 20),
  (22, 'Vine Whip', 'Grass', 45, 100, 25),
  (23, 'Stomp', 'Normal', 65, 100, 20),
  (24, 'Double Kick', 'Fighting', 30, 100, 30),
  (25, 'Mega Kick', 'Normal', 120, 75, 5),
  (26, 'Jump Kick', 'Fighting', 100, 95, 10),
  (27, 'Rolling Kick', 'Fighting', 60, 85, 15),
  (28, 'Sand Attack', 'Ground', NULL, 100, 15),
  (29, 'Headbutt', 'Normal', 70, 100, 15),
  (30, 'Horn Attack', 'Normal', 65, 100, 25),
  (31, 'Fury Attack', 'Normal', 15, 85, 20),
  (32, 'Horn Drill', 'Normal', NULL, 30, 5),
  (33, 'Tackle', 'Normal', 40, 100, 35),
  (34, 'Body Slam', 'Normal', 85, 100, 15),
  (35, 'Wrap', 'Normal', 15, 90, 20),
  (36, 'Take Down', 'Normal', 90, 85, 20),
  (37, 'Thrash', 'Normal', 120, 100, 10),
  (38, 'Double Edge', 'Normal', 120, 100, 15),
  (39, 'Tail Whip', 'Normal', NULL, 100, 30),
  (40, 'Poison Sting', 'Poison', 15, 100, 35),
  (41, 'Twineedle', 'Bug', 25, 100, 20),
  (42, 'Pin Missile', 'Bug', 25, 95, 20),
  (43, 'Leer', 'Normal', NULL, 100, 30),
  (44, 'Bite', 'Dark', 60, 100, 25),
  (45, 'Growl', 'Normal', NULL, 100, 40),
  (46, 'Roar', 'Normal', NULL, NULL, 20),
  (47, 'Sing', 'Normal', NULL, 55, 15),
  (48, 'Supersonic', 'Normal', NULL, 55, 20),
  (49, 'Sonic Boom', 'Normal', NULL, 90, 20),
  (50, 'Disable', 'Normal', NULL, 100, 20),
  (51, 'Acid', 'Poison', 40, 100, 30),
  (52, 'Ember', 'Fire', 40, 100, 25),
  (53, 'Flamethrower', 'Fire', 90, 100, 15),
  (54, 'Mist', 'Ice', NULL, NULL, 30),
  (55, 'Water Gun', 'Water', 40, 100, 25),
  (56, 'Hydro Pump', 'Water', 110, 80, 5),
  (57, 'Surf', 'Water', 90, 100, 15),
  (58, 'Ice Beam', 'Ice', 90, 100, 10),
  (59, 'Blizzard', 'Ice', 110, 70, 5),
  (60, 'Psybeam', 'Psychic', 65, 100, 20),
  (61, 'Bubble Beam', 'Water', 65, 100, 20),
  (62, 'Aurora Beam', 'Ice', 65, 100, 20),
  (63, 'Hyper Beam', 'Normal', 150, 90, 5),
  (64, 'Peck', 'Flying', 35, 100, 35),
  (65, 'Drill Peck', 'Flying', 80, 100, 20),
  (66, 'Submission', 'Fighting', 80, 80, 20),
  (67, 'Low Kick', 'Fighting', NULL, 100, 20),
  (68, 'Counter', 'Fighting', NULL, 100, 20),
  (69, 'Seismic Toss', 'Fighting', NULL, 100, 20),
  (70, 'Strength', 'Normal', 80, 100, 15),
  (71, 'Absorb', 'Grass', 20, 100, 25),
  (72, 'Mega Drain', 'Grass', 40, 100, 15),
  (73, 'Leech Seed', 'Grass', NULL, 90, 10),
  (74, 'Growth', 'Normal', NULL, NULL, 20),
  (75, 'Razor Leaf', 'Grass', 55, 95, 25),
  (76, 'Solar Beam', 'Grass', 120, 100, 10),
  (77, 'Poison Powder', 'Poison', NULL, 75, 35),
  (78, 'Stun Spore', 'Grass', NULL, 75, 30),
  (79, 'Sleep Powder', 'Grass', NULL, 75, 15),
  (80, 'Petal Dance', 'Grass', 120, 100, 10),
  (81, 'String Shot', 'Bug', NULL, 95, 40),
  (82, 'Dragon Rage', 'Dragon', NULL, 100, 10),
  (83, 'Fire Spin', 'Fire', 35, 85, 15),
  (84, 'Thunder Shock', 'Electric', 40, 100, 30),
  (85, 'Thunderbolt', 'Electric', 90, 100, 15),
  (86, 'Thunder Wave', 'Electric', NULL, 90, 20),
  (87, 'Thunder', 'Electric', 110, 70, 10),
  (88, 'Rock Throw', 'Rock', 50, 90, 15),
  (89, 'Earthquake', 'Ground', 100, 100, 10),
  (90, 'Fissure', 'Ground', NULL, 30, 5),
  (91, 'Dig', 'Ground', 80, 100, 10),
  (92, 'Toxic', 'Poison', NULL, 90, 10),
  (93, 'Confusion', 'Psychic', 50, 100, 25),
  (94, 'Psychic', 'Psychic', 90, 100, 10),
  (95, 'Hypnosis', 'Psychic', NULL, 60, 20),
  (96, 'Meditate', 'Psychic', NULL, NULL, 40),
  (97, 'Agility', 'Psychic', NULL, NULL, 30),
  (98, 'Quick Attack', 'Normal', 40, 100, 30),
  (99, 'Rage', 'Normal', 20, 100, 20),
  (100, 'Teleport', 'Psychic', NULL, NULL, 20),
  (101, 'Night Shade', 'Ghost', NULL, 100, 15),
  (102, 'Mimic', 'Normal', NULL, NULL, 10),
  (103, 'Screech', 'Normal', NULL, 85, 40),
  (104, 'Double Team', 'Normal', NULL, NULL, 15),
  (105, 'Recover', 'Normal', NULL, NULL, 5),
  (106, 'Harden', 'Normal', NULL, NULL, 30),
  (107, 'Minimize', 'Normal', NULL, NULL, 10),
  (108, 'Smokescreen', 'Normal', NULL, 100, 20),
  (109, 'Confuse Ray', 'Ghost', NULL, 100, 10),
  (110, 'Withdraw', 'Water', NULL, NULL, 40);

-- Tabela: Pokemon_Golpe (golpes que cada espécie pode aprender)
INSERT INTO `Pokemon_Golpe` (`Pokemon_id_especie`, `Golpe_id_golpe`) VALUES
  (1, 45),
  (1, 76),
  (1, 70),
  (1, 79),
  (2, 34),
  (2, 99),
  (2, 77),
  (2, 75),
  (2, 45),
  (3, 45),
  (3, 74),
  (3, 33),
  (3, 46),
  (3, 92),
  (4, 10),
  (4, 99),
  (4, 102),
  (4, 70),
  (4, 46),
  (4, 52),
  (4, 66),
  (5, 7),
  (5, 68),
  (5, 38),
  (5, 92),
  (5, 69),
  (5, 36),
  (5, 25),
  (5, 15),
  (6, 108),
  (6, 53),
  (6, 69),
  (6, 5),
  (6, 89),
  (6, 14),
  (6, 29),
  (6, 44),
  (7, 61),
  (7, 102),
  (7, 25),
  (7, 5),
  (7, 54),
  (7, 57),
  (8, 56),
  (8, 54),
  (8, 102),
  (8, 104),
  (9, 55),
  (9, 61),
  (9, 25),
  (9, 58),
  (9, 69),
  (10, 81),
  (10, 33),
  (10, 86),
  (10, 21),
  (10, 52),
  (10, 92),
  (10, 36),
  (10, 54),
  (11, 81),
  (11, 106),
  (11, 54),
  (11, 7),
  (11, 40),
  (11, 97),
  (12, 33),
  (12, 92),
  (12, 60),
  (12, 79),
  (12, 48),
  (12, 63),
  (12, 29),
  (12, 36),
  (13, 81),
  (13, 40),
  (13, 75),
  (13, 82),
  (13, 49),
  (13, 97),
  (13, 66),
  (14, 106),
  (14, 81),
  (14, 45),
  (14, 37),
  (14, 21),
  (15, 63),
  (15, 103),
  (15, 81),
  (15, 42),
  (15, 72),
  (15, 92),
  (15, 64),
  (15, 15),
  (16, 36),
  (16, 28),
  (16, 19),
  (16, 16),
  (16, 97),
  (16, 102),
  (16, 92),
  (16, 98),
  (17, 13),
  (17, 36),
  (17, 102),
  (17, 97),
  (18, 97),
  (18, 102),
  (18, 28),
  (18, 16),
  (18, 36),
  (18, 19),
  (19, 99),
  (19, 68),
  (19, 44),
  (19, 58),
  (20, 55),
  (20, 102),
  (20, 14),
  (20, 104),
  (20, 44),
  (20, 91),
  (20, 15),
  (20, 85),
  (21, 104),
  (21, 99),
  (21, 43),
  (21, 97),
  (21, 45),
  (21, 17),
  (21, 92),
  (21, 98),
  (22, 98),
  (22, 38),
  (22, 13),
  (22, 92),
  (22, 18),
  (22, 17),
  (23, 92),
  (23, 51),
  (23, 38),
  (23, 40),
  (23, 35),
  (24, 89),
  (24, 38),
  (24, 103),
  (24, 63),
  (25, 38),
  (25, 85),
  (25, 45),
  (25, 6),
  (25, 86),
  (25, 29),
  (25, 66),
  (25, 92),
  (26, 87),
  (26, 57),
  (26, 66),
  (26, 91),
  (27, 67),
  (27, 68),
  (27, 40),
  (27, 66),
  (27, 90),
  (27, 36),
  (27, 38),
  (28, 90),
  (28, 102),
  (28, 38),
  (28, 70),
  (28, 14),
  (28, 29),
  (28, 63),
  (28, 99),
  (29, 45),
  (29, 34),
  (29, 29),
  (29, 59),
  (29, 33),
  (29, 104),
  (29, 87),
  (30, 33),
  (30, 61),
  (30, 36),
  (30, 99),
  (31, 90),
  (31, 57),
  (31, 38),
  (31, 7),
  (31, 9),
  (31, 89),
  (32, 38),
  (32, 102),
  (32, 64),
  (32, 104),
  (33, 64),
  (33, 92),
  (33, 24),
  (33, 85),
  (33, 32);

INSERT INTO `Pokemon_Golpe` (`Pokemon_id_especie`, `Golpe_id_golpe`) VALUES
  (33, 40),
  (34, 5),
  (34, 57),
  (34, 33),
  (34, 40),
  (34, 58),
  (34, 37),
  (34, 43),
  (34, 63),
  (35, 70),
  (35, 76),
  (35, 5),
  (35, 87),
  (35, 68),
  (35, 55),
  (35, 9),
  (36, 38),
  (36, 70),
  (36, 34),
  (36, 5),
  (37, 33),
  (37, 95),
  (37, 53),
  (37, 97),
  (37, 83),
  (37, 102),
  (37, 38),
  (37, 92),
  (38, 99),
  (38, 46),
  (38, 102),
  (38, 109),
  (38, 50),
  (38, 95),
  (39, 103),
  (39, 3),
  (39, 66),
  (39, 86),
  (39, 76),
  (40, 66),
  (40, 102),
  (40, 68),
  (40, 58),
  (40, 34),
  (40, 29),
  (41, 13),
  (41, 98),
  (41, 109),
  (41, 19),
  (41, 99),
  (41, 92),
  (41, 104),
  (41, 95),
  (42, 63),
  (42, 36),
  (42, 109),
  (42, 72),
  (42, 18),
  (42, 102),
  (42, 92),
  (42, 98),
  (43, 38),
  (43, 71),
  (43, 102),
  (43, 92),
  (43, 77),
  (43, 104),
  (43, 36),
  (44, 79),
  (44, 99),
  (44, 15),
  (44, 72),
  (44, 14),
  (45, 72),
  (45, 29),
  (45, 78),
  (45, 92),
  (45, 14),
  (45, 76),
  (45, 80),
  (46, 34),
  (46, 77),
  (46, 36),
  (46, 72),
  (46, 97),
  (46, 92),
  (46, 60),
  (46, 79),
  (47, 103),
  (47, 77),
  (47, 14),
  (47, 92),
  (48, 103),
  (48, 93),
  (48, 60),
  (48, 99),
  (48, 50),
  (48, 79),
  (48, 77),
  (49, 100),
  (49, 104),
  (49, 29),
  (49, 76),
  (50, 15),
  (50, 36),
  (50, 90),
  (50, 29),
  (50, 14),
  (50, 45),
  (50, 28),
  (51, 14),
  (51, 38),
  (51, 28),
  (51, 15),
  (51, 36),
  (52, 15),
  (52, 38),
  (52, 103),
  (52, 47),
  (52, 99),
  (53, 46),
  (53, 103),
  (53, 44),
  (53, 95),
  (53, 10),
  (53, 36),
  (53, 55),
  (53, 38),
  (54, 99),
  (54, 57),
  (54, 5),
  (54, 69),
  (54, 95),
  (54, 67),
  (54, 109),
  (55, 39),
  (55, 68),
  (55, 29),
  (55, 94),
  (55, 104),
  (55, 67),
  (56, 43),
  (56, 104),
  (56, 8),
  (56, 92),
  (57, 10),
  (57, 43),
  (57, 87),
  (57, 102),
  (57, 9),
  (58, 99),
  (58, 37),
  (58, 52),
  (58, 97),
  (58, 46),
  (58, 29),
  (59, 38),
  (59, 97),
  (59, 52),
  (59, 44),
  (59, 100),
  (59, 102),
  (59, 70),
  (60, 58),
  (60, 95),
  (60, 3),
  (60, 54),
  (60, 61),
  (60, 102),
  (60, 55),
  (60, 92),
  (61, 57),
  (61, 68),
  (61, 95),
  (61, 102),
  (62, 99),
  (62, 90),
  (62, 67),
  (62, 36),
  (62, 70),
  (62, 91),
  (62, 94),
  (63, 36),
  (63, 93),
  (63, 104),
  (63, 100),
  (63, 9),
  (64, 92),
  (64, 105),
  (64, 50),
  (64, 91),
  (64, 68),
  (64, 8),
  (64, 34),
  (65, 63),
  (65, 86),
  (65, 34),
  (65, 100),
  (65, 66),
  (65, 50);

INSERT INTO `Pokemon_Golpe` (`Pokemon_id_especie`, `Golpe_id_golpe`) VALUES
  (65, 93),
  (66, 2),
  (66, 102),
  (66, 36),
  (66, 29),
  (66, 9),
  (66, 96),
  (66, 43),
  (67, 7),
  (67, 33),
  (67, 68),
  (67, 104),
  (67, 9),
  (68, 53),
  (68, 5),
  (68, 69),
  (68, 9),
  (68, 92),
  (68, 104),
  (69, 75),
  (69, 36),
  (69, 74),
  (69, 72),
  (69, 77),
  (69, 29),
  (69, 20),
  (69, 51),
  (70, 35),
  (70, 14),
  (70, 74),
  (70, 36),
  (71, 15),
  (71, 51),
  (71, 35),
  (71, 20),
  (71, 72),
  (71, 36),
  (71, 92),
  (72, 57),
  (72, 104),
  (72, 35),
  (72, 58),
  (72, 59),
  (72, 29),
  (73, 36),
  (73, 51),
  (73, 40),
  (73, 72),
  (73, 59),
  (74, 104),
  (74, 36),
  (74, 7),
  (74, 92),
  (74, 5),
  (74, 9),
  (74, 66),
  (74, 53),
  (75, 99),
  (75, 7),
  (75, 38),
  (75, 89),
  (75, 68),
  (75, 90),
  (76, 33),
  (76, 9),
  (76, 53),
  (76, 25),
  (76, 36),
  (76, 89),
  (77, 99),
  (77, 83),
  (77, 32),
  (77, 39),
  (77, 37),
  (77, 52),
  (77, 23),
  (77, 92),
  (78, 63),
  (78, 92),
  (78, 23),
  (78, 83),
  (78, 33),
  (79, 53),
  (79, 91),
  (79, 92),
  (79, 104),
  (79, 102),
  (80, 70),
  (80, 93),
  (80, 69),
  (80, 25),
  (81, 99),
  (81, 100),
  (81, 104),
  (81, 29),
  (81, 49),
  (81, 86),
  (81, 36),
  (82, 87),
  (82, 100),
  (82, 104),
  (82, 84),
  (82, 102),
  (83, 102),
  (83, 36),
  (83, 75),
  (83, 31),
  (84, 18),
  (84, 14),
  (84, 38),
  (84, 97),
  (84, 17),
  (84, 99),
  (85, 102),
  (85, 99),
  (85, 64),
  (85, 37),
  (85, 14),
  (85, 19),
  (86, 70),
  (86, 55),
  (86, 99),
  (86, 59),
  (86, 62),
  (86, 57),
  (86, 6),
  (87, 92),
  (87, 56),
  (87, 104),
  (87, 70),
  (87, 32),
  (87, 34),
  (88, 109),
  (88, 91),
  (88, 72),
  (88, 107),
  (89, 29),
  (89, 50),
  (89, 104),
  (89, 34),
  (89, 109),
  (89, 8),
  (89, 36),
  (89, 70),
  (90, 41),
  (90, 57),
  (90, 99),
  (90, 38),
  (90, 33),
  (90, 62),
  (90, 59),
  (91, 59),
  (91, 63),
  (91, 55),
  (91, 38),
  (91, 62),
  (91, 58),
  (91, 56),
  (92, 94),
  (92, 101),
  (92, 102),
  (92, 95),
  (92, 85),
  (92, 104),
  (92, 8),
  (93, 29),
  (93, 85),
  (93, 72),
  (93, 95),
  (93, 7),
  (93, 8),
  (93, 94),
  (93, 109),
  (94, 68),
  (94, 69),
  (94, 66),
  (94, 72),
  (94, 86),
  (94, 95),
  (94, 5),
  (95, 99),
  (95, 88),
  (95, 103),
  (95, 38),
  (95, 34),
  (95, 29),
  (95, 90),
  (95, 21),
  (96, 68),
  (96, 102),
  (96, 69),
  (96, 5),
  (97, 1),
  (97, 67),
  (97, 95),
  (97, 69),
  (97, 86),
  (97, 101),
  (97, 25),
  (97, 93);

INSERT INTO `Pokemon_Golpe` (`Pokemon_id_especie`, `Golpe_id_golpe`) VALUES
  (98, 34),
  (98, 102),
  (98, 104),
  (98, 57),
  (99, 23),
  (99, 57),
  (99, 15),
  (99, 21),
  (99, 106),
  (99, 104),
  (99, 92),
  (100, 100),
  (100, 85),
  (100, 99),
  (100, 92),
  (100, 86),
  (100, 102),
  (101, 36),
  (101, 63),
  (101, 103),
  (101, 29),
  (101, 99),
  (101, 92),
  (101, 102),
  (101, 104),
  (102, 60),
  (102, 102),
  (102, 36),
  (102, 79),
  (103, 36),
  (103, 72),
  (103, 67),
  (103, 23),
  (103, 76),
  (103, 63),
  (103, 102),
  (103, 71),
  (104, 7),
  (104, 90),
  (104, 58),
  (104, 37),
  (105, 102),
  (105, 7),
  (105, 36),
  (105, 45),
  (106, 92),
  (106, 5),
  (106, 38),
  (106, 89),
  (106, 26),
  (106, 68),
  (106, 69),
  (106, 99),
  (107, 9),
  (107, 33),
  (107, 7),
  (107, 8),
  (107, 99),
  (107, 104),
  (107, 102),
  (107, 70),
  (108, 89),
  (108, 57),
  (108, 5),
  (108, 70),
  (108, 69),
  (109, 103),
  (109, 53),
  (109, 34),
  (109, 29),
  (109, 108),
  (109, 85),
  (110, 29),
  (110, 87),
  (110, 36),
  (110, 102),
  (110, 104),
  (110, 60),
  (110, 108),
  (111, 58),
  (111, 29),
  (111, 33),
  (111, 102),
  (112, 7),
  (112, 53),
  (112, 57),
  (112, 28),
  (112, 85),
  (112, 90),
  (112, 6),
  (113, 7),
  (113, 86),
  (113, 107),
  (113, 29),
  (113, 38),
  (113, 104),
  (113, 70),
  (114, 21),
  (114, 34),
  (114, 71),
  (114, 104),
  (114, 77),
  (114, 29),
  (114, 102),
  (115, 67),
  (115, 89),
  (115, 50),
  (115, 99),
  (115, 29),
  (115, 5),
  (115, 47),
  (116, 104),
  (116, 97),
  (116, 29),
  (116, 92),
  (116, 36),
  (116, 99),
  (116, 108),
  (117, 56),
  (117, 61),
  (117, 59),
  (117, 102),
  (117, 63),
  (117, 38),
  (117, 62),
  (117, 43),
  (118, 39),
  (118, 38),
  (118, 36),
  (118, 61),
  (118, 31),
  (119, 63),
  (119, 104),
  (119, 32),
  (119, 58),
  (119, 102),
  (119, 59),
  (120, 86),
  (120, 56),
  (120, 99),
  (120, 104),
  (121, 104),
  (121, 102),
  (121, 92),
  (121, 60),
  (122, 100),
  (122, 38),
  (122, 68),
  (122, 5),
  (122, 69),
  (122, 86),
  (122, 85),
  (123, 97),
  (123, 14),
  (123, 29),
  (123, 15),
  (123, 98),
  (123, 13),
  (123, 43),
  (124, 99),
  (124, 1),
  (124, 34),
  (124, 61),
  (125, 36),
  (125, 70),
  (125, 98),
  (125, 102),
  (125, 5),
  (126, 7),
  (126, 94),
  (126, 69),
  (126, 46),
  (126, 9),
  (126, 104),
  (126, 53),
  (127, 89),
  (127, 29),
  (127, 63),
  (127, 69),
  (127, 11),
  (127, 37),
  (128, 63),
  (128, 36),
  (128, 90),
  (128, 76),
  (129, 33),
  (129, 56),
  (129, 66),
  (129, 85),
  (129, 99),
  (129, 104),
  (129, 4),
  (129, 14),
  (130, 43),
  (130, 46),
  (130, 29),
  (130, 104),
  (130, 61),
  (130, 82),
  (130, 85);

INSERT INTO `Pokemon_Golpe` (`Pokemon_id_especie`, `Golpe_id_golpe`) VALUES
  (130, 92),
  (131, 90),
  (131, 45),
  (131, 38),
  (131, 57),
  (132, 1),
  (132, 24),
  (132, 69),
  (132, 36),
  (132, 67),
  (132, 34),
  (132, 12),
  (132, 41),
  (133, 34),
  (133, 46),
  (133, 24),
  (133, 28),
  (133, 102),
  (133, 98),
  (133, 38),
  (134, 44),
  (134, 98),
  (134, 91),
  (134, 54),
  (134, 28),
  (135, 34),
  (135, 39),
  (135, 104),
  (135, 38),
  (135, 29),
  (135, 33),
  (135, 97),
  (136, 53),
  (136, 46),
  (136, 70),
  (136, 44),
  (136, 28),
  (136, 91),
  (136, 98),
  (137, 92),
  (137, 29),
  (137, 60),
  (137, 86),
  (137, 102),
  (138, 29),
  (138, 99),
  (138, 92),
  (138, 58),
  (138, 43),
  (138, 102),
  (138, 20),
  (139, 69),
  (139, 104),
  (139, 34),
  (139, 44),
  (139, 56),
  (139, 57),
  (140, 29),
  (140, 10),
  (140, 88),
  (140, 102),
  (141, 36),
  (141, 38),
  (141, 103),
  (141, 58),
  (142, 38),
  (142, 18),
  (142, 70),
  (142, 104),
  (142, 17),
  (142, 92),
  (142, 63),
  (142, 99),
  (143, 29),
  (143, 66),
  (143, 69),
  (143, 89),
  (144, 92),
  (144, 102),
  (144, 104),
  (144, 29),
  (145, 36),
  (145, 65),
  (145, 86),
  (145, 46),
  (145, 87),
  (145, 104),
  (146, 16),
  (146, 64),
  (146, 63),
  (146, 92),
  (146, 97),
  (146, 104),
  (146, 18),
  (146, 36),
  (147, 35),
  (147, 85),
  (147, 53),
  (147, 34),
  (148, 56),
  (148, 86),
  (148, 83),
  (148, 57),
  (148, 92),
  (148, 82),
  (149, 53),
  (149, 61),
  (149, 43),
  (149, 83),
  (149, 19),
  (149, 34),
  (149, 56),
  (150, 50),
  (150, 29),
  (150, 109),
  (150, 92),
  (150, 55),
  (150, 102),
  (150, 105),
  (151, 15),
  (151, 100),
  (151, 92),
  (151, 32),
  (151, 29),
  (151, 1),
  (151, 66),
  (151, 70);

-- Tabela: Batalha (histórico do torneio)
INSERT INTO `Batalha` (`id_batalha`, `data_batalha`, `fase_torneio`, `Treinador_id_treinador`, `Treinador_id_treinador1`, `id_vencedor`) VALUES
  (1, '2025-02-04', 'Fase de Grupos', 111, 84, 111),
  (2, '2025-02-07', 'Fase de Grupos', 111, 56, 56),
  (3, '2025-02-15', 'Fase de Grupos', 84, 56, 84),
  (4, '2025-02-15', 'Fase de Grupos', 95, 52, 95),
  (5, '2025-02-17', 'Fase de Grupos', 95, 73, 73),
  (6, '2025-02-15', 'Fase de Grupos', 52, 73, 52),
  (7, '2025-02-02', 'Fase de Grupos', 86, 58, 86),
  (8, '2025-02-17', 'Fase de Grupos', 94, 49, 49),
  (9, '2025-02-07', 'Fase de Grupos', 94, 28, 94),
  (10, '2025-02-10', 'Fase de Grupos', 49, 28, 49),
  (11, '2025-02-08', 'Fase de Grupos', 79, 87, 79),
  (12, '2025-02-01', 'Fase de Grupos', 79, 101, 79),
  (13, '2025-02-14', 'Fase de Grupos', 87, 101, 101),
  (14, '2025-02-03', 'Fase de Grupos', 72, 80, 80),
  (15, '2025-02-08', 'Fase de Grupos', 31, 4, 4),
  (16, '2025-02-26', 'Fase de Grupos', 31, 66, 31),
  (17, '2025-02-18', 'Fase de Grupos', 4, 66, 66),
  (18, '2025-02-22', 'Fase de Grupos', 12, 23, 23),
  (19, '2025-02-03', 'Fase de Grupos', 12, 105, 105),
  (20, '2025-02-19', 'Fase de Grupos', 23, 105, 105),
  (21, '2025-02-14', 'Fase de Grupos', 85, 27, 85),
  (22, '2025-02-04', 'Fase de Grupos', 60, 17, 60),
  (23, '2025-02-06', 'Fase de Grupos', 60, 1, 1),
  (24, '2025-02-25', 'Fase de Grupos', 17, 1, 1),
  (25, '2025-02-03', 'Fase de Grupos', 67, 22, 67),
  (26, '2025-02-15', 'Fase de Grupos', 67, 2, 67),
  (27, '2025-02-26', 'Fase de Grupos', 22, 2, 22),
  (28, '2025-02-25', 'Fase de Grupos', 118, 15, 118),
  (29, '2025-02-12', 'Fase de Grupos', 83, 59, 83),
  (30, '2025-02-14', 'Fase de Grupos', 83, 33, 83),
  (31, '2025-02-27', 'Fase de Grupos', 59, 33, 59),
  (32, '2025-02-18', 'Fase de Grupos', 99, 114, 114),
  (33, '2025-02-21', 'Fase de Grupos', 99, 113, 113),
  (34, '2025-02-19', 'Fase de Grupos', 114, 113, 114),
  (35, '2025-02-12', 'Fase de Grupos', 69, 35, 35),
  (36, '2025-02-25', 'Fase de Grupos', 29, 39, 39),
  (37, '2025-02-11', 'Fase de Grupos', 29, 109, 29),
  (38, '2025-02-28', 'Fase de Grupos', 39, 109, 39),
  (39, '2025-02-12', 'Fase de Grupos', 112, 116, 112),
  (40, '2025-02-16', 'Fase de Grupos', 112, 34, 34),
  (41, '2025-02-11', 'Fase de Grupos', 116, 34, 116),
  (42, '2025-02-16', 'Fase de Grupos', 97, 61, 61),
  (43, '2025-02-12', 'Fase de Grupos', 62, 8, 62),
  (44, '2025-02-22', 'Fase de Grupos', 62, 120, 120),
  (45, '2025-02-07', 'Fase de Grupos', 8, 120, 8),
  (46, '2025-02-27', 'Fase de Grupos', 75, 96, 96),
  (47, '2025-02-25', 'Fase de Grupos', 75, 16, 16),
  (48, '2025-02-06', 'Fase de Grupos', 96, 16, 16),
  (49, '2025-02-05', 'Fase de Grupos', 36, 102, 102),
  (50, '2025-02-15', 'Fase de Grupos', 104, 25, 104),
  (51, '2025-02-07', 'Fase de Grupos', 104, 5, 104),
  (52, '2025-02-28', 'Fase de Grupos', 25, 5, 25),
  (53, '2025-02-11', 'Fase de Grupos', 57, 13, 13),
  (54, '2025-02-16', 'Fase de Grupos', 57, 81, 81),
  (55, '2025-02-01', 'Fase de Grupos', 13, 81, 13),
  (56, '2025-02-07', 'Fase de Grupos', 20, 50, 20),
  (57, '2025-02-15', 'Fase de Grupos', 55, 38, 55),
  (58, '2025-02-19', 'Fase de Grupos', 55, 88, 88),
  (59, '2025-02-25', 'Fase de Grupos', 38, 88, 88),
  (60, '2025-02-19', 'Fase de Grupos', 26, 71, 26),
  (61, '2025-02-28', 'Fase de Grupos', 26, 37, 26),
  (62, '2025-02-06', 'Fase de Grupos', 71, 37, 37),
  (63, '2025-02-04', 'Fase de Grupos', 18, 77, 18),
  (64, '2025-02-20', 'Fase de Grupos', 18, 14, 14),
  (65, '2025-02-03', 'Fase de Grupos', 77, 14, 14),
  (66, '2025-02-26', 'Fase de Grupos', 90, 9, 90),
  (67, '2025-02-01', 'Fase de Grupos', 90, 68, 90),
  (68, '2025-02-19', 'Fase de Grupos', 9, 68, 68),
  (69, '2025-02-26', 'Fase de Grupos', 7, 106, 7),
  (70, '2025-02-02', 'Fase de Grupos', 7, 74, 7),
  (71, '2025-02-02', 'Fase de Grupos', 106, 74, 74),
  (72, '2025-02-08', 'Fase de Grupos', 63, 32, 32),
  (73, '2025-02-25', 'Fase de Grupos', 63, 93, 63),
  (74, '2025-02-18', 'Fase de Grupos', 32, 93, 32),
  (75, '2025-02-01', 'Fase de Grupos', 11, 89, 89),
  (76, '2025-02-25', 'Fase de Grupos', 11, 19, 19),
  (77, '2025-02-25', 'Fase de Grupos', 89, 19, 89),
  (78, '2025-02-06', 'Fase de Grupos', 48, 119, 48),
  (79, '2025-02-26', 'Fase de Grupos', 48, 47, 48),
  (80, '2025-02-20', 'Fase de Grupos', 119, 47, 119),
  (81, '2025-02-18', 'Fase de Grupos', 3, 45, 3),
  (82, '2025-02-17', 'Fase de Grupos', 3, 43, 3),
  (83, '2025-02-23', 'Fase de Grupos', 45, 43, 45),
  (84, '2025-02-22', 'Fase de Grupos', 64, 92, 64),
  (85, '2025-02-15', 'Fase de Grupos', 64, 51, 51),
  (86, '2025-02-22', 'Fase de Grupos', 92, 51, 51),
  (87, '2025-02-04', 'Fase de Grupos', 30, 24, 30),
  (88, '2025-02-22', 'Fase de Grupos', 30, 115, 30),
  (89, '2025-02-04', 'Fase de Grupos', 24, 115, 115),
  (90, '2025-02-18', 'Fase de Grupos', 107, 78, 107),
  (91, '2025-02-22', 'Fase de Grupos', 107, 103, 103),
  (92, '2025-02-03', 'Fase de Grupos', 78, 103, 78),
  (93, '2025-02-10', 'Fase de Grupos', 70, 44, 44),
  (94, '2025-02-05', 'Fase de Grupos', 70, 76, 76),
  (95, '2025-02-20', 'Fase de Grupos', 44, 76, 76),
  (96, '2025-02-25', 'Fase de Grupos', 54, 46, 46),
  (97, '2025-02-01', 'Fase de Grupos', 54, 10, 54),
  (98, '2025-02-03', 'Fase de Grupos', 46, 10, 46),
  (99, '2025-02-14', 'Fase de Grupos', 98, 42, 42),
  (100, '2025-02-25', 'Fase de Grupos', 98, 117, 98),
  (101, '2025-02-01', 'Fase de Grupos', 42, 117, 42),
  (102, '2025-02-23', 'Fase de Grupos', 91, 40, 91),
  (103, '2025-02-22', 'Fase de Grupos', 91, 110, 91),
  (104, '2025-02-28', 'Fase de Grupos', 40, 110, 40),
  (105, '2025-03-16', 'Oitavas de Final', 1, 88, 1),
  (106, '2025-03-16', 'Oitavas de Final', 49, 42, 42),
  (107, '2025-03-21', 'Oitavas de Final', 39, 16, 16),
  (108, '2025-03-17', 'Oitavas de Final', 89, 76, 76),
  (109, '2025-03-15', 'Oitavas de Final', 7, 104, 7),
  (110, '2025-03-19', 'Oitavas de Final', 83, 14, 14),
  (111, '2025-03-17', 'Oitavas de Final', 105, 111, 105),
  (112, '2025-03-19', 'Oitavas de Final', 3, 30, 3),
  (113, '2025-04-11', 'Quartas de Final', 1, 42, 42),
  (114, '2025-04-05', 'Quartas de Final', 16, 76, 76),
  (115, '2025-04-07', 'Quartas de Final', 7, 14, 7),
  (116, '2025-04-09', 'Quartas de Final', 105, 3, 105),
  (117, '2025-04-26', 'Semifinal', 42, 76, 42),
  (118, '2025-05-02', 'Semifinal', 7, 105, 7),
  (119, '2025-05-17', 'Terceiro Lugar', 76, 105, 105),
  (120, '2025-05-29', 'Final', 42, 7, 7);

SET FOREIGN_KEY_CHECKS = 1;
