-- =====================================================================
-- TORNEIO POKÉMON - Artefato 3: População do Banco de Dados
-- Gerado automaticamente por gerar_popular.py
-- Fonte dos dados de Pokémon/Golpes: PokeAPI (https://pokeapi.co/api/v2/)
-- Pokemon: 151 | Golpe: 112 | Treinador: 120 | Time_Treinador: 540 | Time_Treinador_Golpe: 1645 | Batalha: 160
-- =====================================================================
USE pokemon_torneio;
SET FOREIGN_KEY_CHECKS = 0;

-- Tabela: Pokemon (catálogo de espécies)
INSERT INTO `Pokemon` (`id_especie`, `nome_especie`, `tipo_base`, `tipo_secundario`, `hp_base`, `ataque_base`, `defesa_base`, `velocidade_base`, `evolui_para_id`) VALUES
  (1, 'Bulbasaur', 'Grass', 'Poison', 60, 38, 42, 30, 2),
  (2, 'Ivysaur', 'Grass', 'Poison', 76, 86, 69, 59, 3),
  (3, 'Venusaur', 'Grass', 'Poison', 100, 120, 103, 89, NULL),
  (4, 'Charmander', 'Fire', NULL, 48, 41, 64, 57, 5),
  (5, 'Charmeleon', 'Fire', NULL, 75, 85, 89, 76, 6),
  (6, 'Charizard', 'Fire', 'Flying', 96, 88, 94, 103, NULL),
  (7, 'Squirtle', 'Water', NULL, 62, 37, 41, 44, 8),
  (8, 'Wartortle', 'Water', NULL, 76, 88, 76, 55, 9),
  (9, 'Blastoise', 'Water', NULL, 90, 85, 111, 79, NULL),
  (10, 'Caterpie', 'Bug', NULL, 56, 50, 64, 30, 11),
  (11, 'Metapod', 'Bug', NULL, 71, 76, 56, 76, 12),
  (12, 'Butterfree', 'Bug', 'Flying', 95, 95, 89, 100, NULL),
  (13, 'Weedle', 'Bug', 'Poison', 63, 66, 46, 36, 14),
  (14, 'Kakuna', 'Bug', 'Poison', 76, 60, 70, 66, 15),
  (15, 'Beedrill', 'Bug', 'Poison', 88, 104, 111, 108, NULL),
  (16, 'Pidgey', 'Normal', 'Flying', 46, 59, 64, 47, 17),
  (17, 'Pidgeotto', 'Normal', 'Flying', 75, 87, 67, 56, 18),
  (18, 'Pidgeot', 'Normal', 'Flying', 97, 110, 86, 89, NULL),
  (19, 'Rattata', 'Normal', NULL, 61, 81, 68, 56, 20),
  (20, 'Raticate', 'Normal', NULL, 88, 86, 109, 100, NULL),
  (21, 'Spearow', 'Normal', 'Flying', 76, 92, 66, 86, 22),
  (22, 'Fearow', 'Normal', 'Flying', 89, 111, 103, 80, NULL),
  (23, 'Ekans', 'Poison', NULL, 75, 88, 85, 58, 24),
  (24, 'Arbok', 'Poison', NULL, 110, 86, 110, 99, NULL),
  (25, 'Pikachu', 'Electric', NULL, 66, 63, 57, 63, 26),
  (26, 'Raichu', 'Electric', NULL, 85, 115, 97, 99, NULL),
  (27, 'Sandshrew', 'Ground', NULL, 60, 67, 60, 84, 28),
  (28, 'Sandslash', 'Ground', NULL, 99, 110, 96, 87, NULL),
  (29, 'Nidoran-f', 'Poison', NULL, 54, 54, 63, 35, 30),
  (30, 'Nidorina', 'Poison', NULL, 90, 63, 82, 88, 31),
  (31, 'Nidoqueen', 'Poison', 'Ground', 107, 120, 82, 77, NULL),
  (32, 'Nidoran-m', 'Poison', NULL, 47, 69, 57, 35, 33),
  (33, 'Nidorino', 'Poison', NULL, 90, 73, 72, 79, 34),
  (34, 'Nidoking', 'Poison', 'Ground', 111, 87, 85, 80, NULL),
  (35, 'Clefairy', 'Normal', NULL, 84, 88, 63, 66, 36),
  (36, 'Clefable', 'Normal', NULL, 98, 90, 84, 77, NULL),
  (37, 'Vulpix', 'Fire', NULL, 62, 88, 86, 56, 38),
  (38, 'Ninetales', 'Fire', NULL, 88, 89, 96, 84, NULL),
  (39, 'Jigglypuff', 'Normal', NULL, 81, 71, 67, 56, 40),
  (40, 'Wigglytuff', 'Normal', NULL, 94, 96, 95, 98, NULL),
  (41, 'Zubat', 'Poison', 'Flying', 74, 70, 84, 74, 42),
  (42, 'Golbat', 'Poison', 'Flying', 92, 94, 102, 78, NULL),
  (43, 'Oddish', 'Grass', 'Poison', 65, 58, 50, 55, 44),
  (44, 'Gloom', 'Grass', 'Poison', 85, 74, 77, 78, 45),
  (45, 'Vileplume', 'Grass', 'Poison', 114, 87, 107, 104, NULL),
  (46, 'Paras', 'Bug', 'Grass', 74, 91, 60, 73, 47),
  (47, 'Parasect', 'Bug', 'Grass', 87, 101, 104, 91, NULL),
  (48, 'Venonat', 'Bug', 'Poison', 68, 77, 65, 63, 49),
  (49, 'Venomoth', 'Bug', 'Poison', 106, 113, 83, 90, NULL),
  (50, 'Diglett', 'Ground', NULL, 70, 86, 83, 72, 51),
  (51, 'Dugtrio', 'Ground', NULL, 86, 92, 97, 105, NULL),
  (52, 'Meowth', 'Normal', NULL, 90, 69, 62, 70, 53),
  (53, 'Persian', 'Normal', NULL, 109, 107, 102, 98, NULL),
  (54, 'Psyduck', 'Water', NULL, 63, 93, 55, 88, 55),
  (55, 'Golduck', 'Water', NULL, 87, 91, 102, 111, NULL),
  (56, 'Mankey', 'Fighting', NULL, 63, 71, 78, 62, 57),
  (57, 'Primeape', 'Fighting', NULL, 111, 120, 115, 85, NULL),
  (58, 'Growlithe', 'Fire', NULL, 69, 68, 67, 56, 59),
  (59, 'Arcanine', 'Fire', NULL, 86, 91, 86, 90, NULL),
  (60, 'Poliwag', 'Water', NULL, 42, 47, 31, 27, 61),
  (61, 'Poliwhirl', 'Water', NULL, 77, 81, 75, 58, 62),
  (62, 'Poliwrath', 'Water', 'Fighting', 88, 99, 102, 107, NULL),
  (63, 'Abra', 'Psychic', NULL, 41, 44, 64, 50, 64),
  (64, 'Kadabra', 'Psychic', NULL, 67, 63, 78, 85, 65),
  (65, 'Alakazam', 'Psychic', NULL, 113, 92, 103, 87, NULL),
  (66, 'Machop', 'Fighting', NULL, 63, 63, 63, 54, 67),
  (67, 'Machoke', 'Fighting', NULL, 60, 78, 79, 61, 68),
  (68, 'Machamp', 'Fighting', NULL, 98, 116, 93, 102, NULL),
  (69, 'Bellsprout', 'Grass', 'Poison', 65, 57, 39, 62, 70),
  (70, 'Weepinbell', 'Grass', 'Poison', 71, 65, 85, 50, 71),
  (71, 'Victreebel', 'Grass', 'Poison', 88, 116, 108, 108, NULL),
  (72, 'Tentacool', 'Water', 'Poison', 86, 91, 79, 51, 73),
  (73, 'Tentacruel', 'Water', 'Poison', 95, 85, 103, 112, NULL),
  (74, 'Geodude', 'Rock', 'Ground', 60, 59, 50, 36, 75),
  (75, 'Graveler', 'Rock', 'Ground', 73, 62, 68, 52, 76),
  (76, 'Golem', 'Rock', 'Ground', 96, 94, 82, 106, NULL),
  (77, 'Ponyta', 'Fire', NULL, 81, 63, 69, 71, 78),
  (78, 'Rapidash', 'Fire', NULL, 88, 93, 108, 99, NULL),
  (79, 'Slowpoke', 'Water', 'Psychic', 77, 90, 58, 60, 80),
  (80, 'Slowbro', 'Water', 'Psychic', 110, 116, 115, 92, NULL),
  (81, 'Magnemite', 'Electric', 'Steel', 75, 79, 87, 88, 82),
  (82, 'Magneton', 'Electric', 'Steel', 91, 119, 114, 77, NULL),
  (83, 'Farfetchd', 'Normal', 'Flying', 91, 103, 110, 97, NULL),
  (84, 'Doduo', 'Normal', 'Flying', 80, 62, 81, 77, 85),
  (85, 'Dodrio', 'Normal', 'Flying', 105, 119, 99, 111, NULL),
  (86, 'Seel', 'Water', NULL, 89, 84, 75, 81, 87),
  (87, 'Dewgong', 'Water', 'Ice', 91, 86, 99, 99, NULL),
  (88, 'Grimer', 'Poison', NULL, 77, 92, 86, 71, 89),
  (89, 'Muk', 'Poison', NULL, 95, 114, 113, 113, NULL),
  (90, 'Shellder', 'Water', NULL, 74, 69, 80, 73, 91),
  (91, 'Cloyster', 'Water', 'Ice', 96, 87, 97, 77, NULL),
  (92, 'Gastly', 'Ghost', 'Poison', 54, 67, 60, 41, 93),
  (93, 'Haunter', 'Ghost', 'Poison', 70, 85, 78, 60, 94),
  (94, 'Gengar', 'Ghost', 'Poison', 102, 119, 103, 105, NULL),
  (95, 'Onix', 'Rock', 'Ground', 91, 98, 87, 90, NULL),
  (96, 'Drowzee', 'Psychic', NULL, 80, 87, 62, 76, 97),
  (97, 'Hypno', 'Psychic', NULL, 101, 91, 81, 102, NULL),
  (98, 'Krabby', 'Water', NULL, 65, 76, 88, 69, 99),
  (99, 'Kingler', 'Water', NULL, 97, 100, 95, 85, NULL),
  (100, 'Voltorb', 'Electric', NULL, 60, 74, 87, 58, 101),
  (101, 'Electrode', 'Electric', NULL, 96, 111, 103, 88, NULL),
  (102, 'Exeggcute', 'Grass', 'Psychic', 83, 83, 63, 88, 103),
  (103, 'Exeggutor', 'Grass', 'Psychic', 97, 115, 109, 84, NULL),
  (104, 'Cubone', 'Ground', NULL, 68, 79, 76, 56, 105),
  (105, 'Marowak', 'Ground', NULL, 109, 86, 85, 92, NULL),
  (106, 'Hitmonlee', 'Fighting', NULL, 99, 111, 101, 78, NULL),
  (107, 'Hitmonchan', 'Fighting', NULL, 106, 93, 106, 95, NULL),
  (108, 'Lickitung', 'Normal', NULL, 92, 120, 98, 104, NULL),
  (109, 'Koffing', 'Poison', NULL, 72, 65, 85, 90, 110),
  (110, 'Weezing', 'Poison', NULL, 100, 98, 85, 75, NULL),
  (111, 'Rhyhorn', 'Ground', 'Rock', 66, 72, 77, 59, 112),
  (112, 'Rhydon', 'Ground', 'Rock', 94, 89, 96, 108, NULL),
  (113, 'Chansey', 'Normal', NULL, 85, 88, 93, 79, NULL),
  (114, 'Tangela', 'Grass', NULL, 101, 101, 108, 103, NULL),
  (115, 'Kangaskhan', 'Normal', NULL, 93, 105, 82, 77, NULL),
  (116, 'Horsea', 'Water', NULL, 85, 87, 74, 83, 117),
  (117, 'Seadra', 'Water', NULL, 99, 119, 83, 94, NULL),
  (118, 'Goldeen', 'Water', NULL, 67, 95, 57, 61, 119),
  (119, 'Seaking', 'Water', NULL, 86, 120, 80, 93, NULL),
  (120, 'Staryu', 'Water', NULL, 79, 67, 83, 51, 121),
  (121, 'Starmie', 'Water', 'Psychic', 104, 100, 82, 92, NULL),
  (122, 'Mr-mime', 'Psychic', 'Fairy', 99, 87, 96, 95, NULL),
  (123, 'Scyther', 'Bug', 'Flying', 93, 104, 115, 107, NULL),
  (124, 'Jynx', 'Ice', 'Psychic', 114, 87, 102, 108, NULL),
  (125, 'Electabuzz', 'Electric', NULL, 89, 107, 110, 111, NULL),
  (126, 'Magmar', 'Fire', NULL, 93, 89, 95, 76, NULL),
  (127, 'Pinsir', 'Bug', NULL, 100, 94, 96, 81, NULL),
  (128, 'Tauros', 'Normal', NULL, 87, 118, 88, 102, NULL),
  (129, 'Magikarp', 'Water', NULL, 88, 91, 74, 62, 130),
  (130, 'Gyarados', 'Water', 'Flying', 102, 108, 110, 94, NULL),
  (131, 'Lapras', 'Water', 'Ice', 115, 85, 114, 77, NULL),
  (132, 'Ditto', 'Normal', NULL, 102, 96, 86, 96, NULL),
  (133, 'Eevee', 'Normal', NULL, 73, 88, 72, 63, 134),
  (134, 'Vaporeon', 'Water', NULL, 86, 100, 103, 111, NULL),
  (135, 'Jolteon', 'Electric', NULL, 102, 114, 89, 87, NULL),
  (136, 'Flareon', 'Fire', NULL, 86, 87, 98, 97, NULL),
  (137, 'Porygon', 'Normal', NULL, 97, 98, 96, 104, NULL),
  (138, 'Omanyte', 'Rock', 'Water', 69, 94, 90, 69, 139),
  (139, 'Omastar', 'Rock', 'Water', 113, 92, 110, 84, NULL),
  (140, 'Kabuto', 'Rock', 'Water', 90, 83, 64, 83, 141),
  (141, 'Kabutops', 'Rock', 'Water', 97, 94, 87, 103, NULL),
  (142, 'Aerodactyl', 'Rock', 'Flying', 87, 98, 99, 94, NULL),
  (143, 'Snorlax', 'Normal', NULL, 106, 97, 100, 99, NULL),
  (144, 'Articuno', 'Ice', 'Flying', 101, 115, 111, 106, NULL),
  (145, 'Zapdos', 'Electric', 'Flying', 91, 104, 101, 86, NULL),
  (146, 'Moltres', 'Fire', 'Flying', 107, 113, 111, 80, NULL),
  (147, 'Dratini', 'Dragon', NULL, 63, 44, 59, 42, 148),
  (148, 'Dragonair', 'Dragon', NULL, 74, 82, 89, 60, 149),
  (149, 'Dragonite', 'Dragon', 'Flying', 103, 99, 103, 96, NULL),
  (150, 'Mewtwo', 'Psychic', NULL, 89, 111, 114, 81, NULL),
  (151, 'Mew', 'Psychic', NULL, 89, 97, 97, 102, NULL);

-- Tabela: Golpe (catálogo de habilidades)
INSERT INTO `Golpe` (`id_golpe`, `nome`, `tipo`, `categoria`, `poder`, `precisao`, `pp_maximo`) VALUES
  (1, 'Tackle', 'Normal', 'Fisico', 40, 100, 35),
  (2, 'Pound', 'Normal', 'Fisico', 40, 100, 35),
  (3, 'Scratch', 'Normal', 'Fisico', 40, 100, 35),
  (4, 'Quick Attack', 'Normal', 'Fisico', 40, 100, 30),
  (5, 'Double Kick', 'Fighting', 'Fisico', 30, 100, 30),
  (6, 'Mega Punch', 'Normal', 'Fisico', 80, 85, 20),
  (7, 'Mega Kick', 'Normal', 'Fisico', 120, 75, 5),
  (8, 'Karate Chop', 'Fighting', 'Fisico', 50, 100, 25),
  (9, 'Body Slam', 'Normal', 'Fisico', 85, 100, 15),
  (10, 'Hyper Fang', 'Normal', 'Fisico', 80, 90, 15),
  (11, 'Bite', 'Dark', 'Fisico', 60, 100, 25),
  (12, 'Strength', 'Normal', 'Fisico', 80, 100, 15),
  (13, 'Rock Throw', 'Rock', 'Fisico', 50, 90, 15),
  (14, 'Rock Slide', 'Rock', 'Fisico', 75, 90, 10),
  (15, 'Dig', 'Ground', 'Fisico', 80, 100, 10),
  (16, 'Earthquake', 'Ground', 'Fisico', 100, 100, 10),
  (17, 'Wing Attack', 'Flying', 'Fisico', 60, 100, 35),
  (18, 'Peck', 'Flying', 'Fisico', 35, 100, 35),
  (19, 'Drill Peck', 'Flying', 'Fisico', 80, 100, 20),
  (20, 'Fly', 'Flying', 'Fisico', 90, 95, 15),
  (21, 'Poison Sting', 'Poison', 'Fisico', 15, 100, 35),
  (22, 'Vine Whip', 'Grass', 'Fisico', 45, 100, 25),
  (23, 'Razor Leaf', 'Grass', 'Fisico', 55, 95, 25),
  (24, 'Crunch', 'Dark', 'Fisico', 80, 100, 15),
  (25, 'Ember', 'Fire', 'Especial', 40, 100, 25),
  (26, 'Flamethrower', 'Fire', 'Especial', 90, 100, 15),
  (27, 'Fire Blast', 'Fire', 'Especial', 110, 85, 5),
  (28, 'Water Gun', 'Water', 'Especial', 40, 100, 25),
  (29, 'Bubble', 'Water', 'Especial', 40, 100, 30),
  (30, 'Hydro Pump', 'Water', 'Especial', 110, 80, 5),
  (31, 'Surf', 'Water', 'Especial', 90, 100, 15),
  (32, 'Thunder Shock', 'Electric', 'Especial', 40, 100, 30),
  (33, 'Thunderbolt', 'Electric', 'Especial', 90, 100, 15),
  (34, 'Thunder', 'Electric', 'Especial', 110, 70, 10),
  (35, 'Psybeam', 'Psychic', 'Especial', 65, 100, 20),
  (36, 'Psychic', 'Psychic', 'Especial', 90, 100, 10),
  (37, 'Confusion', 'Psychic', 'Especial', 50, 100, 25),
  (38, 'Ice Beam', 'Ice', 'Especial', 90, 100, 10),
  (39, 'Blizzard', 'Ice', 'Especial', 110, 70, 5),
  (40, 'Aurora Beam', 'Ice', 'Especial', 65, 100, 20),
  (41, 'Solar Beam', 'Grass', 'Especial', 120, 100, 10),
  (42, 'Petal Dance', 'Grass', 'Especial', 70, 100, 20),
  (43, 'Absorb', 'Grass', 'Especial', 20, 100, 25),
  (44, 'Mega Drain', 'Grass', 'Especial', 40, 100, 15),
  (45, 'Sludge', 'Poison', 'Especial', 65, 100, 20),
  (46, 'Acid', 'Poison', 'Especial', 40, 100, 30),
  (47, 'Shadow Ball', 'Ghost', 'Especial', 80, 100, 15),
  (48, 'Dazzling Gleam', 'Fairy', 'Especial', 80, 100, 10),
  (49, 'Hyper Beam', 'Normal', 'Especial', 150, 90, 5),
  (50, 'Dream Eater', 'Psychic', 'Especial', 100, 100, 15),
  (51, 'Gust', 'Flying', 'Especial', 40, 100, 35),
  (52, 'Hypnosis', 'Psychic', 'Status', NULL, 60, 20),
  (53, 'Thunder Wave', 'Electric', 'Status', NULL, 90, 20),
  (54, 'Toxic', 'Poison', 'Status', NULL, 90, 10),
  (55, 'Sleep Powder', 'Grass', 'Status', NULL, 75, 15),
  (56, 'Stun Spore', 'Grass', 'Status', NULL, 75, 30),
  (57, 'Leech Seed', 'Grass', 'Status', NULL, 90, 10),
  (58, 'Growl', 'Normal', 'Status', NULL, 100, 40),
  (59, 'Tail Whip', 'Normal', 'Status', NULL, 100, 30),
  (60, 'Defense Curl', 'Normal', 'Status', NULL, NULL, 40),
  (61, 'Withdraw', 'Water', 'Status', NULL, 100, 40),
  (62, 'Harden', 'Normal', 'Status', NULL, NULL, 30),
  (63, 'Swords Dance', 'Normal', 'Status', NULL, NULL, 30),
  (64, 'Agility', 'Psychic', 'Status', NULL, NULL, 30),
  (65, 'Double Team', 'Normal', 'Status', NULL, NULL, 15),
  (66, 'Recover', 'Normal', 'Status', NULL, NULL, 20),
  (67, 'Rest', 'Psychic', 'Status', NULL, NULL, 10),
  (68, 'Substitute', 'Normal', 'Status', NULL, NULL, 10),
  (69, 'Counter', 'Fighting', 'Fisico', 100, 100, 20),
  (70, 'Whirlwind', 'Normal', 'Status', NULL, 100, 20),
  (71, 'Roar', 'Normal', 'Status', NULL, 100, 20),
  (72, 'Curse', 'Ghost', 'Status', NULL, NULL, 10),
  (73, 'Glare', 'Normal', 'Status', NULL, 90, 30),
  (74, 'Spore', 'Grass', 'Status', NULL, 100, 15),
  (75, 'Amnesia', 'Psychic', 'Status', NULL, NULL, 20),
  (76, 'Barrier', 'Psychic', 'Status', NULL, NULL, 30),
  (77, 'Light Screen', 'Psychic', 'Status', NULL, NULL, 30),
  (78, 'Reflect', 'Psychic', 'Status', NULL, NULL, 20),
  (79, 'Mimic', 'Normal', 'Status', NULL, 100, 10),
  (80, 'Metronome', 'Normal', 'Status', NULL, NULL, 10),
  (81, 'Self Destruct', 'Normal', 'Fisico', 200, 100, 5),
  (82, 'Explosion', 'Normal', 'Fisico', 250, 100, 5),
  (83, 'Skull Bash', 'Normal', 'Fisico', 130, 100, 10),
  (84, 'Take Down', 'Normal', 'Fisico', 90, 85, 20),
  (85, 'Double Edge', 'Normal', 'Fisico', 120, 100, 15),
  (86, 'Slam', 'Normal', 'Fisico', 80, 75, 20),
  (87, 'Stomp', 'Normal', 'Fisico', 65, 100, 20),
  (88, 'Headbutt', 'Normal', 'Fisico', 70, 100, 15),
  (89, 'Horn Attack', 'Normal', 'Fisico', 65, 100, 25),
  (90, 'Fury Attack', 'Normal', 'Fisico', 15, 85, 20),
  (91, 'Sand Attack', 'Ground', 'Status', NULL, 100, 15),
  (92, 'Bone Club', 'Ground', 'Fisico', 65, 85, 20),
  (93, 'Bonemerang', 'Ground', 'Fisico', 50, 90, 10),
  (94, 'Clamp', 'Water', 'Fisico', 35, 85, 15),
  (95, 'Crabhammer', 'Water', 'Fisico', 100, 90, 10),
  (96, 'Waterfall', 'Water', 'Fisico', 80, 100, 15),
  (97, 'Leer', 'Normal', 'Status', NULL, 100, 30),
  (98, 'Smog', 'Poison', 'Especial', 30, 70, 20),
  (99, 'Smokescreen', 'Normal', 'Status', NULL, 100, 20),
  (100, 'Flash', 'Normal', 'Status', NULL, 100, 20),
  (101, 'Egg Bomb', 'Normal', 'Fisico', 100, 75, 10),
  (102, 'Lick', 'Ghost', 'Fisico', 30, 100, 30),
  (103, 'Night Shade', 'Ghost', 'Especial', NULL, 100, 15),
  (104, 'Confuse Ray', 'Ghost', 'Status', NULL, 100, 10),
  (105, 'Spike Cannon', 'Normal', 'Fisico', 20, 100, 15),
  (106, 'Constrict', 'Normal', 'Fisico', 10, 100, 35),
  (107, 'Barrage', 'Normal', 'Fisico', 15, 85, 20),
  (108, 'Supersonic', 'Normal', 'Status', NULL, 55, 20),
  (109, 'Disable', 'Normal', 'Status', NULL, 100, 20),
  (110, 'Acid Armor', 'Poison', 'Status', NULL, NULL, 20),
  (111, 'Iron Tail', 'Steel', 'Fisico', 100, 75, 15),
  (112, 'Aerial Ace', 'Flying', 'Fisico', 60, NULL, 20);

-- Tabela: Treinador
INSERT INTO `Treinador` (`id_treinador`, `nome`, `cidade`, `data_inscricao`, `pontos_ranking`) VALUES
  (1, 'Carolina Silva', 'Tangará da Serra', '2024-06-14', 25),
  (2, 'Laura Rezende', 'Várzea Grande', '2024-11-29', 4),
  (3, 'Carolina Câmara', 'Curitiba', '2025-02-24', 6),
  (4, 'Sr. Isaque Garcia', 'Goiânia', '2024-07-06', 3),
  (5, 'Breno Martins', 'Campinas', '2025-04-10', 13),
  (6, 'Alexandre da Luz', 'Rondonópolis', '2024-01-20', 27),
  (7, 'Cauê Rezende', 'Rondonópolis', '2024-08-02', 15),
  (8, 'Raquel Dias', 'Curitiba', '2024-02-16', 27),
  (9, 'Srta. Ana Clara das Neves', 'Goiânia', '2024-01-31', 7),
  (10, 'Calebe Costela', 'Sorriso', '2025-04-30', 40),
  (11, 'Ian Dias', 'Goiânia', '2024-11-17', 3),
  (12, 'Srta. Emilly Almeida', 'Goiânia', '2024-10-22', 25),
  (13, 'Luana Rezende', 'Sorriso', '2024-01-26', 2),
  (14, 'Joana da Conceição', 'Tangará da Serra', '2024-10-12', 18),
  (15, 'Allana da Mata', 'Tangará da Serra', '2024-08-02', 34),
  (16, 'Srta. Mariana Almeida', 'Goiânia', '2024-03-01', 19),
  (17, 'Sr. Davi Lucas Sampaio', 'Cáceres', '2024-10-13', 6),
  (18, 'Maria Julia Pinto', 'Goiânia', '2024-10-24', 40),
  (19, 'Ayla da Cunha', 'Lucas do Rio Verde', '2024-04-06', 6),
  (20, 'Vitor Hugo Campos', 'Rondonópolis', '2024-10-07', 36),
  (21, 'Luiz Miguel Duarte', 'Brasília', '2024-01-31', 13),
  (22, 'Valentina da Cruz', 'Curitiba', '2024-09-11', 27),
  (23, 'Heloisa da Rocha', 'Cuiabá', '2025-02-01', 29),
  (24, 'Matteo da Luz', 'Juína', '2024-10-26', 23),
  (25, 'Melina da Paz', 'Sorriso', '2024-06-02', 50),
  (26, 'Gustavo das Neves', 'Sorriso', '2024-04-02', 5),
  (27, 'Breno Moreira', 'Barra do Garças', '2024-10-21', 33),
  (28, 'Laís Andrade', 'Cuiabá', '2024-09-10', 46),
  (29, 'Isabelly Peixoto', 'Barra do Garças', '2024-08-17', 38),
  (30, 'Vicente Santos', 'Sinop', '2024-02-07', 32),
  (31, 'Isaac Nunes', 'Cáceres', '2024-08-02', 48),
  (32, 'Sra. Maria Sophia Alves', 'Tangará da Serra', '2024-06-24', 31),
  (33, 'Sr. Enrico Ferreira', 'Várzea Grande', '2024-08-03', 42),
  (34, 'Hellena da Rosa', 'Curitiba', '2024-02-09', 36),
  (35, 'Luan Sousa', 'Cuiabá', '2025-02-08', 21),
  (36, 'Dra. Letícia Sales', 'Lucas do Rio Verde', '2024-12-21', 38),
  (37, 'Maria Luiza Cardoso', 'Goiânia', '2024-09-11', 29),
  (38, 'Vitor da Cruz', 'Rondonópolis', '2024-02-05', 17),
  (39, 'Clara Guerra', 'Rondonópolis', '2024-08-30', 3),
  (40, 'Henry Sampaio', 'Barra do Garças', '2025-01-09', 41),
  (41, 'Sr. João Felipe da Rocha', 'Juína', '2024-10-22', 18),
  (42, 'Maria Cecília Pires', 'Nova Mutum', '2025-01-01', 42),
  (43, 'Davi Luiz da Mota', 'Cuiabá', '2024-06-26', 29),
  (44, 'Rafael Dias', 'Cáceres', '2024-06-30', 39),
  (45, 'Dr. Pietro Rios', 'São Paulo', '2024-02-29', 3),
  (46, 'Maria Fernanda Azevedo', 'Barra do Garças', '2024-04-21', 8),
  (47, 'Maria Laura Cunha', 'Sorriso', '2025-01-13', 25),
  (48, 'Anna Liz Souza', 'São Paulo', '2024-07-19', 5),
  (49, 'Vicente das Neves', 'Juína', '2024-03-26', 25),
  (50, 'Lucas Gabriel Cavalcanti', 'Primavera do Leste', '2024-10-08', 8),
  (51, 'Sra. Maria Araújo', 'Pontes e Lacerda', '2025-02-23', 35),
  (52, 'Dra. Manuella Pires', 'Pontes e Lacerda', '2024-05-22', 22),
  (53, 'Luna Duarte', 'Nova Mutum', '2024-12-15', 14),
  (54, 'Ana Luiza Garcia', 'Rondonópolis', '2024-03-18', 11),
  (55, 'Maria Júlia Pacheco', 'Sorriso', '2024-03-18', 42),
  (56, 'Yuri Vargas', 'Cuiabá', '2024-04-29', 31),
  (57, 'Srta. Ana Clara Cavalcanti', 'Goiânia', '2025-03-01', 11),
  (58, 'Lívia Montenegro', 'Barra do Garças', '2024-05-14', 0),
  (59, 'Aurora Silveira', 'Pontes e Lacerda', '2024-03-15', 34),
  (60, 'Letícia Cavalcante', 'Brasília', '2024-07-08', 36),
  (61, 'Thiago Azevedo', 'Tangará da Serra', '2024-06-12', 44),
  (62, 'Ravi Lucca Sales', 'Campinas', '2025-03-15', 39),
  (63, 'Zoe Abreu', 'Várzea Grande', '2024-12-01', 29),
  (64, 'Maria Liz Rodrigues', 'Curitiba', '2025-04-05', 25),
  (65, 'Noah Lima', 'Nova Mutum', '2024-07-22', 25),
  (66, 'Ayla Viana', 'São Paulo', '2024-02-23', 40),
  (67, 'Mariane Casa Grande', 'Várzea Grande', '2024-07-24', 12),
  (68, 'Emilly Albuquerque', 'Campo Verde', '2024-02-04', 28),
  (69, 'Bruna Nogueira', 'Sinop', '2024-03-24', 21),
  (70, 'Sra. Mariah da Conceição', 'Várzea Grande', '2024-11-03', 6),
  (71, 'Dra. Ana Luiza Viana', 'Goiânia', '2024-01-01', 9),
  (72, 'Dr. Isaque Jesus', 'Sinop', '2024-10-01', 23),
  (73, 'João Miguel Souza', 'Cuiabá', '2024-11-10', 4),
  (74, 'Augusto Costela', 'Campo Verde', '2025-03-23', 39),
  (75, 'Ravi Lucca Mendonça', 'Tangará da Serra', '2024-07-11', 40),
  (76, 'Pietra Ferreira', 'Lucas do Rio Verde', '2024-05-09', 38),
  (77, 'Nicole Caldeira', 'São Paulo', '2024-07-05', 7),
  (78, 'Kaique Pimenta', 'São Paulo', '2024-02-29', 29),
  (79, 'Isadora Azevedo', 'São Paulo', '2024-09-02', 19),
  (80, 'Maya Marques', 'Tangará da Serra', '2024-02-13', 6),
  (81, 'Maria Luísa Melo', 'Cuiabá', '2025-01-18', 47),
  (82, 'Marina da Paz', 'São Paulo', '2024-05-15', 44),
  (83, 'Marina Garcia', 'Campinas', '2024-03-23', 1),
  (84, 'Luigi Oliveira', 'Campinas', '2024-04-15', 23),
  (85, 'Srta. Luana das Neves', 'Curitiba', '2024-03-16', 1),
  (86, 'Benjamim Cassiano', 'Campinas', '2025-01-23', 19),
  (87, 'Leonardo Oliveira', 'Rondonópolis', '2025-05-15', 44),
  (88, 'Luiz Felipe da Luz', 'Primavera do Leste', '2025-03-08', 33),
  (89, 'Luiz Fernando da Cruz', 'Cáceres', '2024-07-06', 22),
  (90, 'Dr. Thiago Nogueira', 'Sorriso', '2025-01-30', 34),
  (91, 'Enrico Alves', 'Campinas', '2024-10-04', 21),
  (92, 'Dra. Maria Julia Lopes', 'Sorriso', '2024-11-21', 39),
  (93, 'Theo Correia', 'Campo Verde', '2025-02-19', 15),
  (94, 'Maria Alice Camargo', 'Nova Mutum', '2025-02-22', 47),
  (95, 'Sr. João Silveira', 'Sorriso', '2025-02-15', 12),
  (96, 'Sr. Kaique Aparecida', 'São Paulo', '2024-09-22', 22),
  (97, 'Dra. Emanuella Camargo', 'Cuiabá', '2025-01-09', 1),
  (98, 'Sra. Vitória Ferreira', 'Primavera do Leste', '2025-02-08', 30),
  (99, 'Dom Novaes', 'Campo Verde', '2024-05-12', 44),
  (100, 'Olívia Abreu', 'Lucas do Rio Verde', '2024-11-05', 28),
  (101, 'Caleb Carvalho', 'Lucas do Rio Verde', '2025-02-17', 23),
  (102, 'Vitor Pires', 'Sorriso', '2024-02-11', 6),
  (103, 'Sarah da Luz', 'São Paulo', '2024-04-26', 12),
  (104, 'Pedro Lucas Guerra', 'Campo Verde', '2024-06-21', 30),
  (105, 'Ana Júlia Sousa', 'Brasília', '2024-11-15', 0),
  (106, 'Marcos Vinicius Macedo', 'Lucas do Rio Verde', '2024-09-02', 41),
  (107, 'Larissa Cardoso', 'Sinop', '2024-02-13', 24),
  (108, 'João Vitor Pastor', 'Campo Verde', '2025-02-04', 30),
  (109, 'Maya Pastor', 'Cáceres', '2025-03-31', 27),
  (110, 'Francisco Rodrigues', 'Cuiabá', '2025-02-08', 5),
  (111, 'João Miguel Pimenta', 'Nova Mutum', '2025-02-14', 29),
  (112, 'Bruna Jesus', 'Rondonópolis', '2024-07-24', 46),
  (113, 'Pedro da Cruz', 'Cáceres', '2024-03-22', 8),
  (114, 'Kevin Cardoso', 'Tangará da Serra', '2024-01-15', 37),
  (115, 'João Vitor Martins', 'Juína', '2025-04-08', 41),
  (116, 'Eloah Carvalho', 'Brasília', '2024-03-15', 38),
  (117, 'Maria Vitória Lima', 'Lucas do Rio Verde', '2024-08-30', 9),
  (118, 'Maitê Albuquerque', 'Curitiba', '2024-10-07', 8),
  (119, 'Ana Beatriz da Mata', 'Cuiabá', '2024-01-11', 46),
  (120, 'Sra. Isabela Guerra', 'Sinop', '2024-11-28', 33);

-- Tabela: Time_Treinador (instâncias de Pokémon capturados)
INSERT INTO `Time_Treinador` (`id_instancia`, `apelido`, `nivel`, `experiencia`, `data_captura`, `id_treinador`, `id_especie`) VALUES
  (1, 'RhydonJr', 69, 1970, '2024-05-08', 1, 112),
  (2, NULL, 38, 4459, '2025-01-26', 1, 50),
  (3, NULL, 12, 2898, '2024-08-02', 1, 55),
  (4, 'WartortleJr', 79, 4233, '2025-04-04', 1, 8),
  (5, NULL, 28, 4985, '2024-01-10', 2, 129),
  (6, NULL, 24, 1411, '2024-01-03', 2, 34),
  (7, 'PorygonJr', 20, 4558, '2024-03-13', 2, 137),
  (8, 'JigglypuffJr', 71, 4347, '2024-02-01', 2, 39),
  (9, 'JolteonJr', 18, 4589, '2024-10-11', 2, 135),
  (10, 'LaprasJr', 40, 345, '2024-01-30', 2, 131),
  (11, NULL, 13, 3631, '2024-01-15', 3, 130),
  (12, NULL, 69, 4965, '2024-06-15', 3, 116),
  (13, 'ArticunoJr', 40, 3705, '2024-09-19', 3, 144),
  (14, 'GyaradosJr', 58, 996, '2025-03-06', 4, 130),
  (15, 'KadabraJr', 14, 1971, '2024-07-19', 4, 64),
  (16, 'VaporeonJr', 43, 1002, '2024-08-07', 4, 134),
  (17, NULL, 51, 1171, '2025-04-04', 4, 67),
  (18, NULL, 64, 1798, '2024-05-09', 4, 144),
  (19, NULL, 55, 3991, '2025-01-17', 4, 52),
  (20, 'GrowlitheJr', 30, 2921, '2024-07-25', 5, 58),
  (21, 'GolbatJr', 51, 159, '2024-06-12', 5, 42),
  (22, NULL, 61, 148, '2024-06-22', 5, 111),
  (23, 'DittoJr', 42, 4196, '2024-07-15', 5, 132),
  (24, 'Nidoran-fJr', 10, 1487, '2024-02-13', 6, 29),
  (25, NULL, 59, 2118, '2024-05-18', 6, 59),
  (26, 'SandshrewJr', 70, 4674, '2024-07-26', 6, 27),
  (27, 'DoduoJr', 7, 725, '2025-04-03', 7, 84),
  (28, 'EkansJr', 33, 545, '2025-02-14', 7, 23),
  (29, NULL, 63, 94, '2024-05-15', 7, 72),
  (30, NULL, 58, 2194, '2024-06-22', 7, 15),
  (31, 'ParasectJr', 72, 1953, '2024-11-14', 7, 47),
  (32, 'KoffingJr', 25, 2145, '2025-04-25', 7, 109),
  (33, 'ParasectJr', 31, 2375, '2024-11-17', 8, 47),
  (34, NULL, 27, 2216, '2024-08-16', 8, 52),
  (35, NULL, 37, 302, '2024-06-26', 8, 80),
  (36, 'CharmeleonJr', 65, 2012, '2025-05-15', 9, 5),
  (37, 'GyaradosJr', 60, 4055, '2025-04-23', 9, 130),
  (38, NULL, 55, 4150, '2024-10-06', 9, 142),
  (39, NULL, 11, 1063, '2024-07-26', 10, 56),
  (40, 'ArcanineJr', 37, 3528, '2024-01-08', 10, 59),
  (41, 'GrimerJr', 53, 4144, '2024-03-24', 10, 88),
  (42, NULL, 36, 2400, '2024-12-09', 10, 51),
  (43, 'ClefableJr', 25, 2203, '2024-01-24', 10, 36),
  (44, 'BulbasaurJr', 44, 1784, '2024-05-05', 11, 1),
  (45, 'MachampJr', 47, 3126, '2024-07-01', 11, 68),
  (46, 'GengarJr', 69, 1646, '2024-02-12', 11, 94),
  (47, NULL, 5, 744, '2024-05-07', 11, 85),
  (48, NULL, 23, 3272, '2024-05-15', 11, 141),
  (49, 'FarfetchdJr', 7, 2454, '2024-10-27', 11, 83),
  (50, NULL, 54, 2671, '2024-12-02', 12, 60),
  (51, NULL, 24, 2327, '2025-01-03', 12, 22),
  (52, NULL, 23, 358, '2025-01-05', 12, 150),
  (53, NULL, 70, 3516, '2025-02-26', 12, 136),
  (54, NULL, 69, 1141, '2025-01-10', 12, 40),
  (55, 'MewtwoJr', 51, 859, '2024-01-16', 13, 150),
  (56, NULL, 76, 415, '2024-07-11', 13, 59),
  (57, 'FearowJr', 73, 2003, '2024-11-17', 13, 22),
  (58, NULL, 13, 3881, '2024-02-17', 14, 68),
  (59, NULL, 38, 1923, '2024-05-09', 14, 1),
  (60, NULL, 34, 3771, '2025-01-08', 14, 117),
  (61, NULL, 14, 3924, '2024-09-09', 14, 18),
  (62, NULL, 10, 1624, '2025-04-11', 14, 129),
  (63, NULL, 47, 2080, '2024-02-09', 14, 138),
  (64, 'MoltresJr', 17, 1783, '2024-09-05', 15, 146),
  (65, 'ClefairyJr', 71, 2339, '2024-12-11', 15, 35),
  (66, 'CharmanderJr', 20, 4498, '2024-08-25', 15, 4),
  (67, 'JynxJr', 15, 3874, '2024-04-12', 15, 124),
  (68, 'PidgeyJr', 14, 4150, '2024-01-09', 15, 16),
  (69, NULL, 38, 2945, '2024-03-13', 16, 69),
  (70, NULL, 70, 2290, '2024-03-08', 16, 100),
  (71, 'PsyduckJr', 51, 1895, '2025-03-30', 16, 54),
  (72, NULL, 67, 3228, '2024-09-11', 16, 20),
  (73, 'DragoniteJr', 67, 3692, '2024-01-13', 16, 149),
  (74, 'ArbokJr', 23, 3409, '2024-07-26', 16, 24),
  (75, NULL, 55, 983, '2024-06-15', 17, 97),
  (76, NULL, 6, 2374, '2025-04-26', 17, 81),
  (77, 'NidoqueenJr', 55, 3196, '2024-05-09', 17, 31),
  (78, NULL, 51, 3506, '2025-03-21', 17, 85),
  (79, 'BulbasaurJr', 11, 2298, '2025-01-21', 17, 1),
  (80, NULL, 60, 4185, '2024-05-07', 18, 14),
  (81, 'GeodudeJr', 52, 3504, '2024-06-10', 18, 74),
  (82, 'JigglypuffJr', 56, 4539, '2025-03-28', 18, 39),
  (83, NULL, 41, 3977, '2024-11-10', 19, 21),
  (84, NULL, 75, 1042, '2024-01-26', 19, 13),
  (85, 'HitmonleeJr', 48, 2308, '2024-03-28', 19, 106),
  (86, 'HorseaJr', 38, 3327, '2024-06-01', 19, 116),
  (87, 'RapidashJr', 25, 615, '2024-03-02', 20, 78),
  (88, NULL, 68, 4508, '2024-04-16', 20, 124),
  (89, 'SnorlaxJr', 47, 3686, '2024-04-22', 20, 143),
  (90, 'ElectrodeJr', 29, 1999, '2024-08-06', 20, 101),
  (91, 'VileplumeJr', 52, 2116, '2024-02-16', 21, 45),
  (92, NULL, 7, 3381, '2025-02-18', 21, 88),
  (93, 'SnorlaxJr', 72, 1720, '2024-07-15', 21, 143),
  (94, 'WeepinbellJr', 69, 4335, '2025-05-10', 22, 70),
  (95, NULL, 32, 758, '2024-11-18', 22, 87),
  (96, NULL, 54, 3274, '2024-05-18', 22, 16),
  (97, 'TaurosJr', 44, 178, '2024-11-26', 22, 128),
  (98, 'TentacoolJr', 65, 4810, '2024-03-06', 22, 72),
  (99, 'DragonairJr', 55, 4324, '2024-09-07', 22, 148),
  (100, NULL, 18, 3746, '2024-09-24', 23, 115),
  (101, NULL, 10, 11, '2024-02-13', 23, 64),
  (102, 'SandslashJr', 77, 307, '2025-02-04', 23, 28),
  (103, NULL, 21, 2062, '2024-11-26', 23, 58),
  (104, NULL, 19, 814, '2024-09-27', 23, 40),
  (105, 'JigglypuffJr', 79, 1570, '2024-02-06', 23, 39),
  (106, 'MachokeJr', 45, 1985, '2024-08-23', 24, 67),
  (107, NULL, 75, 2023, '2024-08-31', 24, 58),
  (108, NULL, 44, 453, '2024-01-15', 24, 1),
  (109, 'VenusaurJr', 58, 664, '2024-01-12', 24, 3),
  (110, 'OmanyteJr', 59, 3032, '2024-05-11', 24, 138),
  (111, 'RapidashJr', 48, 3445, '2024-04-26', 24, 78),
  (112, 'ExeggcuteJr', 30, 2553, '2024-02-04', 25, 102),
  (113, NULL, 34, 3810, '2025-01-27', 25, 51),
  (114, 'IvysaurJr', 42, 892, '2024-04-23', 25, 2),
  (115, NULL, 28, 1829, '2025-05-02', 25, 75),
  (116, 'GyaradosJr', 12, 4872, '2024-09-05', 25, 130),
  (117, NULL, 58, 424, '2025-05-13', 26, 101),
  (118, 'KakunaJr', 55, 3683, '2024-12-29', 26, 14),
  (119, NULL, 45, 927, '2025-04-04', 26, 55),
  (120, NULL, 47, 1562, '2024-02-10', 26, 7),
  (121, NULL, 52, 2717, '2024-12-06', 27, 135),
  (122, 'StaryuJr', 5, 640, '2024-08-14', 27, 120),
  (123, 'BlastoiseJr', 58, 1013, '2024-05-23', 27, 9),
  (124, NULL, 31, 3114, '2024-10-14', 27, 80),
  (125, 'SlowbroJr', 62, 1581, '2024-04-10', 28, 80),
  (126, 'RhyhornJr', 65, 248, '2024-06-14', 28, 111),
  (127, 'EkansJr', 56, 333, '2024-11-19', 28, 23),
  (128, 'WeedleJr', 13, 507, '2024-07-11', 28, 13),
  (129, 'Mr-mimeJr', 13, 4961, '2024-05-11', 28, 122),
  (130, NULL, 45, 2257, '2025-01-17', 29, 93),
  (131, 'WeepinbellJr', 13, 198, '2024-06-01', 29, 70),
  (132, 'SeelJr', 65, 3815, '2025-02-26', 29, 86),
  (133, NULL, 37, 3522, '2025-05-03', 29, 12),
  (134, 'MachampJr', 68, 1498, '2025-02-21', 29, 68),
  (135, NULL, 63, 2964, '2024-06-16', 30, 78),
  (136, NULL, 15, 4193, '2025-02-05', 30, 39),
  (137, 'PoliwhirlJr', 25, 2025, '2024-04-11', 30, 61),
  (138, NULL, 18, 591, '2024-03-23', 31, 17),
  (139, NULL, 31, 789, '2024-05-15', 31, 9),
  (140, 'JynxJr', 62, 1418, '2024-08-03', 31, 124),
  (141, 'AerodactylJr', 63, 1924, '2024-04-29', 31, 142),
  (142, NULL, 20, 2407, '2025-01-17', 31, 140),
  (143, 'DoduoJr', 39, 3055, '2024-05-30', 31, 84),
  (144, 'MachokeJr', 41, 4737, '2024-05-05', 32, 67),
  (145, 'DugtrioJr', 55, 2061, '2024-04-06', 32, 51),
  (146, NULL, 34, 823, '2024-05-05', 32, 113),
  (147, 'KadabraJr', 9, 838, '2024-11-30', 32, 64),
  (148, 'VenonatJr', 34, 3672, '2024-01-03', 32, 48),
  (149, NULL, 79, 1590, '2024-04-07', 33, 11),
  (150, 'GolemJr', 70, 1456, '2025-04-21', 33, 76),
  (151, NULL, 5, 866, '2024-08-17', 33, 60),
  (152, NULL, 49, 1782, '2024-11-22', 33, 31),
  (153, 'WeedleJr', 23, 361, '2024-01-20', 33, 13),
  (154, 'MachopJr', 52, 1516, '2025-02-23', 34, 66),
  (155, 'CaterpieJr', 31, 257, '2024-11-13', 34, 10),
  (156, 'PersianJr', 66, 518, '2025-02-11', 34, 53),
  (157, 'VenusaurJr', 55, 4506, '2024-07-27', 34, 3),
  (158, 'PorygonJr', 41, 2519, '2024-12-22', 35, 137),
  (159, NULL, 44, 4640, '2024-08-01', 35, 24),
  (160, 'GolbatJr', 58, 149, '2025-03-28', 35, 42),
  (161, NULL, 51, 1615, '2025-03-18', 35, 102),
  (162, NULL, 56, 4733, '2024-02-28', 36, 104),
  (163, 'PersianJr', 25, 1064, '2025-03-28', 36, 53),
  (164, 'IvysaurJr', 23, 3249, '2024-01-08', 36, 2),
  (165, NULL, 52, 4132, '2024-02-15', 36, 112),
  (166, 'ZubatJr', 41, 1325, '2024-03-28', 36, 41),
  (167, 'KoffingJr', 13, 891, '2024-09-23', 36, 109),
  (168, 'MagmarJr', 54, 706, '2024-06-10', 37, 126),
  (169, NULL, 25, 1819, '2025-04-07', 37, 51),
  (170, 'RapidashJr', 30, 3874, '2024-11-13', 37, 78),
  (171, NULL, 10, 3274, '2024-04-03', 37, 33),
  (172, NULL, 54, 2942, '2025-04-25', 37, 12),
  (173, 'JynxJr', 29, 336, '2024-03-04', 37, 124),
  (174, 'FarfetchdJr', 44, 3441, '2024-11-02', 38, 83),
  (175, NULL, 59, 3188, '2024-06-06', 38, 31),
  (176, 'VoltorbJr', 69, 3590, '2024-12-03', 38, 100),
  (177, 'CharizardJr', 63, 1471, '2024-04-30', 39, 6),
  (178, 'BulbasaurJr', 18, 549, '2025-02-18', 39, 1),
  (179, 'MagmarJr', 51, 751, '2024-03-06', 39, 126),
  (180, 'StaryuJr', 70, 333, '2025-02-14', 39, 120),
  (181, NULL, 15, 444, '2025-02-02', 40, 34),
  (182, NULL, 53, 1115, '2025-01-20', 40, 22),
  (183, NULL, 19, 1586, '2024-01-14', 40, 81),
  (184, NULL, 37, 1300, '2024-02-03', 41, 126),
  (185, NULL, 40, 3738, '2024-06-14', 41, 74),
  (186, 'OddishJr', 66, 1706, '2024-03-14', 41, 43),
  (187, 'PrimeapeJr', 69, 1944, '2024-10-30', 41, 57),
  (188, NULL, 40, 2685, '2024-03-23', 42, 96),
  (189, 'CaterpieJr', 38, 942, '2025-04-03', 42, 10),
  (190, NULL, 51, 3711, '2025-01-28', 42, 51),
  (191, NULL, 18, 2064, '2024-10-11', 42, 47),
  (192, NULL, 55, 3043, '2024-10-01', 42, 104),
  (193, NULL, 61, 1884, '2024-06-18', 43, 97),
  (194, NULL, 11, 2427, '2024-03-31', 43, 95),
  (195, NULL, 44, 4799, '2025-02-23', 43, 148),
  (196, NULL, 45, 14, '2025-04-20', 43, 38),
  (197, 'HaunterJr', 24, 2383, '2025-01-17', 43, 93),
  (198, NULL, 10, 182, '2024-04-26', 44, 107),
  (199, 'DittoJr', 50, 2488, '2024-01-28', 44, 132),
  (200, NULL, 73, 1837, '2024-02-24', 44, 94);

INSERT INTO `Time_Treinador` (`id_instancia`, `apelido`, `nivel`, `experiencia`, `data_captura`, `id_treinador`, `id_especie`) VALUES
  (201, NULL, 80, 1095, '2024-07-30', 44, 13),
  (202, 'NidokingJr', 65, 1299, '2024-04-14', 44, 34),
  (203, 'MagmarJr', 36, 1223, '2024-03-09', 44, 126),
  (204, 'PikachuJr', 76, 2869, '2025-05-10', 45, 25),
  (205, NULL, 61, 4930, '2024-10-31', 45, 17),
  (206, NULL, 68, 2035, '2025-04-24', 45, 38),
  (207, NULL, 10, 504, '2024-03-25', 45, 70),
  (208, 'ExeggutorJr', 28, 1946, '2024-09-29', 45, 103),
  (209, 'MachampJr', 18, 101, '2024-03-22', 45, 68),
  (210, NULL, 58, 1430, '2024-11-07', 46, 37),
  (211, 'HitmonleeJr', 43, 397, '2024-09-17', 46, 106),
  (212, NULL, 66, 4410, '2025-03-31', 46, 52),
  (213, 'EeveeJr', 60, 3811, '2024-01-04', 46, 133),
  (214, 'HorseaJr', 9, 1009, '2024-02-23', 47, 116),
  (215, NULL, 38, 430, '2024-06-20', 47, 45),
  (216, NULL, 60, 4286, '2024-05-16', 47, 58),
  (217, 'GolemJr', 35, 1661, '2024-03-27', 48, 76),
  (218, 'MankeyJr', 46, 1572, '2025-04-28', 48, 56),
  (219, 'FearowJr', 35, 3108, '2025-03-26', 48, 22),
  (220, NULL, 73, 3846, '2025-04-09', 48, 130),
  (221, NULL, 5, 217, '2024-08-29', 48, 4),
  (222, NULL, 26, 1184, '2024-02-09', 49, 60),
  (223, 'DratiniJr', 18, 1325, '2024-01-17', 49, 147),
  (224, NULL, 8, 252, '2024-06-25', 49, 79),
  (225, 'GolduckJr', 10, 555, '2024-01-22', 49, 55),
  (226, 'ElectrodeJr', 80, 2977, '2025-01-12', 49, 101),
  (227, NULL, 73, 540, '2024-04-12', 49, 150),
  (228, NULL, 41, 3908, '2025-02-26', 50, 28),
  (229, 'KadabraJr', 31, 2412, '2024-02-21', 50, 64),
  (230, 'PersianJr', 38, 171, '2024-06-12', 50, 53),
  (231, 'Nidoran-fJr', 41, 396, '2024-06-28', 50, 29),
  (232, NULL, 46, 4931, '2025-01-01', 50, 9),
  (233, 'EkansJr', 41, 253, '2024-09-14', 50, 23),
  (234, 'WartortleJr', 77, 1774, '2024-12-26', 51, 8),
  (235, NULL, 16, 4706, '2024-12-31', 51, 112),
  (236, 'EeveeJr', 60, 10, '2025-02-23', 51, 133),
  (237, 'RaichuJr', 11, 35, '2024-09-25', 51, 26),
  (238, 'MukJr', 67, 1511, '2024-06-27', 51, 89),
  (239, 'StarmieJr', 49, 4220, '2025-05-10', 51, 121),
  (240, 'DragonairJr', 15, 4016, '2024-09-12', 52, 148),
  (241, NULL, 76, 856, '2025-02-07', 52, 41),
  (242, 'TentacruelJr', 17, 3287, '2024-11-17', 52, 73),
  (243, 'GolduckJr', 16, 3458, '2025-04-20', 52, 55),
  (244, NULL, 52, 1688, '2025-03-30', 52, 60),
  (245, NULL, 34, 3775, '2024-07-13', 53, 68),
  (246, NULL, 9, 2854, '2024-03-05', 53, 110),
  (247, 'KabutoJr', 24, 3688, '2024-10-24', 53, 140),
  (248, NULL, 46, 1388, '2024-12-04', 53, 129),
  (249, 'GloomJr', 37, 4744, '2024-08-25', 53, 44),
  (250, 'NidorinoJr', 43, 1266, '2024-09-16', 54, 33),
  (251, 'SeelJr', 36, 2675, '2025-01-05', 54, 86),
  (252, NULL, 25, 1935, '2024-11-04', 54, 119),
  (253, NULL, 38, 833, '2024-06-16', 54, 61),
  (254, NULL, 43, 3562, '2024-03-16', 55, 27),
  (255, 'DugtrioJr', 18, 2300, '2024-05-20', 55, 51),
  (256, NULL, 64, 277, '2024-04-15', 55, 99),
  (257, 'JigglypuffJr', 60, 1822, '2024-01-07', 55, 39),
  (258, NULL, 60, 4702, '2024-01-03', 56, 119),
  (259, NULL, 58, 1872, '2024-10-27', 56, 6),
  (260, NULL, 79, 1872, '2024-12-07', 56, 37),
  (261, 'MachopJr', 20, 3718, '2024-12-13', 56, 66),
  (262, 'CuboneJr', 17, 3437, '2024-08-09', 56, 104),
  (263, 'ExeggutorJr', 57, 4245, '2024-09-04', 57, 103),
  (264, NULL, 28, 2687, '2024-12-11', 57, 41),
  (265, 'AlakazamJr', 67, 871, '2025-02-02', 57, 65),
  (266, 'KoffingJr', 32, 1317, '2024-01-20', 57, 109),
  (267, NULL, 65, 4195, '2024-08-21', 58, 133),
  (268, NULL, 52, 4273, '2024-01-09', 58, 90),
  (269, 'RaichuJr', 63, 1721, '2024-06-24', 58, 26),
  (270, 'DragonairJr', 70, 1002, '2024-12-16', 58, 148),
  (271, 'BeedrillJr', 58, 3445, '2024-02-01', 59, 15),
  (272, NULL, 50, 4752, '2024-11-17', 59, 65),
  (273, 'VictreebelJr', 43, 3280, '2024-05-15', 59, 71),
  (274, NULL, 33, 3210, '2025-04-26', 59, 98),
  (275, 'ExeggutorJr', 21, 564, '2024-08-24', 59, 103),
  (276, NULL, 57, 3834, '2024-06-29', 60, 121),
  (277, NULL, 21, 3845, '2024-05-30', 60, 144),
  (278, NULL, 34, 2190, '2024-06-30', 60, 58),
  (279, 'NinetalesJr', 37, 3490, '2024-12-26', 60, 38),
  (280, NULL, 46, 3928, '2024-05-05', 61, 124),
  (281, 'BulbasaurJr', 15, 2969, '2024-09-05', 61, 1),
  (282, NULL, 54, 467, '2024-03-19', 61, 72),
  (283, NULL, 46, 1150, '2024-02-13', 61, 92),
  (284, 'MewtwoJr', 17, 4738, '2024-12-01', 62, 150),
  (285, NULL, 28, 3702, '2024-03-14', 62, 4),
  (286, NULL, 31, 3297, '2024-06-26', 62, 3),
  (287, NULL, 16, 4493, '2025-02-09', 62, 54),
  (288, NULL, 43, 1616, '2025-02-07', 62, 19),
  (289, 'GolduckJr', 34, 1141, '2024-03-01', 63, 55),
  (290, 'FlareonJr', 12, 3967, '2024-08-30', 63, 136),
  (291, NULL, 67, 2019, '2024-08-27', 63, 21),
  (292, 'ChanseyJr', 5, 1313, '2024-09-12', 63, 113),
  (293, 'NidorinaJr', 77, 4076, '2025-03-06', 63, 30),
  (294, 'SnorlaxJr', 64, 3071, '2024-12-06', 63, 143),
  (295, 'LickitungJr', 47, 769, '2024-11-08', 64, 108),
  (296, 'RaticateJr', 23, 277, '2024-09-18', 64, 20),
  (297, NULL, 21, 2773, '2024-04-19', 64, 47),
  (298, NULL, 51, 2796, '2024-02-18', 64, 93),
  (299, NULL, 75, 1726, '2024-08-30', 64, 8),
  (300, 'CharizardJr', 59, 2060, '2024-05-25', 64, 6),
  (301, 'GravelerJr', 39, 4148, '2024-07-25', 65, 75),
  (302, NULL, 68, 966, '2024-06-25', 65, 91),
  (303, 'PinsirJr', 43, 1045, '2024-06-18', 65, 127),
  (304, 'MetapodJr', 78, 407, '2025-03-29', 66, 11),
  (305, 'ExeggutorJr', 5, 380, '2024-07-23', 66, 103),
  (306, NULL, 65, 4986, '2024-04-07', 66, 142),
  (307, 'MagikarpJr', 15, 1740, '2024-11-11', 67, 129),
  (308, NULL, 63, 1424, '2024-01-21', 67, 140),
  (309, NULL, 9, 3453, '2024-02-21', 67, 97),
  (310, 'CharmanderJr', 38, 2474, '2025-02-06', 68, 4),
  (311, 'OnixJr', 45, 167, '2024-04-04', 68, 95),
  (312, NULL, 79, 447, '2024-08-08', 68, 36),
  (313, NULL, 62, 550, '2024-12-22', 69, 146),
  (314, NULL, 80, 1272, '2024-01-08', 69, 134),
  (315, NULL, 75, 835, '2024-08-31', 69, 11),
  (316, NULL, 32, 1243, '2024-02-12', 69, 31),
  (317, 'LickitungJr', 5, 76, '2024-11-16', 69, 108),
  (318, NULL, 16, 1787, '2024-12-16', 69, 148),
  (319, NULL, 36, 3692, '2024-05-21', 70, 34),
  (320, NULL, 11, 2997, '2025-01-10', 70, 121),
  (321, NULL, 23, 690, '2025-01-31', 70, 5),
  (322, 'SnorlaxJr', 12, 120, '2025-01-02', 71, 143),
  (323, NULL, 15, 3186, '2025-03-28', 71, 128),
  (324, 'GoldeenJr', 26, 3984, '2024-06-08', 71, 118),
  (325, 'MachopJr', 52, 4710, '2024-11-07', 71, 66),
  (326, 'KakunaJr', 26, 1187, '2025-01-07', 71, 14),
  (327, 'HaunterJr', 62, 2228, '2024-09-01', 72, 93),
  (328, NULL, 47, 2395, '2025-02-05', 72, 42),
  (329, 'HitmonchanJr', 47, 4962, '2024-05-23', 72, 107),
  (330, NULL, 36, 3085, '2024-08-07', 73, 39),
  (331, NULL, 34, 3696, '2024-07-17', 73, 80),
  (332, NULL, 46, 2154, '2024-05-25', 73, 150),
  (333, 'KoffingJr', 78, 1204, '2025-03-02', 74, 109),
  (334, NULL, 75, 4095, '2024-05-20', 74, 41),
  (335, NULL, 74, 4535, '2024-06-26', 74, 151),
  (336, NULL, 30, 1917, '2024-09-05', 74, 11),
  (337, NULL, 55, 3811, '2024-06-07', 74, 74),
  (338, NULL, 73, 2909, '2024-08-23', 75, 66),
  (339, 'MewJr', 55, 4748, '2025-01-30', 75, 151),
  (340, NULL, 71, 2629, '2024-09-23', 75, 3),
  (341, NULL, 30, 1549, '2024-09-01', 75, 99),
  (342, NULL, 50, 3297, '2024-07-04', 76, 50),
  (343, NULL, 24, 2017, '2025-02-03', 76, 24),
  (344, NULL, 68, 3064, '2024-01-23', 76, 47),
  (345, 'GravelerJr', 64, 669, '2025-03-19', 76, 75),
  (346, NULL, 17, 275, '2024-09-22', 77, 81),
  (347, NULL, 77, 3983, '2024-04-14', 77, 8),
  (348, NULL, 38, 2292, '2024-10-27', 77, 89),
  (349, 'TentacoolJr', 62, 4858, '2024-08-06', 77, 72),
  (350, 'MachopJr', 8, 417, '2024-04-02', 78, 66),
  (351, NULL, 63, 3988, '2024-01-18', 78, 10),
  (352, NULL, 13, 4899, '2025-04-29', 78, 87),
  (353, 'MeowthJr', 20, 736, '2024-11-23', 78, 52),
  (354, 'MagnetonJr', 25, 3038, '2024-07-20', 79, 82),
  (355, 'ZapdosJr', 33, 1410, '2025-05-09', 79, 145),
  (356, NULL, 50, 485, '2024-01-20', 79, 60),
  (357, NULL, 8, 385, '2025-04-07', 79, 23),
  (358, NULL, 66, 456, '2024-05-12', 79, 130),
  (359, 'NinetalesJr', 43, 4831, '2025-04-25', 80, 38),
  (360, 'MagnetonJr', 18, 3856, '2024-10-29', 80, 82),
  (361, 'IvysaurJr', 54, 1016, '2024-06-14', 80, 2),
  (362, 'JynxJr', 6, 3833, '2025-02-17', 81, 124),
  (363, NULL, 9, 1285, '2025-01-02', 81, 98),
  (364, NULL, 14, 3056, '2025-04-19', 81, 44),
  (365, NULL, 62, 794, '2025-03-31', 81, 113),
  (366, NULL, 7, 615, '2025-04-19', 81, 62),
  (367, 'DewgongJr', 12, 1476, '2024-03-14', 82, 87),
  (368, 'FarfetchdJr', 23, 3596, '2024-12-31', 82, 83),
  (369, 'PoliwagJr', 58, 3373, '2025-03-21', 82, 60),
  (370, 'ScytherJr', 39, 4677, '2024-05-06', 82, 123),
  (371, 'NidorinaJr', 26, 2135, '2025-03-05', 82, 30),
  (372, 'GengarJr', 63, 3952, '2024-09-08', 82, 94),
  (373, NULL, 32, 4587, '2024-11-19', 83, 40),
  (374, NULL, 20, 2111, '2024-09-01', 83, 132),
  (375, 'BeedrillJr', 51, 3539, '2025-01-21', 83, 15),
  (376, NULL, 12, 2404, '2024-07-31', 84, 62),
  (377, NULL, 7, 3621, '2024-03-14', 84, 61),
  (378, NULL, 70, 1148, '2025-02-17', 84, 25),
  (379, 'VoltorbJr', 72, 2346, '2024-08-14', 84, 100),
  (380, 'GravelerJr', 10, 3350, '2024-04-05', 84, 75),
  (381, 'VictreebelJr', 34, 1438, '2025-03-07', 85, 71),
  (382, NULL, 16, 4985, '2024-04-10', 85, 147),
  (383, 'ParasectJr', 40, 1436, '2025-01-09', 85, 47),
  (384, 'ClefableJr', 29, 4775, '2024-04-15', 85, 36),
  (385, NULL, 12, 4247, '2025-03-06', 86, 52),
  (386, 'VenusaurJr', 41, 4038, '2025-02-19', 86, 3),
  (387, 'PidgeottoJr', 66, 1091, '2024-02-16', 86, 17),
  (388, NULL, 36, 1524, '2025-03-22', 86, 134),
  (389, NULL, 51, 300, '2024-10-15', 86, 105),
  (390, NULL, 71, 584, '2024-09-23', 87, 96),
  (391, 'DragonairJr', 36, 2629, '2024-03-02', 87, 148),
  (392, NULL, 53, 4721, '2025-02-02', 87, 2),
  (393, NULL, 42, 882, '2025-01-19', 87, 92),
  (394, 'KangaskhanJr', 16, 1832, '2024-01-11', 88, 115),
  (395, 'DittoJr', 18, 2555, '2024-11-12', 88, 132),
  (396, NULL, 8, 159, '2024-05-08', 88, 7),
  (397, NULL, 29, 2141, '2024-02-19', 88, 136),
  (398, NULL, 78, 3800, '2024-01-10', 88, 138),
  (399, 'ClefairyJr', 61, 842, '2024-09-24', 88, 35),
  (400, 'PikachuJr', 69, 2290, '2024-08-26', 89, 25);

INSERT INTO `Time_Treinador` (`id_instancia`, `apelido`, `nivel`, `experiencia`, `data_captura`, `id_treinador`, `id_especie`) VALUES
  (401, 'ParasJr', 56, 1121, '2024-02-26', 89, 46),
  (402, NULL, 34, 1206, '2024-10-04', 89, 12),
  (403, NULL, 55, 1346, '2024-12-08', 89, 70),
  (404, NULL, 54, 3444, '2025-04-30', 89, 32),
  (405, 'ExeggcuteJr', 47, 3568, '2024-06-22', 90, 102),
  (406, NULL, 46, 3281, '2025-03-07', 90, 14),
  (407, NULL, 46, 4238, '2025-03-09', 90, 93),
  (408, 'CloysterJr', 28, 567, '2024-07-05', 91, 91),
  (409, 'KadabraJr', 69, 170, '2024-06-15', 91, 64),
  (410, 'KoffingJr', 55, 3716, '2024-04-25', 91, 109),
  (411, 'VenusaurJr', 10, 281, '2024-11-20', 91, 3),
  (412, NULL, 60, 1938, '2024-03-03', 92, 70),
  (413, 'OmastarJr', 19, 2501, '2025-05-01', 92, 139),
  (414, NULL, 20, 494, '2024-06-26', 92, 10),
  (415, NULL, 70, 2198, '2024-10-31', 92, 26),
  (416, 'AlakazamJr', 73, 1215, '2024-02-13', 92, 65),
  (417, 'Nidoran-mJr', 16, 4475, '2024-05-27', 93, 32),
  (418, NULL, 77, 1815, '2024-05-27', 93, 131),
  (419, 'NidokingJr', 75, 3004, '2024-11-28', 93, 34),
  (420, NULL, 43, 3914, '2024-08-23', 93, 76),
  (421, NULL, 8, 1984, '2024-08-28', 93, 105),
  (422, 'DragonairJr', 70, 4472, '2024-06-19', 93, 148),
  (423, NULL, 67, 2211, '2024-06-14', 94, 150),
  (424, NULL, 32, 2420, '2024-05-25', 94, 102),
  (425, NULL, 25, 4514, '2024-01-30', 94, 4),
  (426, NULL, 49, 3604, '2024-02-04', 94, 91),
  (427, 'GolbatJr', 54, 3603, '2024-12-02', 94, 42),
  (428, NULL, 18, 4267, '2024-06-30', 94, 62),
  (429, NULL, 40, 4241, '2024-03-12', 95, 40),
  (430, NULL, 65, 2201, '2024-02-18', 95, 107),
  (431, NULL, 21, 3383, '2025-02-05', 95, 87),
  (432, 'CloysterJr', 57, 4505, '2025-03-21', 95, 91),
  (433, 'TaurosJr', 40, 4975, '2024-03-17', 96, 128),
  (434, 'ExeggcuteJr', 62, 3751, '2024-02-26', 96, 102),
  (435, NULL, 42, 2891, '2024-05-27', 96, 147),
  (436, 'JolteonJr', 28, 4398, '2024-07-13', 97, 135),
  (437, NULL, 60, 4713, '2024-06-04', 97, 143),
  (438, NULL, 16, 2704, '2024-07-12', 97, 99),
  (439, NULL, 36, 2669, '2024-06-14', 97, 83),
  (440, NULL, 6, 209, '2024-04-14', 97, 2),
  (441, 'TaurosJr', 68, 2456, '2024-01-25', 97, 128),
  (442, 'OmanyteJr', 49, 3711, '2024-08-25', 98, 138),
  (443, 'RhydonJr', 13, 4302, '2025-04-30', 98, 112),
  (444, 'EeveeJr', 52, 4103, '2024-04-27', 98, 133),
  (445, NULL, 78, 1263, '2024-07-24', 98, 111),
  (446, 'VoltorbJr', 58, 3987, '2025-03-26', 98, 100),
  (447, 'ChanseyJr', 14, 2544, '2024-07-04', 99, 113),
  (448, 'MewJr', 42, 2812, '2024-09-19', 99, 151),
  (449, NULL, 70, 3447, '2025-02-24', 99, 88),
  (450, 'FlareonJr', 42, 4191, '2024-11-19', 99, 136),
  (451, NULL, 29, 3377, '2024-04-16', 99, 24),
  (452, 'GloomJr', 77, 4940, '2024-04-03', 99, 44),
  (453, 'CloysterJr', 5, 2512, '2024-12-20', 100, 91),
  (454, NULL, 5, 2494, '2024-12-29', 100, 146),
  (455, NULL, 80, 126, '2024-07-22', 100, 11),
  (456, NULL, 39, 4353, '2025-01-28', 101, 51),
  (457, NULL, 78, 1626, '2024-09-20', 101, 45),
  (458, NULL, 23, 1284, '2024-07-29', 101, 128),
  (459, NULL, 67, 3829, '2024-03-28', 102, 8),
  (460, 'RaichuJr', 12, 102, '2024-11-09', 102, 26),
  (461, NULL, 46, 1179, '2024-12-16', 102, 20),
  (462, NULL, 79, 516, '2024-05-16', 103, 91),
  (463, 'VictreebelJr', 54, 160, '2024-06-27', 103, 71),
  (464, 'GloomJr', 55, 4773, '2024-01-28', 103, 44),
  (465, NULL, 61, 447, '2025-01-26', 103, 9),
  (466, NULL, 27, 2578, '2025-04-21', 104, 64),
  (467, NULL, 63, 2487, '2024-01-04', 104, 58),
  (468, NULL, 68, 553, '2024-08-02', 104, 12),
  (469, NULL, 79, 1813, '2024-05-04', 104, 41),
  (470, 'SlowbroJr', 53, 1528, '2024-03-29', 105, 80),
  (471, NULL, 42, 3244, '2024-01-04', 105, 103),
  (472, 'ElectabuzzJr', 47, 4372, '2024-10-14', 105, 125),
  (473, 'CharizardJr', 56, 536, '2025-03-22', 105, 6),
  (474, 'AbraJr', 49, 4537, '2025-05-07', 105, 63),
  (475, 'EkansJr', 64, 2323, '2024-05-05', 105, 23),
  (476, NULL, 35, 1063, '2024-06-23', 106, 61),
  (477, 'RhydonJr', 74, 1046, '2024-02-17', 106, 112),
  (478, 'BlastoiseJr', 35, 1304, '2024-10-11', 106, 9),
  (479, 'TentacoolJr', 56, 3087, '2024-07-07', 106, 72),
  (480, NULL, 31, 2435, '2024-11-18', 106, 7),
  (481, NULL, 80, 3014, '2024-11-01', 107, 130),
  (482, 'PersianJr', 70, 1741, '2024-09-30', 107, 53),
  (483, NULL, 20, 4202, '2024-03-05', 107, 59),
  (484, NULL, 39, 3152, '2024-02-16', 107, 116),
  (485, NULL, 77, 1188, '2024-01-15', 107, 34),
  (486, 'MachokeJr', 16, 1450, '2024-06-08', 107, 67),
  (487, NULL, 69, 2432, '2024-10-14', 108, 83),
  (488, 'VenomothJr', 44, 720, '2024-04-08', 108, 49),
  (489, 'SandslashJr', 56, 2313, '2024-04-25', 108, 28),
  (490, 'PidgeotJr', 64, 1082, '2024-07-01', 108, 18),
  (491, NULL, 64, 2035, '2024-01-13', 109, 46),
  (492, 'WartortleJr', 17, 1488, '2025-03-09', 109, 8),
  (493, 'GengarJr', 33, 331, '2024-05-29', 109, 94),
  (494, 'ShellderJr', 25, 3528, '2024-07-26', 109, 90),
  (495, NULL, 24, 3119, '2024-04-11', 109, 106),
  (496, NULL, 77, 4078, '2024-10-16', 110, 142),
  (497, NULL, 60, 4712, '2025-01-01', 110, 80),
  (498, NULL, 19, 2345, '2024-06-27', 110, 46),
  (499, 'MewtwoJr', 45, 1721, '2024-12-14', 111, 150),
  (500, NULL, 16, 3417, '2025-02-01', 111, 13),
  (501, NULL, 33, 2303, '2024-12-21', 111, 63),
  (502, 'ShellderJr', 69, 3709, '2025-04-21', 112, 90),
  (503, 'KoffingJr', 31, 3509, '2024-09-17', 112, 109),
  (504, NULL, 21, 4010, '2024-12-10', 112, 114),
  (505, 'ButterfreeJr', 35, 4455, '2024-10-06', 113, 12),
  (506, 'ArticunoJr', 12, 1376, '2024-05-13', 113, 144),
  (507, 'MachokeJr', 16, 1649, '2024-07-02', 113, 67),
  (508, 'VileplumeJr', 22, 3984, '2024-11-21', 113, 45),
  (509, NULL, 43, 1092, '2025-04-24', 114, 61),
  (510, NULL, 80, 4614, '2025-03-28', 114, 62),
  (511, 'IvysaurJr', 20, 4491, '2024-05-03', 114, 2),
  (512, NULL, 26, 1268, '2024-08-05', 114, 132),
  (513, NULL, 56, 1690, '2024-11-02', 114, 114),
  (514, NULL, 6, 2953, '2024-02-28', 114, 35),
  (515, NULL, 62, 925, '2024-02-26', 115, 53),
  (516, 'ButterfreeJr', 64, 4662, '2024-03-23', 115, 12),
  (517, 'PidgeyJr', 76, 588, '2024-07-04', 115, 16),
  (518, 'TentacoolJr', 67, 687, '2024-01-24', 115, 72),
  (519, NULL, 77, 2166, '2025-01-17', 115, 78),
  (520, NULL, 60, 4000, '2024-02-25', 115, 51),
  (521, 'KabutoJr', 41, 2059, '2025-04-15', 116, 140),
  (522, 'FarfetchdJr', 22, 226, '2024-11-30', 116, 83),
  (523, NULL, 23, 2427, '2024-01-13', 116, 3),
  (524, 'GastlyJr', 72, 1380, '2024-07-07', 116, 92),
  (525, NULL, 50, 2622, '2024-04-04', 117, 80),
  (526, 'DoduoJr', 75, 3025, '2024-04-27', 117, 84),
  (527, NULL, 35, 472, '2025-03-04', 117, 98),
  (528, 'SandslashJr', 32, 4049, '2025-04-08', 118, 28),
  (529, 'MoltresJr', 25, 2454, '2024-08-04', 118, 146),
  (530, NULL, 15, 1162, '2024-11-04', 118, 104),
  (531, NULL, 61, 3927, '2024-02-15', 119, 42),
  (532, 'ClefableJr', 52, 22, '2024-04-07', 119, 36),
  (533, NULL, 70, 3485, '2024-01-17', 119, 114),
  (534, 'ExeggutorJr', 12, 4215, '2024-03-14', 119, 103),
  (535, 'DewgongJr', 61, 4615, '2024-07-12', 120, 87),
  (536, 'PidgeottoJr', 30, 3840, '2024-12-11', 120, 17),
  (537, NULL, 71, 3772, '2024-02-13', 120, 113),
  (538, NULL, 24, 3287, '2024-08-07', 120, 3),
  (539, NULL, 15, 491, '2025-05-07', 120, 46),
  (540, NULL, 43, 4628, '2025-01-05', 120, 43);

-- Tabela: Time_Treinador_Golpe (golpes conhecidos por cada instância)
INSERT INTO `Time_Treinador_Golpe` (`id_instancia`, `id_golpe`) VALUES
  (1, 54),
  (1, 48),
  (1, 62),
  (1, 85),
  (2, 18),
  (2, 39),
  (2, 111),
  (2, 44),
  (3, 82),
  (3, 4),
  (3, 109),
  (3, 25),
  (4, 87),
  (4, 95),
  (5, 89),
  (5, 11),
  (5, 19),
  (6, 75),
  (6, 48),
  (6, 72),
  (6, 54),
  (7, 68),
  (7, 31),
  (7, 73),
  (8, 51),
  (8, 34),
  (8, 15),
  (9, 24),
  (9, 26),
  (10, 96),
  (10, 15),
  (10, 29),
  (10, 111),
  (11, 84),
  (11, 13),
  (11, 25),
  (12, 86),
  (12, 33),
  (12, 91),
  (12, 63),
  (13, 71),
  (13, 59),
  (14, 70),
  (14, 74),
  (15, 15),
  (15, 95),
  (15, 66),
  (15, 76),
  (16, 11),
  (16, 109),
  (16, 53),
  (16, 87),
  (17, 103),
  (17, 57),
  (18, 111),
  (18, 65),
  (19, 65),
  (19, 92),
  (19, 108),
  (19, 97),
  (20, 81),
  (20, 93),
  (21, 14),
  (21, 59),
  (21, 107),
  (21, 88),
  (22, 70),
  (22, 22),
  (22, 25),
  (23, 61),
  (23, 100),
  (23, 12),
  (23, 18),
  (24, 100),
  (24, 80),
  (24, 8),
  (25, 31),
  (25, 7),
  (25, 48),
  (26, 2),
  (26, 90),
  (27, 28),
  (27, 59),
  (27, 39),
  (27, 16),
  (28, 18),
  (28, 55),
  (28, 12),
  (28, 80),
  (29, 73),
  (29, 15),
  (30, 112),
  (30, 46),
  (30, 22),
  (30, 47),
  (31, 108),
  (31, 44),
  (31, 103),
  (31, 98),
  (32, 88),
  (32, 2),
  (32, 106),
  (32, 33),
  (33, 31),
  (33, 48),
  (34, 95),
  (34, 68),
  (34, 46),
  (34, 93),
  (35, 6),
  (35, 105),
  (35, 78),
  (36, 13),
  (36, 46),
  (36, 71),
  (37, 103),
  (37, 78),
  (37, 15),
  (38, 87),
  (38, 32),
  (39, 46),
  (39, 25),
  (39, 89),
  (40, 3),
  (40, 108),
  (40, 75),
  (41, 15),
  (41, 102),
  (41, 3),
  (42, 15),
  (42, 10),
  (42, 103),
  (43, 24),
  (43, 20),
  (43, 71),
  (44, 112),
  (44, 88),
  (44, 86),
  (45, 108),
  (45, 19),
  (45, 76),
  (46, 69),
  (46, 89),
  (46, 98),
  (47, 57),
  (47, 2),
  (47, 4),
  (48, 20),
  (48, 63),
  (48, 65),
  (49, 112),
  (49, 5),
  (49, 103),
  (50, 10),
  (50, 24),
  (51, 105),
  (51, 83),
  (51, 87),
  (51, 77),
  (52, 108),
  (52, 61),
  (52, 21),
  (53, 109),
  (53, 58),
  (53, 51),
  (53, 30),
  (54, 67),
  (54, 10),
  (54, 47),
  (54, 43),
  (55, 28),
  (55, 40),
  (55, 17),
  (55, 76),
  (56, 6),
  (56, 28),
  (56, 22),
  (56, 105),
  (57, 94),
  (57, 60),
  (57, 43),
  (58, 60),
  (58, 50),
  (58, 46),
  (58, 41),
  (59, 43),
  (59, 75),
  (60, 43),
  (60, 30),
  (60, 3),
  (61, 59),
  (61, 78),
  (62, 81),
  (62, 19),
  (63, 86),
  (63, 19),
  (63, 35),
  (63, 50),
  (64, 9),
  (64, 65);

INSERT INTO `Time_Treinador_Golpe` (`id_instancia`, `id_golpe`) VALUES
  (64, 34),
  (65, 73),
  (65, 74),
  (65, 68),
  (66, 18),
  (66, 90),
  (66, 5),
  (66, 72),
  (67, 112),
  (67, 26),
  (68, 82),
  (68, 74),
  (68, 13),
  (69, 102),
  (69, 37),
  (69, 31),
  (70, 88),
  (70, 10),
  (71, 98),
  (71, 44),
  (71, 95),
  (72, 66),
  (72, 110),
  (72, 82),
  (73, 45),
  (73, 112),
  (74, 92),
  (74, 52),
  (74, 43),
  (74, 8),
  (75, 44),
  (75, 86),
  (75, 42),
  (75, 101),
  (76, 65),
  (76, 48),
  (76, 32),
  (77, 45),
  (77, 20),
  (78, 27),
  (78, 1),
  (79, 59),
  (79, 52),
  (79, 58),
  (79, 51),
  (80, 99),
  (80, 39),
  (80, 22),
  (80, 76),
  (81, 19),
  (81, 39),
  (82, 40),
  (82, 33),
  (82, 94),
  (82, 74),
  (83, 85),
  (83, 44),
  (83, 10),
  (83, 25),
  (84, 11),
  (84, 75),
  (84, 23),
  (84, 39),
  (85, 46),
  (85, 60),
  (85, 100),
  (85, 89),
  (86, 93),
  (86, 112),
  (86, 9),
  (87, 41),
  (87, 23),
  (87, 36),
  (88, 70),
  (88, 3),
  (88, 98),
  (89, 81),
  (89, 35),
  (90, 91),
  (90, 3),
  (91, 7),
  (91, 52),
  (92, 26),
  (92, 78),
  (92, 37),
  (93, 83),
  (93, 13),
  (93, 26),
  (93, 31),
  (94, 8),
  (94, 17),
  (94, 77),
  (94, 7),
  (95, 10),
  (95, 104),
  (96, 44),
  (96, 93),
  (96, 18),
  (96, 1),
  (97, 35),
  (97, 69),
  (98, 2),
  (98, 82),
  (98, 42),
  (98, 4),
  (99, 42),
  (99, 112),
  (100, 4),
  (100, 84),
  (100, 63),
  (100, 52),
  (101, 87),
  (101, 103),
  (101, 44),
  (101, 23),
  (102, 111),
  (102, 54),
  (103, 12),
  (103, 81),
  (104, 43),
  (104, 100),
  (104, 64),
  (104, 77),
  (105, 33),
  (105, 60),
  (105, 112),
  (106, 4),
  (106, 41),
  (107, 84),
  (107, 41),
  (107, 8),
  (107, 54),
  (108, 91),
  (108, 93),
  (108, 107),
  (108, 43),
  (109, 12),
  (109, 3),
  (110, 27),
  (110, 19),
  (111, 99),
  (111, 108),
  (111, 12),
  (111, 46),
  (112, 55),
  (112, 45),
  (112, 69),
  (113, 76),
  (113, 111),
  (113, 72),
  (113, 20),
  (114, 78),
  (114, 74),
  (114, 43),
  (114, 30),
  (115, 80),
  (115, 34),
  (115, 105),
  (115, 92),
  (116, 98),
  (116, 5),
  (116, 100),
  (117, 40),
  (117, 84),
  (117, 99),
  (117, 71),
  (118, 59),
  (118, 72),
  (118, 36),
  (118, 47),
  (119, 68),
  (119, 36),
  (119, 17),
  (119, 33),
  (120, 72),
  (120, 61),
  (121, 84),
  (121, 104),
  (122, 20),
  (122, 81),
  (122, 30),
  (123, 97),
  (123, 12),
  (123, 4),
  (124, 18),
  (124, 16),
  (124, 8),
  (124, 70),
  (125, 27),
  (125, 72),
  (125, 100),
  (125, 24),
  (126, 78),
  (126, 47),
  (126, 95),
  (127, 23),
  (127, 112),
  (128, 110),
  (128, 100),
  (128, 21);

INSERT INTO `Time_Treinador_Golpe` (`id_instancia`, `id_golpe`) VALUES
  (128, 68),
  (129, 45),
  (129, 100),
  (130, 32),
  (130, 57),
  (130, 111),
  (130, 64),
  (131, 82),
  (131, 45),
  (132, 59),
  (132, 28),
  (132, 42),
  (133, 14),
  (133, 85),
  (134, 2),
  (134, 9),
  (134, 104),
  (134, 83),
  (135, 87),
  (135, 111),
  (135, 45),
  (136, 30),
  (136, 73),
  (137, 53),
  (137, 49),
  (137, 85),
  (138, 111),
  (138, 29),
  (138, 4),
  (138, 33),
  (139, 34),
  (139, 91),
  (140, 31),
  (140, 30),
  (140, 46),
  (141, 42),
  (141, 98),
  (142, 83),
  (142, 36),
  (142, 39),
  (143, 28),
  (143, 73),
  (143, 102),
  (144, 62),
  (144, 111),
  (145, 97),
  (145, 18),
  (145, 106),
  (146, 37),
  (146, 12),
  (146, 43),
  (147, 63),
  (147, 112),
  (148, 21),
  (148, 41),
  (149, 79),
  (149, 77),
  (149, 58),
  (149, 28),
  (150, 7),
  (150, 101),
  (150, 27),
  (150, 109),
  (151, 47),
  (151, 6),
  (151, 100),
  (151, 111),
  (152, 24),
  (152, 56),
  (152, 111),
  (153, 39),
  (153, 88),
  (154, 104),
  (154, 15),
  (155, 2),
  (155, 18),
  (156, 20),
  (156, 65),
  (156, 95),
  (157, 13),
  (157, 97),
  (157, 22),
  (158, 88),
  (158, 51),
  (158, 12),
  (159, 44),
  (159, 83),
  (159, 86),
  (160, 51),
  (160, 43),
  (160, 5),
  (160, 75),
  (161, 26),
  (161, 102),
  (162, 89),
  (162, 2),
  (162, 5),
  (162, 18),
  (163, 77),
  (163, 30),
  (163, 74),
  (163, 56),
  (164, 14),
  (164, 94),
  (164, 3),
  (164, 7),
  (165, 9),
  (165, 15),
  (165, 16),
  (166, 18),
  (166, 68),
  (166, 55),
  (167, 23),
  (167, 29),
  (168, 70),
  (168, 19),
  (168, 82),
  (168, 95),
  (169, 65),
  (169, 15),
  (169, 68),
  (169, 46),
  (170, 10),
  (170, 45),
  (170, 28),
  (171, 94),
  (171, 10),
  (172, 91),
  (172, 23),
  (172, 2),
  (173, 35),
  (173, 9),
  (173, 6),
  (174, 66),
  (174, 7),
  (175, 102),
  (175, 72),
  (175, 47),
  (176, 2),
  (176, 42),
  (176, 89),
  (177, 84),
  (177, 59),
  (178, 37),
  (178, 71),
  (178, 43),
  (178, 89),
  (179, 112),
  (179, 96),
  (179, 92),
  (180, 52),
  (180, 55),
  (180, 41),
  (181, 54),
  (181, 50),
  (181, 20),
  (181, 98),
  (182, 53),
  (182, 103),
  (182, 19),
  (183, 1),
  (183, 31),
  (183, 78),
  (183, 65),
  (184, 89),
  (184, 79),
  (184, 94),
  (185, 31),
  (185, 106),
  (185, 26),
  (186, 15),
  (186, 12),
  (186, 108),
  (186, 80),
  (187, 92),
  (187, 7),
  (188, 89),
  (188, 72),
  (188, 42),
  (189, 83),
  (189, 57),
  (189, 71),
  (189, 86),
  (190, 59),
  (190, 74),
  (190, 1),
  (191, 96),
  (191, 83),
  (191, 110),
  (192, 66),
  (192, 44),
  (192, 76),
  (193, 49),
  (193, 31),
  (193, 106),
  (193, 81),
  (194, 112),
  (194, 49),
  (194, 46),
  (194, 92);

INSERT INTO `Time_Treinador_Golpe` (`id_instancia`, `id_golpe`) VALUES
  (195, 51),
  (195, 68),
  (196, 79),
  (196, 85),
  (196, 87),
  (197, 10),
  (197, 81),
  (197, 103),
  (198, 86),
  (198, 29),
  (198, 79),
  (198, 98),
  (199, 34),
  (199, 108),
  (199, 61),
  (200, 45),
  (200, 67),
  (200, 76),
  (200, 62),
  (201, 29),
  (201, 19),
  (201, 9),
  (201, 97),
  (202, 47),
  (202, 68),
  (202, 27),
  (202, 22),
  (203, 31),
  (203, 87),
  (203, 23),
  (204, 106),
  (204, 85),
  (205, 23),
  (205, 82),
  (205, 106),
  (206, 112),
  (206, 6),
  (206, 42),
  (206, 49),
  (207, 107),
  (207, 111),
  (207, 105),
  (208, 16),
  (208, 53),
  (208, 20),
  (209, 33),
  (209, 49),
  (209, 14),
  (209, 47),
  (210, 85),
  (210, 103),
  (210, 67),
  (211, 39),
  (211, 58),
  (211, 85),
  (211, 12),
  (212, 51),
  (212, 38),
  (212, 58),
  (213, 15),
  (213, 58),
  (213, 82),
  (213, 62),
  (214, 103),
  (214, 23),
  (214, 98),
  (214, 67),
  (215, 1),
  (215, 88),
  (216, 47),
  (216, 63),
  (217, 85),
  (217, 31),
  (217, 80),
  (217, 48),
  (218, 44),
  (218, 103),
  (218, 49),
  (218, 33),
  (219, 72),
  (219, 26),
  (220, 74),
  (220, 34),
  (221, 76),
  (221, 23),
  (222, 92),
  (222, 70),
  (222, 36),
  (223, 33),
  (223, 31),
  (223, 34),
  (224, 12),
  (224, 68),
  (224, 82),
  (225, 110),
  (225, 12),
  (225, 26),
  (226, 55),
  (226, 102),
  (227, 80),
  (227, 100),
  (227, 48),
  (228, 92),
  (228, 57),
  (229, 47),
  (229, 6),
  (229, 92),
  (230, 53),
  (230, 56),
  (230, 83),
  (231, 104),
  (231, 33),
  (231, 46),
  (231, 31),
  (232, 109),
  (232, 75),
  (232, 17),
  (233, 25),
  (233, 110),
  (233, 92),
  (233, 75),
  (234, 9),
  (234, 86),
  (234, 27),
  (235, 111),
  (235, 10),
  (235, 11),
  (236, 49),
  (236, 51),
  (236, 68),
  (237, 64),
  (237, 83),
  (237, 97),
  (238, 14),
  (238, 76),
  (239, 60),
  (239, 90),
  (239, 108),
  (239, 56),
  (240, 61),
  (240, 23),
  (240, 9),
  (241, 51),
  (241, 63),
  (241, 18),
  (242, 97),
  (242, 106),
  (242, 2),
  (242, 86),
  (243, 95),
  (243, 26),
  (244, 70),
  (244, 6),
  (244, 88),
  (245, 71),
  (245, 43),
  (245, 99),
  (246, 99),
  (246, 59),
  (246, 16),
  (247, 29),
  (247, 109),
  (248, 74),
  (248, 105),
  (249, 14),
  (249, 64),
  (250, 109),
  (250, 97),
  (251, 73),
  (251, 59),
  (252, 106),
  (252, 88),
  (253, 92),
  (253, 43),
  (254, 111),
  (254, 8),
  (254, 71),
  (255, 96),
  (255, 54),
  (255, 108),
  (255, 75),
  (256, 53),
  (256, 105),
  (257, 112),
  (257, 81),
  (258, 42),
  (258, 43),
  (259, 67),
  (259, 1),
  (260, 69),
  (260, 36),
  (261, 34),
  (261, 12),
  (261, 41),
  (261, 50),
  (262, 85),
  (262, 110),
  (262, 39),
  (263, 51),
  (263, 66);

INSERT INTO `Time_Treinador_Golpe` (`id_instancia`, `id_golpe`) VALUES
  (263, 54),
  (263, 88),
  (264, 40),
  (264, 39),
  (265, 111),
  (265, 49),
  (266, 110),
  (266, 70),
  (266, 33),
  (267, 26),
  (267, 17),
  (267, 7),
  (268, 69),
  (268, 84),
  (269, 60),
  (269, 85),
  (269, 63),
  (270, 75),
  (270, 19),
  (270, 47),
  (270, 103),
  (271, 26),
  (271, 59),
  (271, 91),
  (272, 85),
  (272, 7),
  (272, 94),
  (272, 41),
  (273, 69),
  (273, 9),
  (274, 73),
  (274, 106),
  (274, 42),
  (275, 36),
  (275, 29),
  (276, 38),
  (276, 26),
  (276, 91),
  (277, 103),
  (277, 76),
  (278, 59),
  (278, 52),
  (278, 94),
  (278, 57),
  (279, 27),
  (279, 8),
  (280, 56),
  (280, 110),
  (281, 16),
  (281, 7),
  (281, 18),
  (281, 111),
  (282, 105),
  (282, 77),
  (283, 24),
  (283, 2),
  (283, 93),
  (284, 95),
  (284, 103),
  (284, 22),
  (284, 64),
  (285, 87),
  (285, 93),
  (286, 96),
  (286, 38),
  (286, 103),
  (286, 28),
  (287, 108),
  (287, 21),
  (287, 19),
  (287, 100),
  (288, 27),
  (288, 67),
  (288, 13),
  (288, 60),
  (289, 26),
  (289, 101),
  (290, 7),
  (290, 54),
  (291, 85),
  (291, 107),
  (292, 91),
  (292, 57),
  (292, 88),
  (293, 20),
  (293, 112),
  (293, 8),
  (294, 18),
  (294, 6),
  (294, 21),
  (294, 108),
  (295, 38),
  (295, 98),
  (295, 30),
  (296, 103),
  (296, 41),
  (296, 91),
  (296, 72),
  (297, 20),
  (297, 40),
  (297, 34),
  (297, 42),
  (298, 108),
  (298, 28),
  (298, 20),
  (298, 103),
  (299, 30),
  (299, 51),
  (299, 5),
  (299, 42),
  (300, 20),
  (300, 83),
  (300, 38),
  (301, 84),
  (301, 70),
  (302, 12),
  (302, 26),
  (302, 60),
  (302, 20),
  (303, 24),
  (303, 56),
  (303, 43),
  (303, 87),
  (304, 15),
  (304, 5),
  (304, 107),
  (305, 16),
  (305, 85),
  (305, 27),
  (306, 68),
  (306, 10),
  (306, 38),
  (306, 63),
  (307, 3),
  (307, 97),
  (307, 101),
  (308, 12),
  (308, 26),
  (308, 63),
  (309, 111),
  (309, 39),
  (309, 77),
  (310, 70),
  (310, 97),
  (310, 12),
  (310, 26),
  (311, 61),
  (311, 35),
  (312, 75),
  (312, 39),
  (313, 75),
  (313, 77),
  (314, 1),
  (314, 45),
  (315, 20),
  (315, 85),
  (316, 7),
  (316, 23),
  (316, 43),
  (317, 58),
  (317, 62),
  (317, 32),
  (318, 96),
  (318, 47),
  (318, 23),
  (319, 101),
  (319, 107),
  (320, 104),
  (320, 9),
  (320, 93),
  (321, 59),
  (321, 13),
  (321, 96),
  (321, 71),
  (322, 101),
  (322, 21),
  (323, 51),
  (323, 60),
  (323, 5),
  (323, 6),
  (324, 75),
  (324, 13),
  (324, 53),
  (324, 83),
  (325, 17),
  (325, 54),
  (325, 74),
  (325, 108),
  (326, 10),
  (326, 48),
  (326, 94),
  (327, 94),
  (327, 21),
  (327, 47),
  (327, 22),
  (328, 12),
  (328, 43),
  (328, 1),
  (328, 108),
  (329, 112);

INSERT INTO `Time_Treinador_Golpe` (`id_instancia`, `id_golpe`) VALUES
  (329, 108),
  (329, 62),
  (329, 39),
  (330, 34),
  (330, 13),
  (331, 31),
  (331, 15),
  (332, 64),
  (332, 35),
  (333, 70),
  (333, 16),
  (333, 42),
  (333, 60),
  (334, 21),
  (334, 73),
  (335, 6),
  (335, 65),
  (335, 33),
  (335, 47),
  (336, 37),
  (336, 52),
  (337, 27),
  (337, 17),
  (337, 31),
  (337, 94),
  (338, 65),
  (338, 31),
  (338, 13),
  (338, 2),
  (339, 7),
  (339, 63),
  (340, 74),
  (340, 27),
  (340, 89),
  (340, 96),
  (341, 12),
  (341, 97),
  (342, 20),
  (342, 108),
  (343, 4),
  (343, 55),
  (343, 51),
  (344, 67),
  (344, 15),
  (344, 38),
  (344, 73),
  (345, 11),
  (345, 85),
  (346, 28),
  (346, 30),
  (346, 32),
  (346, 77),
  (347, 91),
  (347, 105),
  (347, 8),
  (347, 106),
  (348, 10),
  (348, 77),
  (349, 13),
  (349, 6),
  (349, 28),
  (350, 99),
  (350, 89),
  (350, 23),
  (350, 105),
  (351, 44),
  (351, 11),
  (351, 104),
  (352, 76),
  (352, 24),
  (352, 2),
  (353, 53),
  (353, 101),
  (353, 5),
  (354, 101),
  (354, 32),
  (355, 94),
  (355, 66),
  (356, 22),
  (356, 20),
  (356, 103),
  (356, 45),
  (357, 27),
  (357, 26),
  (358, 88),
  (358, 43),
  (359, 9),
  (359, 1),
  (359, 102),
  (359, 62),
  (360, 64),
  (360, 68),
  (361, 9),
  (361, 97),
  (361, 78),
  (362, 9),
  (362, 26),
  (362, 111),
  (362, 81),
  (363, 109),
  (363, 47),
  (364, 12),
  (364, 84),
  (364, 92),
  (365, 75),
  (365, 21),
  (365, 103),
  (366, 87),
  (366, 99),
  (366, 96),
  (367, 18),
  (367, 34),
  (367, 107),
  (368, 39),
  (368, 7),
  (368, 96),
  (368, 60),
  (369, 76),
  (369, 22),
  (369, 56),
  (369, 50),
  (370, 101),
  (370, 112),
  (370, 66),
  (370, 39),
  (371, 76),
  (371, 69),
  (371, 84),
  (371, 81),
  (372, 9),
  (372, 101),
  (373, 97),
  (373, 108),
  (373, 109),
  (374, 31),
  (374, 26),
  (375, 59),
  (375, 72),
  (375, 31),
  (375, 64),
  (376, 88),
  (376, 91),
  (376, 7),
  (376, 51),
  (377, 101),
  (377, 51),
  (377, 102),
  (377, 81),
  (378, 100),
  (378, 44),
  (378, 106),
  (378, 49),
  (379, 12),
  (379, 30),
  (379, 84),
  (380, 108),
  (380, 102),
  (380, 44),
  (380, 85),
  (381, 108),
  (381, 55),
  (381, 102),
  (381, 40),
  (382, 39),
  (382, 63),
  (383, 3),
  (383, 15),
  (383, 104),
  (383, 61),
  (384, 53),
  (384, 78),
  (384, 39),
  (385, 19),
  (385, 43),
  (385, 70),
  (386, 11),
  (386, 46),
  (387, 109),
  (387, 60),
  (387, 80),
  (388, 38),
  (388, 43),
  (389, 35),
  (389, 24),
  (390, 57),
  (390, 53),
  (390, 85),
  (390, 69),
  (391, 16),
  (391, 28),
  (392, 81),
  (392, 6),
  (392, 49),
  (392, 106),
  (393, 50),
  (393, 35),
  (394, 20),
  (394, 47),
  (394, 22),
  (395, 45);

INSERT INTO `Time_Treinador_Golpe` (`id_instancia`, `id_golpe`) VALUES
  (395, 105),
  (396, 51),
  (396, 40),
  (396, 64),
  (396, 41),
  (397, 102),
  (397, 78),
  (397, 25),
  (397, 110),
  (398, 51),
  (398, 68),
  (399, 1),
  (399, 110),
  (400, 14),
  (400, 32),
  (401, 73),
  (401, 104),
  (401, 85),
  (402, 95),
  (402, 46),
  (402, 87),
  (403, 71),
  (403, 95),
  (404, 86),
  (404, 49),
  (404, 18),
  (404, 97),
  (405, 86),
  (405, 54),
  (405, 10),
  (406, 80),
  (406, 43),
  (406, 57),
  (406, 35),
  (407, 47),
  (407, 40),
  (407, 85),
  (408, 81),
  (408, 88),
  (408, 49),
  (408, 67),
  (409, 8),
  (409, 84),
  (409, 64),
  (409, 47),
  (410, 3),
  (410, 8),
  (410, 107),
  (410, 88),
  (411, 72),
  (411, 49),
  (412, 40),
  (412, 97),
  (412, 66),
  (413, 94),
  (413, 78),
  (414, 59),
  (414, 5),
  (414, 42),
  (414, 62),
  (415, 1),
  (415, 35),
  (416, 25),
  (416, 76),
  (417, 66),
  (417, 6),
  (417, 51),
  (417, 23),
  (418, 76),
  (418, 83),
  (418, 36),
  (418, 81),
  (419, 38),
  (419, 99),
  (420, 4),
  (420, 54),
  (420, 71),
  (420, 53),
  (421, 11),
  (421, 104),
  (421, 87),
  (421, 82),
  (422, 64),
  (422, 91),
  (422, 47),
  (423, 36),
  (423, 42),
  (423, 21),
  (423, 107),
  (424, 64),
  (424, 106),
  (424, 7),
  (424, 102),
  (425, 45),
  (425, 18),
  (425, 26),
  (425, 67),
  (426, 21),
  (426, 40),
  (427, 67),
  (427, 22),
  (427, 88),
  (427, 40),
  (428, 76),
  (428, 39),
  (429, 100),
  (429, 47),
  (429, 89),
  (430, 35),
  (430, 40),
  (431, 26),
  (431, 80),
  (431, 42),
  (432, 52),
  (432, 14),
  (432, 88),
  (433, 47),
  (433, 51),
  (433, 41),
  (434, 102),
  (434, 61),
  (434, 35),
  (435, 27),
  (435, 80),
  (436, 65),
  (436, 108),
  (436, 53),
  (437, 21),
  (437, 100),
  (437, 41),
  (437, 6),
  (438, 36),
  (438, 97),
  (439, 61),
  (439, 85),
  (439, 72),
  (439, 109),
  (440, 53),
  (440, 97),
  (440, 10),
  (440, 36),
  (441, 47),
  (441, 92),
  (441, 51),
  (442, 104),
  (442, 37),
  (442, 109),
  (442, 81),
  (443, 34),
  (443, 58),
  (444, 6),
  (444, 69),
  (445, 73),
  (445, 40),
  (445, 46),
  (445, 78),
  (446, 34),
  (446, 32),
  (446, 9),
  (447, 13),
  (447, 97),
  (447, 78),
  (447, 87),
  (448, 107),
  (448, 104),
  (448, 92),
  (449, 40),
  (449, 22),
  (450, 23),
  (450, 93),
  (450, 82),
  (450, 96),
  (451, 16),
  (451, 100),
  (451, 52),
  (451, 51),
  (452, 108),
  (452, 44),
  (452, 52),
  (452, 51),
  (453, 104),
  (453, 44),
  (453, 45),
  (454, 92),
  (454, 112),
  (455, 69),
  (455, 95),
  (456, 53),
  (456, 86),
  (456, 37),
  (456, 18),
  (457, 44),
  (457, 88),
  (458, 53),
  (458, 9),
  (459, 1),
  (459, 110),
  (459, 74),
  (459, 86),
  (460, 74);

INSERT INTO `Time_Treinador_Golpe` (`id_instancia`, `id_golpe`) VALUES
  (460, 56),
  (461, 28),
  (461, 74),
  (461, 94),
  (462, 101),
  (462, 109),
  (462, 87),
  (463, 20),
  (463, 29),
  (464, 109),
  (464, 97),
  (464, 31),
  (464, 65),
  (465, 37),
  (465, 5),
  (466, 106),
  (466, 84),
  (466, 49),
  (466, 37),
  (467, 83),
  (467, 91),
  (468, 50),
  (468, 79),
  (468, 36),
  (468, 92),
  (469, 99),
  (469, 78),
  (470, 106),
  (470, 66),
  (470, 35),
  (470, 78),
  (471, 29),
  (471, 40),
  (472, 47),
  (472, 87),
  (473, 103),
  (473, 11),
  (473, 47),
  (473, 3),
  (474, 67),
  (474, 10),
  (474, 16),
  (474, 108),
  (475, 28),
  (475, 1),
  (475, 59),
  (476, 98),
  (476, 18),
  (476, 58),
  (476, 36),
  (477, 8),
  (477, 58),
  (477, 76),
  (477, 72),
  (478, 104),
  (478, 5),
  (478, 6),
  (478, 69),
  (479, 15),
  (479, 62),
  (479, 29),
  (480, 81),
  (480, 44),
  (480, 43),
  (481, 73),
  (481, 30),
  (481, 28),
  (481, 72),
  (482, 37),
  (482, 108),
  (483, 69),
  (483, 92),
  (483, 4),
  (483, 29),
  (484, 4),
  (484, 104),
  (485, 35),
  (485, 55),
  (485, 48),
  (485, 9),
  (486, 36),
  (486, 93),
  (486, 12),
  (486, 75),
  (487, 52),
  (487, 50),
  (488, 76),
  (488, 53),
  (488, 29),
  (488, 86),
  (489, 103),
  (489, 48),
  (490, 43),
  (490, 85),
  (490, 33),
  (490, 10),
  (491, 62),
  (491, 74),
  (491, 18),
  (491, 56),
  (492, 88),
  (492, 91),
  (492, 80),
  (493, 25),
  (493, 44),
  (493, 79),
  (494, 15),
  (494, 52),
  (495, 37),
  (495, 98),
  (496, 10),
  (496, 95),
  (497, 3),
  (497, 57),
  (497, 100),
  (497, 26),
  (498, 96),
  (498, 26),
  (498, 99),
  (498, 34),
  (499, 72),
  (499, 97),
  (500, 108),
  (500, 38),
  (500, 96),
  (500, 101),
  (501, 95),
  (501, 93),
  (502, 93),
  (502, 3),
  (502, 9),
  (502, 46),
  (503, 54),
  (503, 2),
  (504, 93),
  (504, 96),
  (504, 81),
  (504, 69),
  (505, 72),
  (505, 46),
  (505, 81),
  (506, 73),
  (506, 81),
  (507, 46),
  (507, 40),
  (507, 14),
  (508, 95),
  (508, 23),
  (509, 46),
  (509, 54),
  (509, 4),
  (509, 103),
  (510, 59),
  (510, 99),
  (510, 14),
  (510, 44),
  (511, 110),
  (511, 20),
  (512, 100),
  (512, 61),
  (512, 63),
  (513, 44),
  (513, 102),
  (514, 61),
  (514, 106),
  (514, 17),
  (515, 68),
  (515, 73),
  (516, 66),
  (516, 50),
  (516, 27),
  (517, 33),
  (517, 85),
  (517, 3),
  (518, 91),
  (518, 36),
  (519, 56),
  (519, 100),
  (519, 94),
  (519, 93),
  (520, 21),
  (520, 104),
  (520, 108),
  (521, 18),
  (521, 2),
  (521, 15),
  (522, 94),
  (522, 75),
  (523, 49),
  (523, 4),
  (523, 2),
  (523, 105),
  (524, 60),
  (524, 100),
  (525, 27),
  (525, 74),
  (526, 10),
  (526, 110),
  (526, 42),
  (526, 44);

INSERT INTO `Time_Treinador_Golpe` (`id_instancia`, `id_golpe`) VALUES
  (527, 72),
  (527, 60),
  (527, 63),
  (527, 99),
  (528, 27),
  (528, 1),
  (528, 32),
  (528, 46),
  (529, 14),
  (529, 13),
  (529, 76),
  (530, 26),
  (530, 57),
  (531, 74),
  (531, 75),
  (531, 82),
  (532, 91),
  (532, 57),
  (532, 98),
  (532, 9),
  (533, 93),
  (533, 7),
  (533, 111),
  (533, 61),
  (534, 52),
  (534, 84),
  (535, 111),
  (535, 92),
  (535, 31),
  (535, 84),
  (536, 89),
  (536, 61),
  (536, 78),
  (537, 16),
  (537, 64),
  (538, 49),
  (538, 9),
  (538, 90),
  (538, 31),
  (539, 1),
  (539, 51),
  (540, 101),
  (540, 96),
  (540, 106),
  (540, 29);

-- Tabela: Batalha (histórico do torneio)
INSERT INTO `Batalha` (`id_batalha`, `data_batalha`, `local_batalha`, `fase_torneio`, `id_treinador1`, `id_treinador2`, `id_vencedor`) VALUES
  (1, '2024-08-02', 'Arena de Sinop', 'Oitavas de Final', 82, 95, 82),
  (2, '2024-09-11', 'Arena de Sorriso', 'Oitavas de Final', 103, 1, 103),
  (3, '2024-11-11', 'Arena de Goiânia', 'Semifinal', 100, 87, NULL),
  (4, '2024-10-01', 'Arena de Sinop', 'Fase de Grupos', 34, 6, 34),
  (5, '2024-11-05', 'Arena de Campinas', 'Quartas de Final', 24, 19, 24),
  (6, '2024-06-01', 'Arena de Rondonópolis', 'Fase de Grupos', 14, 66, 66),
  (7, '2024-11-28', 'Arena de Várzea Grande', 'Final', 72, 83, 72),
  (8, '2024-10-22', 'Arena de Campo Verde', 'Fase de Grupos', 79, 38, 79),
  (9, '2024-07-24', 'Arena de Sinop', 'Oitavas de Final', 24, 107, 107),
  (10, '2024-10-18', 'Arena de Campinas', 'Quartas de Final', 86, 55, 86),
  (11, '2024-06-26', 'Arena de Rondonópolis', 'Quartas de Final', 87, 13, 87),
  (12, '2024-07-08', 'Arena de São Paulo', 'Final', 36, 39, 39),
  (13, '2024-06-21', 'Arena de Rondonópolis', 'Fase de Grupos', 74, 43, 74),
  (14, '2024-10-12', 'Arena de Nova Mutum', 'Semifinal', 15, 88, 15),
  (15, '2024-12-12', 'Arena de Rondonópolis', 'Fase de Grupos', 53, 119, 53),
  (16, '2024-11-19', 'Arena de Tangará da Serra', 'Semifinal', 108, 8, 108),
  (17, '2024-08-15', 'Arena de Juína', 'Quartas de Final', 103, 113, NULL),
  (18, '2024-08-29', 'Arena de Cuiabá', 'Quartas de Final', 91, 18, 18),
  (19, '2024-11-15', 'Arena de São Paulo', 'Final', 49, 13, 49),
  (20, '2024-08-10', 'Arena de Sorriso', 'Fase de Grupos', 108, 97, 97),
  (21, '2024-10-18', 'Arena de Lucas do Rio Verde', 'Quartas de Final', 53, 69, 53),
  (22, '2024-08-27', 'Arena de Rondonópolis', 'Final', 1, 99, 1),
  (23, '2024-09-17', 'Arena de Cuiabá', 'Quartas de Final', 21, 14, 14),
  (24, '2024-07-12', 'Arena de Campo Verde', 'Final', 9, 69, 69),
  (25, '2024-09-13', 'Arena de Campinas', 'Fase de Grupos', 7, 84, 7),
  (26, '2024-11-30', 'Arena de Primavera do Leste', 'Semifinal', 83, 28, 83),
  (27, '2024-11-04', 'Arena de Juína', 'Final', 92, 16, 92),
  (28, '2024-12-10', 'Arena de Nova Mutum', 'Oitavas de Final', 88, 22, 22),
  (29, '2024-11-24', 'Arena de Campo Verde', 'Quartas de Final', 44, 33, 44),
  (30, '2024-11-15', 'Arena de Rondonópolis', 'Final', 80, 84, 80),
  (31, '2024-06-17', 'Arena de Rondonópolis', 'Final', 9, 89, 9),
  (32, '2024-10-21', 'Arena de Sinop', 'Semifinal', 2, 10, 2),
  (33, '2024-12-14', 'Arena de Juína', 'Oitavas de Final', 83, 66, 66),
  (34, '2024-09-13', 'Arena de Cáceres', 'Semifinal', 116, 13, 13),
  (35, '2024-08-27', 'Arena de Cuiabá', 'Oitavas de Final', 94, 113, 113),
  (36, '2024-06-28', 'Arena de Campo Verde', 'Quartas de Final', 4, 50, 4),
  (37, '2024-07-19', 'Arena de Rondonópolis', 'Fase de Grupos', 86, 43, 86),
  (38, '2024-11-17', 'Arena de Primavera do Leste', 'Oitavas de Final', 21, 101, 101),
  (39, '2024-09-07', 'Arena de Primavera do Leste', 'Fase de Grupos', 6, 19, 6),
  (40, '2024-08-15', 'Arena de Cuiabá', 'Quartas de Final', 73, 75, 73),
  (41, '2024-09-02', 'Arena de Curitiba', 'Oitavas de Final', 110, 120, 120),
  (42, '2024-09-03', 'Arena de Lucas do Rio Verde', 'Oitavas de Final', 18, 48, 48),
  (43, '2024-07-13', 'Arena de Barra do Garças', 'Semifinal', 67, 85, 67),
  (44, '2024-07-20', 'Arena de Sorriso', 'Semifinal', 120, 98, NULL),
  (45, '2024-08-07', 'Arena de Cuiabá', 'Fase de Grupos', 110, 47, 47),
  (46, '2024-07-31', 'Arena de Barra do Garças', 'Fase de Grupos', 13, 85, 85),
  (47, '2024-09-26', 'Arena de Curitiba', 'Semifinal', 61, 57, 61),
  (48, '2024-07-15', 'Arena de Sorriso', 'Semifinal', 12, 52, 52),
  (49, '2024-08-08', 'Arena de Lucas do Rio Verde', 'Semifinal', 57, 8, 57),
  (50, '2024-06-19', 'Arena de Campinas', 'Oitavas de Final', 61, 31, 61),
  (51, '2024-06-29', 'Arena de Várzea Grande', 'Semifinal', 62, 96, 96),
  (52, '2024-10-09', 'Arena de Cuiabá', 'Oitavas de Final', 68, 8, 68),
  (53, '2024-09-26', 'Arena de Tangará da Serra', 'Fase de Grupos', 13, 11, 11),
  (54, '2024-07-23', 'Arena de Primavera do Leste', 'Quartas de Final', 104, 58, 104),
  (55, '2024-10-02', 'Arena de Primavera do Leste', 'Oitavas de Final', 9, 16, 16),
  (56, '2024-11-12', 'Arena de São Paulo', 'Fase de Grupos', 66, 2, 66),
  (57, '2024-11-18', 'Arena de Brasília', 'Oitavas de Final', 69, 83, 83),
  (58, '2024-12-07', 'Arena de Várzea Grande', 'Quartas de Final', 84, 47, 47),
  (59, '2024-06-05', 'Arena de Brasília', 'Semifinal', 85, 116, 85),
  (60, '2024-06-10', 'Arena de Barra do Garças', 'Semifinal', 116, 93, 116),
  (61, '2024-10-28', 'Arena de Campo Verde', 'Fase de Grupos', 18, 108, 108),
  (62, '2024-09-01', 'Arena de São Paulo', 'Oitavas de Final', 52, 4, 52),
  (63, '2024-11-20', 'Arena de Campo Verde', 'Final', 9, 62, 62),
  (64, '2024-07-22', 'Arena de Barra do Garças', 'Semifinal', 116, 28, 28),
  (65, '2024-06-09', 'Arena de Pontes e Lacerda', 'Oitavas de Final', 35, 29, 29),
  (66, '2024-10-24', 'Arena de Lucas do Rio Verde', 'Oitavas de Final', 44, 53, 44),
  (67, '2024-11-03', 'Arena de Primavera do Leste', 'Final', 31, 106, 31),
  (68, '2024-07-06', 'Arena de Primavera do Leste', 'Oitavas de Final', 59, 61, 61),
  (69, '2024-07-09', 'Arena de Tangará da Serra', 'Final', 72, 16, 16),
  (70, '2024-07-13', 'Arena de Sorriso', 'Semifinal', 18, 75, 18),
  (71, '2024-09-13', 'Arena de Primavera do Leste', 'Final', 22, 11, 11),
  (72, '2024-11-30', 'Arena de Pontes e Lacerda', 'Fase de Grupos', 85, 29, 29),
  (73, '2024-06-05', 'Arena de Barra do Garças', 'Fase de Grupos', 7, 56, 7),
  (74, '2024-09-16', 'Arena de Rondonópolis', 'Final', 37, 97, 37),
  (75, '2024-09-23', 'Arena de Sorriso', 'Semifinal', 49, 109, 49),
  (76, '2024-10-12', 'Arena de Curitiba', 'Oitavas de Final', 85, 68, 68),
  (77, '2024-10-25', 'Arena de Nova Mutum', 'Oitavas de Final', 56, 10, 10),
  (78, '2024-09-14', 'Arena de Lucas do Rio Verde', 'Final', 111, 89, 111),
  (79, '2024-11-07', 'Arena de São Paulo', 'Oitavas de Final', 33, 87, 33),
  (80, '2024-09-22', 'Arena de São Paulo', 'Quartas de Final', 87, 42, 87),
  (81, '2024-09-28', 'Arena de Cuiabá', 'Oitavas de Final', 87, 98, 87),
  (82, '2024-10-17', 'Arena de Pontes e Lacerda', 'Semifinal', 56, 12, 56),
  (83, '2024-12-06', 'Arena de Lucas do Rio Verde', 'Semifinal', 18, 116, 116),
  (84, '2024-07-27', 'Arena de Campo Verde', 'Quartas de Final', 85, 64, 85),
  (85, '2024-11-05', 'Arena de Pontes e Lacerda', 'Fase de Grupos', 15, 5, 5),
  (86, '2024-10-26', 'Arena de Curitiba', 'Quartas de Final', 61, 75, 75),
  (87, '2024-07-15', 'Arena de São Paulo', 'Fase de Grupos', 45, 91, 91),
  (88, '2024-06-30', 'Arena de Barra do Garças', 'Final', 87, 100, 100),
  (89, '2024-09-03', 'Arena de Barra do Garças', 'Quartas de Final', 83, 27, 83),
  (90, '2024-11-18', 'Arena de Goiânia', 'Fase de Grupos', 21, 106, 106),
  (91, '2024-09-14', 'Arena de Curitiba', 'Quartas de Final', 26, 115, NULL),
  (92, '2024-06-22', 'Arena de Sorriso', 'Fase de Grupos', 4, 9, 4),
  (93, '2024-06-05', 'Arena de Cuiabá', 'Fase de Grupos', 23, 30, 23),
  (94, '2024-07-09', 'Arena de São Paulo', 'Quartas de Final', 11, 120, 11),
  (95, '2024-09-15', 'Arena de São Paulo', 'Quartas de Final', 10, 67, 67),
  (96, '2024-07-12', 'Arena de Primavera do Leste', 'Fase de Grupos', 43, 8, 8),
  (97, '2024-07-04', 'Arena de Cuiabá', 'Quartas de Final', 9, 80, 80),
  (98, '2024-12-10', 'Arena de Tangará da Serra', 'Semifinal', 65, 63, 65),
  (99, '2024-08-19', 'Arena de Rondonópolis', 'Semifinal', 50, 38, 50),
  (100, '2024-11-29', 'Arena de Juína', 'Semifinal', 13, 9, 13),
  (101, '2024-11-17', 'Arena de São Paulo', 'Final', 102, 105, 102),
  (102, '2024-07-26', 'Arena de Sinop', 'Semifinal', 56, 18, NULL),
  (103, '2024-10-12', 'Arena de Curitiba', 'Quartas de Final', 31, 97, 97),
  (104, '2024-06-07', 'Arena de Sorriso', 'Final', 93, 8, NULL),
  (105, '2024-11-05', 'Arena de Campo Verde', 'Oitavas de Final', 38, 28, 28),
  (106, '2024-07-04', 'Arena de Cáceres', 'Fase de Grupos', 27, 40, 40),
  (107, '2024-09-10', 'Arena de Cuiabá', 'Final', 29, 60, 60),
  (108, '2024-08-20', 'Arena de Rondonópolis', 'Quartas de Final', 93, 40, NULL),
  (109, '2024-07-15', 'Arena de Sorriso', 'Semifinal', 7, 42, 7),
  (110, '2024-11-23', 'Arena de São Paulo', 'Final', 4, 26, 26),
  (111, '2024-06-18', 'Arena de Brasília', 'Semifinal', 40, 100, NULL),
  (112, '2024-10-10', 'Arena de Sorriso', 'Semifinal', 56, 62, NULL),
  (113, '2024-12-15', 'Arena de Lucas do Rio Verde', 'Final', 41, 110, 110),
  (114, '2024-11-06', 'Arena de Várzea Grande', 'Fase de Grupos', 58, 100, 100),
  (115, '2024-07-05', 'Arena de Várzea Grande', 'Final', 99, 59, 59),
  (116, '2024-08-16', 'Arena de Rondonópolis', 'Quartas de Final', 17, 9, 17),
  (117, '2024-11-26', 'Arena de Sinop', 'Fase de Grupos', 56, 67, 67),
  (118, '2024-10-14', 'Arena de Sinop', 'Fase de Grupos', 5, 37, 5),
  (119, '2024-07-14', 'Arena de Sorriso', 'Oitavas de Final', 41, 21, 21),
  (120, '2024-09-01', 'Arena de Sinop', 'Oitavas de Final', 50, 98, 98),
  (121, '2024-12-07', 'Arena de Nova Mutum', 'Semifinal', 59, 71, 71),
  (122, '2024-12-12', 'Arena de Juína', 'Semifinal', 29, 24, 24),
  (123, '2024-12-09', 'Arena de Campo Verde', 'Semifinal', 92, 26, 92),
  (124, '2024-08-03', 'Arena de Cuiabá', 'Quartas de Final', 14, 112, 112),
  (125, '2024-11-05', 'Arena de Cuiabá', 'Quartas de Final', 66, 61, 66),
  (126, '2024-11-22', 'Arena de Campo Verde', 'Semifinal', 23, 94, 94),
  (127, '2024-10-26', 'Arena de Lucas do Rio Verde', 'Fase de Grupos', 8, 106, 8),
  (128, '2024-06-10', 'Arena de Cuiabá', 'Oitavas de Final', 101, 98, 101),
  (129, '2024-09-02', 'Arena de Barra do Garças', 'Quartas de Final', 109, 41, 41),
  (130, '2024-06-29', 'Arena de Sorriso', 'Fase de Grupos', 80, 46, 46),
  (131, '2024-11-12', 'Arena de Várzea Grande', 'Oitavas de Final', 117, 87, 117),
  (132, '2024-10-08', 'Arena de Cuiabá', 'Semifinal', 97, 20, 20),
  (133, '2024-10-17', 'Arena de Cuiabá', 'Fase de Grupos', 56, 108, 56),
  (134, '2024-12-16', 'Arena de Tangará da Serra', 'Final', 45, 115, 115),
  (135, '2024-09-25', 'Arena de Cuiabá', 'Semifinal', 84, 117, NULL),
  (136, '2024-12-04', 'Arena de Cuiabá', 'Quartas de Final', 101, 60, 101),
  (137, '2024-06-07', 'Arena de Cuiabá', 'Oitavas de Final', 32, 9, 9),
  (138, '2024-12-07', 'Arena de Várzea Grande', 'Oitavas de Final', 48, 10, 10),
  (139, '2024-10-01', 'Arena de Nova Mutum', 'Quartas de Final', 111, 60, 60),
  (140, '2024-08-21', 'Arena de Lucas do Rio Verde', 'Quartas de Final', 82, 81, 81),
  (141, '2024-11-01', 'Arena de Goiânia', 'Final', 95, 112, 95),
  (142, '2024-11-18', 'Arena de Sorriso', 'Oitavas de Final', 9, 62, 9),
  (143, '2024-11-15', 'Arena de Goiânia', 'Fase de Grupos', 27, 47, 27),
  (144, '2024-12-01', 'Arena de Tangará da Serra', 'Semifinal', 60, 76, 60),
  (145, '2024-06-26', 'Arena de Sorriso', 'Final', 12, 24, 24),
  (146, '2024-07-11', 'Arena de Nova Mutum', 'Fase de Grupos', 103, 8, 8),
  (147, '2024-08-24', 'Arena de Campinas', 'Oitavas de Final', 120, 54, 54),
  (148, '2024-11-19', 'Arena de Tangará da Serra', 'Final', 63, 70, 63),
  (149, '2024-07-17', 'Arena de Cuiabá', 'Final', 49, 107, 49),
  (150, '2024-06-14', 'Arena de Várzea Grande', 'Oitavas de Final', 113, 98, 98),
  (151, '2024-10-09', 'Arena de Juína', 'Oitavas de Final', 65, 3, 65),
  (152, '2024-06-08', 'Arena de Pontes e Lacerda', 'Oitavas de Final', 72, 28, 28),
  (153, '2024-07-30', 'Arena de Pontes e Lacerda', 'Oitavas de Final', 78, 89, 89),
  (154, '2024-12-16', 'Arena de Cuiabá', 'Quartas de Final', 66, 81, 66),
  (155, '2024-10-16', 'Arena de Primavera do Leste', 'Oitavas de Final', 116, 92, 116),
  (156, '2024-07-22', 'Arena de Goiânia', 'Fase de Grupos', 67, 106, 67),
  (157, '2024-08-09', 'Arena de Pontes e Lacerda', 'Final', 96, 60, 96),
  (158, '2024-06-23', 'Arena de Rondonópolis', 'Final', 7, 63, 63),
  (159, '2024-07-14', 'Arena de Campo Verde', 'Final', 87, 54, 54),
  (160, '2024-07-21', 'Arena de Sorriso', 'Oitavas de Final', 44, 53, 44);

SET FOREIGN_KEY_CHECKS = 1;
