USE pokemon_torneio;
SET FOREIGN_KEY_CHECKS = 0;

-- Tabela: Pokemon (catálogo de espécies)
INSERT INTO `Pokemon` (`id_especie`, `nome_especie`, `tipo_base`, `tipo_secundario`, `hp_base`, `ataque_base`, `defesa_base`, `velocidade_base`, `evolui_para_id`) VALUES
  (1, 'Bulbasaur', 'Grass', 'Poison', 45, 49, 49, 45, 2),
  (2, 'Ivysaur', 'Grass', 'Poison', 60, 62, 63, 60, 3),
  (3, 'Venusaur', 'Grass', 'Poison', 80, 82, 83, 80, NULL),
  (4, 'Charmander', 'Fire', NULL, 39, 52, 43, 65, 5),
  (5, 'Charmeleon', 'Fire', NULL, 58, 64, 58, 80, 6),
  (6, 'Charizard', 'Fire', 'Flying', 78, 84, 78, 100, NULL),
  (7, 'Squirtle', 'Water', NULL, 44, 48, 65, 43, 8),
  (8, 'Wartortle', 'Water', NULL, 59, 63, 80, 58, 9),
  (9, 'Blastoise', 'Water', NULL, 79, 83, 100, 78, NULL),
  (10, 'Caterpie', 'Bug', NULL, 45, 30, 35, 45, 11),
  (11, 'Metapod', 'Bug', NULL, 50, 20, 55, 30, 12),
  (12, 'Butterfree', 'Bug', 'Flying', 60, 45, 50, 70, NULL),
  (13, 'Weedle', 'Bug', 'Poison', 40, 35, 30, 50, 14),
  (14, 'Kakuna', 'Bug', 'Poison', 45, 25, 50, 35, 15),
  (15, 'Beedrill', 'Bug', 'Poison', 65, 90, 40, 75, NULL),
  (16, 'Pidgey', 'Normal', 'Flying', 40, 45, 40, 56, 17),
  (17, 'Pidgeotto', 'Normal', 'Flying', 63, 60, 55, 71, 18),
  (18, 'Pidgeot', 'Normal', 'Flying', 83, 80, 75, 101, NULL),
  (19, 'Rattata', 'Normal', NULL, 30, 56, 35, 72, 20),
  (20, 'Raticate', 'Normal', NULL, 55, 81, 60, 97, NULL),
  (21, 'Spearow', 'Normal', 'Flying', 40, 60, 30, 70, 22),
  (22, 'Fearow', 'Normal', 'Flying', 65, 90, 65, 100, NULL),
  (23, 'Ekans', 'Poison', NULL, 35, 60, 44, 55, 24),
  (24, 'Arbok', 'Poison', NULL, 60, 95, 69, 80, NULL),
  (25, 'Pikachu', 'Electric', NULL, 35, 55, 40, 90, 26),
  (26, 'Raichu', 'Electric', NULL, 60, 90, 55, 110, NULL),
  (27, 'Sandshrew', 'Ground', NULL, 50, 75, 85, 40, 28),
  (28, 'Sandslash', 'Ground', NULL, 75, 100, 110, 65, NULL),
  (29, 'Nidoran-f', 'Poison', NULL, 55, 47, 52, 41, 30),
  (30, 'Nidorina', 'Poison', NULL, 70, 62, 67, 56, 31),
  (31, 'Nidoqueen', 'Poison', 'Ground', 90, 92, 87, 76, NULL),
  (32, 'Nidoran-m', 'Poison', NULL, 46, 57, 40, 50, 33),
  (33, 'Nidorino', 'Poison', NULL, 61, 72, 57, 65, 34),
  (34, 'Nidoking', 'Poison', 'Ground', 81, 102, 77, 85, NULL),
  (35, 'Clefairy', 'Fairy', NULL, 70, 45, 48, 35, 36),
  (36, 'Clefable', 'Fairy', NULL, 95, 70, 73, 60, NULL),
  (37, 'Vulpix', 'Fire', NULL, 38, 41, 40, 65, 38),
  (38, 'Ninetales', 'Fire', NULL, 73, 76, 75, 100, NULL),
  (39, 'Jigglypuff', 'Normal', 'Fairy', 115, 45, 20, 20, 40),
  (40, 'Wigglytuff', 'Normal', 'Fairy', 140, 70, 45, 45, NULL),
  (41, 'Zubat', 'Poison', 'Flying', 40, 45, 35, 55, 42),
  (42, 'Golbat', 'Poison', 'Flying', 75, 80, 70, 90, 169),
  (43, 'Oddish', 'Grass', 'Poison', 45, 50, 55, 30, 44),
  (44, 'Gloom', 'Grass', 'Poison', 60, 65, 70, 40, 45),
  (45, 'Vileplume', 'Grass', 'Poison', 75, 80, 85, 50, NULL),
  (46, 'Paras', 'Bug', 'Grass', 35, 70, 55, 25, 47),
  (47, 'Parasect', 'Bug', 'Grass', 60, 95, 80, 30, NULL),
  (48, 'Venonat', 'Bug', 'Poison', 60, 55, 50, 45, 49),
  (49, 'Venomoth', 'Bug', 'Poison', 70, 65, 60, 90, NULL),
  (50, 'Diglett', 'Ground', NULL, 10, 55, 25, 95, 51),
  (51, 'Dugtrio', 'Ground', NULL, 35, 100, 50, 120, NULL),
  (52, 'Meowth', 'Normal', NULL, 40, 45, 35, 90, 53),
  (53, 'Persian', 'Normal', NULL, 65, 70, 60, 115, NULL),
  (54, 'Psyduck', 'Water', NULL, 50, 52, 48, 55, 55),
  (55, 'Golduck', 'Water', NULL, 80, 82, 78, 85, NULL),
  (56, 'Mankey', 'Fighting', NULL, 40, 80, 35, 70, 57),
  (57, 'Primeape', 'Fighting', NULL, 65, 105, 60, 95, 979),
  (58, 'Growlithe', 'Fire', NULL, 55, 70, 45, 60, 59),
  (59, 'Arcanine', 'Fire', NULL, 90, 110, 80, 95, NULL),
  (60, 'Poliwag', 'Water', NULL, 40, 50, 40, 90, 61),
  (61, 'Poliwhirl', 'Water', NULL, 65, 65, 65, 90, 62),
  (62, 'Poliwrath', 'Water', 'Fighting', 90, 95, 95, 70, NULL),
  (63, 'Abra', 'Psychic', NULL, 25, 20, 15, 90, 64),
  (64, 'Kadabra', 'Psychic', NULL, 40, 35, 30, 105, 65),
  (65, 'Alakazam', 'Psychic', NULL, 55, 50, 45, 120, NULL),
  (66, 'Machop', 'Fighting', NULL, 70, 80, 50, 35, 67),
  (67, 'Machoke', 'Fighting', NULL, 80, 100, 70, 45, 68),
  (68, 'Machamp', 'Fighting', NULL, 90, 130, 80, 55, NULL),
  (69, 'Bellsprout', 'Grass', 'Poison', 50, 75, 35, 40, 70),
  (70, 'Weepinbell', 'Grass', 'Poison', 65, 90, 50, 55, 71),
  (71, 'Victreebel', 'Grass', 'Poison', 80, 105, 65, 70, NULL),
  (72, 'Tentacool', 'Water', 'Poison', 40, 40, 35, 70, 73),
  (73, 'Tentacruel', 'Water', 'Poison', 80, 70, 65, 100, NULL),
  (74, 'Geodude', 'Rock', 'Ground', 40, 80, 100, 20, 75),
  (75, 'Graveler', 'Rock', 'Ground', 55, 95, 115, 35, 76),
  (76, 'Golem', 'Rock', 'Ground', 80, 120, 130, 45, NULL),
  (77, 'Ponyta', 'Fire', NULL, 50, 85, 55, 90, 78),
  (78, 'Rapidash', 'Fire', NULL, 65, 100, 70, 105, NULL),
  (79, 'Slowpoke', 'Water', 'Psychic', 90, 65, 65, 15, 80),
  (80, 'Slowbro', 'Water', 'Psychic', 95, 75, 110, 30, NULL),
  (81, 'Magnemite', 'Electric', 'Steel', 25, 35, 70, 45, 82),
  (82, 'Magneton', 'Electric', 'Steel', 50, 60, 95, 70, 462),
  (83, 'Farfetchd', 'Normal', 'Flying', 52, 90, 55, 60, 865),
  (84, 'Doduo', 'Normal', 'Flying', 35, 85, 45, 75, 85),
  (85, 'Dodrio', 'Normal', 'Flying', 60, 110, 70, 110, NULL),
  (86, 'Seel', 'Water', NULL, 65, 45, 55, 45, 87),
  (87, 'Dewgong', 'Water', 'Ice', 90, 70, 80, 70, NULL),
  (88, 'Grimer', 'Poison', NULL, 80, 80, 50, 25, 89),
  (89, 'Muk', 'Poison', NULL, 105, 105, 75, 50, NULL),
  (90, 'Shellder', 'Water', NULL, 30, 65, 100, 40, 91),
  (91, 'Cloyster', 'Water', 'Ice', 50, 95, 180, 70, NULL),
  (92, 'Gastly', 'Ghost', 'Poison', 30, 35, 30, 80, 93),
  (93, 'Haunter', 'Ghost', 'Poison', 45, 50, 45, 95, 94),
  (94, 'Gengar', 'Ghost', 'Poison', 60, 65, 60, 110, NULL),
  (95, 'Onix', 'Rock', 'Ground', 35, 45, 160, 70, 208),
  (96, 'Drowzee', 'Psychic', NULL, 60, 48, 45, 42, 97),
  (97, 'Hypno', 'Psychic', NULL, 85, 73, 70, 67, NULL),
  (98, 'Krabby', 'Water', NULL, 30, 105, 90, 50, 99),
  (99, 'Kingler', 'Water', NULL, 55, 130, 115, 75, NULL),
  (100, 'Voltorb', 'Electric', NULL, 40, 30, 50, 100, 101),
  (101, 'Electrode', 'Electric', NULL, 60, 50, 70, 150, NULL),
  (102, 'Exeggcute', 'Grass', 'Psychic', 60, 40, 80, 40, 103),
  (103, 'Exeggutor', 'Grass', 'Psychic', 95, 95, 85, 55, NULL),
  (104, 'Cubone', 'Ground', NULL, 50, 50, 95, 35, 105),
  (105, 'Marowak', 'Ground', NULL, 60, 80, 110, 45, NULL),
  (106, 'Hitmonlee', 'Fighting', NULL, 50, 120, 53, 87, NULL),
  (107, 'Hitmonchan', 'Fighting', NULL, 50, 105, 79, 76, NULL),
  (108, 'Lickitung', 'Normal', NULL, 90, 55, 75, 30, 463),
  (109, 'Koffing', 'Poison', NULL, 40, 65, 95, 35, 110),
  (110, 'Weezing', 'Poison', NULL, 65, 90, 120, 60, NULL),
  (111, 'Rhyhorn', 'Ground', 'Rock', 80, 85, 95, 25, 112),
  (112, 'Rhydon', 'Ground', 'Rock', 105, 130, 120, 40, 464),
  (113, 'Chansey', 'Normal', NULL, 250, 5, 5, 50, 242),
  (114, 'Tangela', 'Grass', NULL, 65, 55, 115, 60, 465),
  (115, 'Kangaskhan', 'Normal', NULL, 105, 95, 80, 90, NULL),
  (116, 'Horsea', 'Water', NULL, 30, 40, 70, 60, 117),
  (117, 'Seadra', 'Water', NULL, 55, 65, 95, 85, 230),
  (118, 'Goldeen', 'Water', NULL, 45, 67, 60, 63, 119),
  (119, 'Seaking', 'Water', NULL, 80, 92, 65, 68, NULL),
  (120, 'Staryu', 'Water', NULL, 30, 45, 55, 85, 121),
  (121, 'Starmie', 'Water', 'Psychic', 60, 75, 85, 115, NULL),
  (122, 'Mr-mime', 'Psychic', 'Fairy', 40, 45, 65, 90, 866),
  (123, 'Scyther', 'Bug', 'Flying', 70, 110, 80, 105, 212),
  (124, 'Jynx', 'Ice', 'Psychic', 65, 50, 35, 95, NULL),
  (125, 'Electabuzz', 'Electric', NULL, 65, 83, 57, 105, 466),
  (126, 'Magmar', 'Fire', NULL, 65, 95, 57, 93, 467),
  (127, 'Pinsir', 'Bug', NULL, 65, 125, 100, 85, NULL),
  (128, 'Tauros', 'Normal', NULL, 75, 100, 95, 110, NULL),
  (129, 'Magikarp', 'Water', NULL, 20, 10, 55, 80, 130),
  (130, 'Gyarados', 'Water', 'Flying', 95, 125, 79, 81, NULL),
  (131, 'Lapras', 'Water', 'Ice', 130, 85, 80, 60, NULL),
  (132, 'Ditto', 'Normal', NULL, 48, 48, 48, 48, NULL),
  (133, 'Eevee', 'Normal', NULL, 55, 55, 50, 55, 134),
  (134, 'Vaporeon', 'Water', NULL, 130, 65, 60, 65, NULL),
  (135, 'Jolteon', 'Electric', NULL, 65, 65, 60, 130, NULL),
  (136, 'Flareon', 'Fire', NULL, 65, 130, 60, 65, NULL),
  (137, 'Porygon', 'Normal', NULL, 65, 60, 70, 40, 233),
  (138, 'Omanyte', 'Rock', 'Water', 35, 40, 100, 35, 139),
  (139, 'Omastar', 'Rock', 'Water', 70, 60, 125, 55, NULL),
  (140, 'Kabuto', 'Rock', 'Water', 30, 80, 90, 55, 141),
  (141, 'Kabutops', 'Rock', 'Water', 60, 115, 105, 80, NULL),
  (142, 'Aerodactyl', 'Rock', 'Flying', 80, 105, 65, 130, NULL),
  (143, 'Snorlax', 'Normal', NULL, 160, 110, 65, 30, NULL),
  (144, 'Articuno', 'Ice', 'Flying', 90, 85, 100, 85, NULL),
  (145, 'Zapdos', 'Electric', 'Flying', 90, 90, 85, 100, NULL),
  (146, 'Moltres', 'Fire', 'Flying', 90, 100, 90, 90, NULL),
  (147, 'Dratini', 'Dragon', NULL, 41, 64, 45, 50, 148),
  (148, 'Dragonair', 'Dragon', NULL, 61, 84, 65, 70, 149),
  (149, 'Dragonite', 'Dragon', 'Flying', 91, 134, 95, 80, NULL),
  (150, 'Mewtwo', 'Psychic', NULL, 106, 110, 90, 130, NULL),
  (151, 'Mew', 'Psychic', NULL, 100, 100, 100, 100, NULL);

-- Tabela: Golpe (catálogo de habilidades)
INSERT INTO `Golpe` (`id_golpe`, `nome`, `tipo`, `categoria`, `poder`, `precisao`, `pp_maximo`) VALUES
  (1, 'Pound', 'Normal', 'Fisico', 40, 100, 35),
  (2, 'Karate Chop', 'Fighting', 'Fisico', 50, 100, 25),
  (3, 'Double Slap', 'Normal', 'Fisico', 15, 85, 10),
  (4, 'Comet Punch', 'Normal', 'Fisico', 18, 85, 15),
  (5, 'Mega Punch', 'Normal', 'Fisico', 80, 85, 20),
  (6, 'Pay Day', 'Normal', 'Fisico', 40, 100, 20),
  (7, 'Fire Punch', 'Fire', 'Fisico', 75, 100, 15),
  (8, 'Ice Punch', 'Ice', 'Fisico', 75, 100, 15),
  (9, 'Thunder Punch', 'Electric', 'Fisico', 75, 100, 15),
  (10, 'Scratch', 'Normal', 'Fisico', 40, 100, 35),
  (11, 'Vice Grip', 'Normal', 'Fisico', 55, 100, 30),
  (12, 'Guillotine', 'Normal', 'Fisico', NULL, 30, 5),
  (13, 'Razor Wind', 'Normal', 'Especial', 80, 100, 10),
  (14, 'Swords Dance', 'Normal', 'Status', NULL, NULL, 20),
  (15, 'Cut', 'Normal', 'Fisico', 50, 95, 30),
  (16, 'Gust', 'Flying', 'Especial', 40, 100, 35),
  (17, 'Wing Attack', 'Flying', 'Fisico', 60, 100, 35),
  (18, 'Whirlwind', 'Normal', 'Status', NULL, NULL, 20),
  (19, 'Fly', 'Flying', 'Fisico', 90, 95, 15),
  (20, 'Bind', 'Normal', 'Fisico', 15, 85, 20),
  (21, 'Slam', 'Normal', 'Fisico', 80, 75, 20),
  (22, 'Vine Whip', 'Grass', 'Fisico', 45, 100, 25),
  (23, 'Stomp', 'Normal', 'Fisico', 65, 100, 20),
  (24, 'Double Kick', 'Fighting', 'Fisico', 30, 100, 30),
  (25, 'Mega Kick', 'Normal', 'Fisico', 120, 75, 5),
  (26, 'Jump Kick', 'Fighting', 'Fisico', 100, 95, 10),
  (27, 'Rolling Kick', 'Fighting', 'Fisico', 60, 85, 15),
  (28, 'Sand Attack', 'Ground', 'Status', NULL, 100, 15),
  (29, 'Headbutt', 'Normal', 'Fisico', 70, 100, 15),
  (30, 'Horn Attack', 'Normal', 'Fisico', 65, 100, 25),
  (31, 'Fury Attack', 'Normal', 'Fisico', 15, 85, 20),
  (32, 'Horn Drill', 'Normal', 'Fisico', NULL, 30, 5),
  (33, 'Tackle', 'Normal', 'Fisico', 40, 100, 35),
  (34, 'Body Slam', 'Normal', 'Fisico', 85, 100, 15),
  (35, 'Wrap', 'Normal', 'Fisico', 15, 90, 20),
  (36, 'Take Down', 'Normal', 'Fisico', 90, 85, 20),
  (37, 'Thrash', 'Normal', 'Fisico', 120, 100, 10),
  (38, 'Double Edge', 'Normal', 'Fisico', 120, 100, 15),
  (39, 'Tail Whip', 'Normal', 'Status', NULL, 100, 30),
  (40, 'Poison Sting', 'Poison', 'Fisico', 15, 100, 35),
  (41, 'Twineedle', 'Bug', 'Fisico', 25, 100, 20),
  (42, 'Pin Missile', 'Bug', 'Fisico', 25, 95, 20),
  (43, 'Leer', 'Normal', 'Status', NULL, 100, 30),
  (44, 'Bite', 'Dark', 'Fisico', 60, 100, 25),
  (45, 'Growl', 'Normal', 'Status', NULL, 100, 40),
  (46, 'Roar', 'Normal', 'Status', NULL, NULL, 20),
  (47, 'Sing', 'Normal', 'Status', NULL, 55, 15),
  (48, 'Supersonic', 'Normal', 'Status', NULL, 55, 20),
  (49, 'Sonic Boom', 'Normal', 'Especial', NULL, 90, 20),
  (50, 'Disable', 'Normal', 'Status', NULL, 100, 20),
  (51, 'Acid', 'Poison', 'Especial', 40, 100, 30),
  (52, 'Ember', 'Fire', 'Especial', 40, 100, 25),
  (53, 'Flamethrower', 'Fire', 'Especial', 90, 100, 15),
  (54, 'Mist', 'Ice', 'Status', NULL, NULL, 30),
  (55, 'Water Gun', 'Water', 'Especial', 40, 100, 25),
  (56, 'Hydro Pump', 'Water', 'Especial', 110, 80, 5),
  (57, 'Surf', 'Water', 'Especial', 90, 100, 15),
  (58, 'Ice Beam', 'Ice', 'Especial', 90, 100, 10),
  (59, 'Blizzard', 'Ice', 'Especial', 110, 70, 5),
  (60, 'Psybeam', 'Psychic', 'Especial', 65, 100, 20),
  (61, 'Bubble Beam', 'Water', 'Especial', 65, 100, 20),
  (62, 'Aurora Beam', 'Ice', 'Especial', 65, 100, 20),
  (63, 'Hyper Beam', 'Normal', 'Especial', 150, 90, 5),
  (64, 'Peck', 'Flying', 'Fisico', 35, 100, 35),
  (65, 'Drill Peck', 'Flying', 'Fisico', 80, 100, 20),
  (66, 'Submission', 'Fighting', 'Fisico', 80, 80, 20),
  (67, 'Low Kick', 'Fighting', 'Fisico', NULL, 100, 20),
  (68, 'Counter', 'Fighting', 'Fisico', NULL, 100, 20),
  (69, 'Seismic Toss', 'Fighting', 'Fisico', NULL, 100, 20),
  (70, 'Strength', 'Normal', 'Fisico', 80, 100, 15),
  (71, 'Absorb', 'Grass', 'Especial', 20, 100, 25),
  (72, 'Mega Drain', 'Grass', 'Especial', 40, 100, 15),
  (73, 'Leech Seed', 'Grass', 'Status', NULL, 90, 10),
  (74, 'Growth', 'Normal', 'Status', NULL, NULL, 20),
  (75, 'Razor Leaf', 'Grass', 'Fisico', 55, 95, 25),
  (76, 'Solar Beam', 'Grass', 'Especial', 120, 100, 10),
  (77, 'Poison Powder', 'Poison', 'Status', NULL, 75, 35),
  (78, 'Stun Spore', 'Grass', 'Status', NULL, 75, 30),
  (79, 'Sleep Powder', 'Grass', 'Status', NULL, 75, 15),
  (80, 'Petal Dance', 'Grass', 'Especial', 120, 100, 10),
  (81, 'String Shot', 'Bug', 'Status', NULL, 95, 40),
  (82, 'Dragon Rage', 'Dragon', 'Especial', NULL, 100, 10),
  (83, 'Fire Spin', 'Fire', 'Especial', 35, 85, 15),
  (84, 'Thunder Shock', 'Electric', 'Especial', 40, 100, 30),
  (85, 'Thunderbolt', 'Electric', 'Especial', 90, 100, 15),
  (86, 'Thunder Wave', 'Electric', 'Status', NULL, 90, 20),
  (87, 'Thunder', 'Electric', 'Especial', 110, 70, 10),
  (88, 'Rock Throw', 'Rock', 'Fisico', 50, 90, 15),
  (89, 'Earthquake', 'Ground', 'Fisico', 100, 100, 10),
  (90, 'Fissure', 'Ground', 'Fisico', NULL, 30, 5),
  (91, 'Dig', 'Ground', 'Fisico', 80, 100, 10),
  (92, 'Toxic', 'Poison', 'Status', NULL, 90, 10),
  (93, 'Confusion', 'Psychic', 'Especial', 50, 100, 25),
  (94, 'Psychic', 'Psychic', 'Especial', 90, 100, 10),
  (95, 'Hypnosis', 'Psychic', 'Status', NULL, 60, 20),
  (96, 'Meditate', 'Psychic', 'Status', NULL, NULL, 40),
  (97, 'Agility', 'Psychic', 'Status', NULL, NULL, 30),
  (98, 'Quick Attack', 'Normal', 'Fisico', 40, 100, 30),
  (99, 'Rage', 'Normal', 'Fisico', 20, 100, 20),
  (100, 'Teleport', 'Psychic', 'Status', NULL, NULL, 20),
  (101, 'Night Shade', 'Ghost', 'Especial', NULL, 100, 15),
  (102, 'Mimic', 'Normal', 'Status', NULL, NULL, 10),
  (103, 'Screech', 'Normal', 'Status', NULL, 85, 40),
  (104, 'Double Team', 'Normal', 'Status', NULL, NULL, 15),
  (105, 'Recover', 'Normal', 'Status', NULL, NULL, 5),
  (106, 'Harden', 'Normal', 'Status', NULL, NULL, 30),
  (107, 'Minimize', 'Normal', 'Status', NULL, NULL, 10),
  (108, 'Smokescreen', 'Normal', 'Status', NULL, 100, 20),
  (109, 'Confuse Ray', 'Ghost', 'Status', NULL, 100, 10),
  (110, 'Withdraw', 'Water', 'Status', NULL, NULL, 40);

-- Tabela: Treinador
INSERT INTO `Treinador` (`id_treinador`, `nome`, `cidade`, `data_inscricao`, `pontos_ranking`) VALUES
  (1, 'Valentina Duarte', 'Pallet Town', '2024-06-14', 25),
  (2, 'Marcela Cardoso', 'Cerulean City', '2024-11-29', 4),
  (3, 'Vitor Hugo Albuquerque', 'Six Island', '2025-02-24', 6),
  (4, 'Nathan Marques', 'Seven Island', '2024-07-06', 3),
  (5, 'Pedro Lucas Ferreira', 'Three Island', '2025-04-10', 13),
  (6, 'Lucas Lopes', 'Cinnabar Island', '2024-01-20', 27),
  (7, 'Liz Rodrigues', 'Cinnabar Island', '2024-08-02', 15),
  (8, 'Dr. Ravi Oliveira', 'Six Island', '2024-02-16', 27),
  (9, 'Igor Camargo', 'Seven Island', '2024-01-31', 7),
  (10, 'Theo Ramos', 'Pewter City', '2025-04-30', 40),
  (11, 'Murilo Abreu', 'Seven Island', '2024-11-17', 3),
  (12, 'Mariane Fonseca', 'Seven Island', '2024-10-22', 25),
  (13, 'Kevin Mendes', 'Pewter City', '2024-01-26', 2),
  (14, 'Pedro Lucas Ramos', 'Pallet Town', '2024-10-12', 18),
  (15, 'Gabrielly Melo', 'Pallet Town', '2024-08-02', 34),
  (16, 'Esther Cavalcante', 'Seven Island', '2024-03-01', 19),
  (17, 'Ana Sophia Ribeiro', 'Vermilion City', '2024-10-13', 6),
  (18, 'José Sampaio', 'Seven Island', '2024-10-24', 40),
  (19, 'Mariah Farias', 'Outcast Island', '2024-04-06', 6),
  (20, 'Anthony Gabriel Marques', 'Cinnabar Island', '2024-10-07', 36),
  (21, 'Luiz Miguel Novaes', 'Birth Island', '2024-01-31', 13),
  (22, 'Marcelo Machado', 'Six Island', '2024-09-11', 27),
  (23, 'Alana Câmara', 'Saffron City', '2025-02-01', 29),
  (24, 'Ana Cecília Teixeira', 'Five Island', '2024-10-26', 23),
  (25, 'Raul Silveira', 'Pewter City', '2024-06-02', 50),
  (26, 'Camila da Paz', 'Pewter City', '2024-04-02', 5),
  (27, 'Nathan Costela', 'Indigo Plateau', '2024-10-21', 33),
  (28, 'Davi Miguel Camargo', 'Saffron City', '2024-09-10', 46),
  (29, 'Benício Macedo', 'Indigo Plateau', '2024-08-17', 38),
  (30, 'Srta. Carolina Brito', 'Fuchsia City', '2024-02-07', 32),
  (31, 'Isabella Pinto', 'Vermilion City', '2024-08-02', 48),
  (32, 'Leandro Almeida', 'Pallet Town', '2024-06-24', 31),
  (33, 'Bárbara Câmara', 'Cerulean City', '2024-08-03', 42),
  (34, 'Arthur Costela', 'Six Island', '2024-02-09', 36),
  (35, 'Ágatha Rios', 'Saffron City', '2025-02-08', 21),
  (36, 'Srta. Maria Luiza Correia', 'Outcast Island', '2024-12-21', 38),
  (37, 'Asafe Carvalho', 'Seven Island', '2024-09-11', 29),
  (38, 'Luiz Gustavo Moraes', 'Cinnabar Island', '2024-02-05', 17),
  (39, 'Sra. Maria Laura da Costa', 'Cinnabar Island', '2024-08-30', 3),
  (40, 'Luan da Rocha', 'Indigo Plateau', '2025-01-09', 41),
  (41, 'Fernando Borges', 'Five Island', '2024-10-22', 18),
  (42, 'Gustavo da Mata', 'One Island', '2025-01-01', 42),
  (43, 'Srta. Stella Melo', 'Celadon City', '2024-06-26', 29),
  (44, 'Luiz Gustavo da Cruz', 'Vermilion City', '2024-06-30', 39),
  (45, 'Miguel Pimenta', 'Two Island', '2024-02-29', 3),
  (46, 'Caleb Rodrigues', 'Indigo Plateau', '2024-04-21', 8),
  (47, 'Sra. Fernanda Martins', 'Pewter City', '2025-01-13', 25),
  (48, 'Vicente Nascimento', 'Two Island', '2024-07-19', 5),
  (49, 'Maria Vitória Rocha', 'Five Island', '2024-03-26', 25),
  (50, 'Dr. Mateus Leão', 'Lavender Town', '2024-10-08', 8),
  (51, 'Gael Costela', 'Four Island', '2025-02-23', 35),
  (52, 'Theodoro Pimenta', 'Four Island', '2024-05-22', 22),
  (53, 'Dra. Alana Duarte', 'One Island', '2024-12-15', 14),
  (54, 'Carlos Eduardo da Conceição', 'Cinnabar Island', '2024-03-18', 11),
  (55, 'Pedro Lucas da Rocha', 'Pewter City', '2024-03-18', 42),
  (56, 'Julia Almeida', 'Celadon City', '2024-04-29', 31),
  (57, 'Mariana Pimenta', 'Seven Island', '2025-03-01', 11),
  (58, 'Sr. Lucas Gabriel Martins', 'Indigo Plateau', '2024-05-14', 0),
  (59, 'Srta. Marina Farias', 'Four Island', '2024-03-15', 34),
  (60, 'Enzo Gabriel Pereira', 'Birth Island', '2024-07-08', 36),
  (61, 'Srta. Luara Viana', 'Pallet Town', '2024-06-12', 44),
  (62, 'Dr. Dom Lopes', 'Three Island', '2025-03-15', 39),
  (63, 'Maria Luísa Machado', 'Cerulean City', '2024-12-01', 29),
  (64, 'Clara Pimenta', 'Six Island', '2025-04-05', 25),
  (65, 'Davi Lucca Ribeiro', 'One Island', '2024-07-22', 25),
  (66, 'Sr. João Lucas Ramos', 'Two Island', '2024-02-23', 40),
  (67, 'Giovanna Barros', 'Cerulean City', '2024-07-24', 12),
  (68, 'Diego Cassiano', 'Viridian City', '2024-02-04', 28),
  (69, 'Ana Liz Garcia', 'Fuchsia City', '2024-03-24', 21),
  (70, 'Guilherme Lopes', 'Cerulean City', '2024-11-03', 6),
  (71, 'Bruno Vasconcelos', 'Seven Island', '2024-01-01', 9),
  (72, 'Caroline Martins', 'Fuchsia City', '2024-10-01', 23),
  (73, 'Bárbara Mendes', 'Celadon City', '2024-11-10', 4),
  (74, 'Nicolas Jesus', 'Viridian City', '2025-03-23', 39),
  (75, 'Vicente Monteiro', 'Pallet Town', '2024-07-11', 40),
  (76, 'Laís Lima', 'Outcast Island', '2024-05-09', 38),
  (77, 'Dra. Alice Macedo', 'Two Island', '2024-07-05', 7),
  (78, 'Vitor Jesus', 'Two Island', '2024-02-29', 29),
  (79, 'Sr. Luan Castro', 'Two Island', '2024-09-02', 19),
  (80, 'Ravy Fogaça', 'Pallet Town', '2024-02-13', 6),
  (81, 'Ana Liz Santos', 'Saffron City', '2025-01-18', 47),
  (82, 'Dante Carvalho', 'Two Island', '2024-05-15', 44),
  (83, 'Brenda da Mata', 'Three Island', '2024-03-23', 1),
  (84, 'Brenda Rios', 'Three Island', '2024-04-15', 23),
  (85, 'Larissa Siqueira', 'Six Island', '2024-03-16', 1),
  (86, 'Sophie Duarte', 'Three Island', '2025-01-23', 19),
  (87, 'Dr. Luigi Melo', 'Cinnabar Island', '2025-05-15', 44),
  (88, 'Matheus Nunes', 'Lavender Town', '2025-03-08', 33),
  (89, 'João Felipe Pimenta', 'Vermilion City', '2024-07-06', 22),
  (90, 'Manuela da Conceição', 'Pewter City', '2025-01-30', 34),
  (91, 'Jade Sampaio', 'Three Island', '2024-10-04', 21),
  (92, 'Maya Machado', 'Pewter City', '2024-11-21', 39),
  (93, 'Kamilly Garcia', 'Viridian City', '2025-02-19', 15),
  (94, 'Davi Lucca Viana', 'One Island', '2025-02-22', 47),
  (95, 'Natália Cavalcanti', 'Pewter City', '2025-02-15', 12),
  (96, 'Dr. Murilo Melo', 'Two Island', '2024-09-22', 22),
  (97, 'Sra. Ana Lívia Leão', 'Celadon City', '2025-01-09', 1),
  (98, 'Olivia Souza', 'Lavender Town', '2025-02-08', 30),
  (99, 'Bruna Aragão', 'Viridian City', '2024-05-12', 44),
  (100, 'Julia Alves', 'Outcast Island', '2024-11-05', 28),
  (101, 'Arthur Miguel Barros', 'Outcast Island', '2025-02-17', 23),
  (102, 'Dr. Francisco Pimenta', 'Pewter City', '2024-02-11', 6),
  (103, 'Sr. Lucas Gabriel Cirino', 'Two Island', '2024-04-26', 12),
  (104, 'Luna Fogaça', 'Viridian City', '2024-06-21', 30),
  (105, 'Vitor Barbosa', 'Birth Island', '2024-11-15', 0),
  (106, 'Srta. Zoe Cirino', 'Outcast Island', '2024-09-02', 41),
  (107, 'Aylla Pinto', 'Fuchsia City', '2024-02-13', 24),
  (108, 'Isis Martins', 'Viridian City', '2025-02-04', 30),
  (109, 'Manuella da Cruz', 'Vermilion City', '2025-03-31', 27),
  (110, 'Srta. Esther Caldeira', 'Saffron City', '2025-02-08', 5),
  (111, 'Natália Gomes', 'One Island', '2025-02-14', 29),
  (112, 'José Miguel Campos', 'Cinnabar Island', '2024-07-24', 46),
  (113, 'Maria Helena Machado', 'Vermilion City', '2024-03-22', 8),
  (114, 'Luana Câmara', 'Pallet Town', '2024-01-15', 37),
  (115, 'Bruno Cavalcanti', 'Five Island', '2025-04-08', 41),
  (116, 'Srta. Maria Laura Freitas', 'Birth Island', '2024-03-15', 38),
  (117, 'Marcela Vieira', 'Outcast Island', '2024-08-30', 9),
  (118, 'Luna Gonçalves', 'Six Island', '2024-10-07', 8),
  (119, 'Matteo Cardoso', 'Celadon City', '2024-01-11', 46),
  (120, 'Gabrielly Pinto', 'Fuchsia City', '2024-11-28', 33);

-- Tabela: Time_Treinador (instâncias de Pokémon capturados)
INSERT INTO `Time_Treinador` (`id_instancia`, `apelido`, `nivel`, `experiencia`, `data_captura`, `id_treinador`, `id_especie`) VALUES
  (1, 'RhydonJr', 69, 1970, '2024-05-08', 1, 112),
  (2, NULL, 38, 4459, '2025-01-26', 1, 50),
  (3, NULL, 12, 2898, '2024-08-02', 1, 55),
  (4, 'WartortleJr', 79, 4233, '2025-04-04', 1, 8),
  (5, NULL, 28, 4985, '2024-01-10', 2, 129),
  (6, NULL, 24, 1411, '2024-01-03', 2, 34),
  (7, 'PorygonJr', 20, 4558, '2024-03-13', 2, 137),
  (8, 'JigglypuffJr', 71, 4347, '2024-02-01', 2, 39),
  (9, 'JolteonJr', 18, 4589, '2024-10-11', 2, 135),
  (10, 'LaprasJr', 40, 345, '2024-01-30', 2, 131),
  (11, NULL, 13, 3631, '2024-01-15', 3, 130),
  (12, NULL, 69, 4965, '2024-06-15', 3, 116),
  (13, 'ArticunoJr', 40, 3705, '2024-09-19', 3, 144),
  (14, 'GyaradosJr', 58, 996, '2025-03-06', 4, 130),
  (15, 'KadabraJr', 14, 1971, '2024-07-19', 4, 64),
  (16, 'VaporeonJr', 43, 1002, '2024-08-07', 4, 134),
  (17, NULL, 51, 1171, '2025-04-04', 4, 67),
  (18, NULL, 64, 1798, '2024-05-09', 4, 144),
  (19, NULL, 55, 3991, '2025-01-17', 4, 52),
  (20, 'GrowlitheJr', 30, 2921, '2024-07-25', 5, 58),
  (21, 'GolbatJr', 51, 159, '2024-06-12', 5, 42),
  (22, NULL, 61, 148, '2024-06-22', 5, 111),
  (23, 'DittoJr', 42, 4196, '2024-07-15', 5, 132),
  (24, 'Nidoran-fJr', 10, 1487, '2024-02-13', 6, 29),
  (25, NULL, 59, 2118, '2024-05-18', 6, 59),
  (26, 'SandshrewJr', 70, 4674, '2024-07-26', 6, 27),
  (27, 'DoduoJr', 7, 725, '2025-04-03', 7, 84),
  (28, 'EkansJr', 33, 545, '2025-02-14', 7, 23),
  (29, NULL, 63, 94, '2024-05-15', 7, 72),
  (30, NULL, 58, 2194, '2024-06-22', 7, 15),
  (31, 'ParasectJr', 72, 1953, '2024-11-14', 7, 47),
  (32, 'KoffingJr', 25, 2145, '2025-04-25', 7, 109),
  (33, 'ParasectJr', 31, 2375, '2024-11-17', 8, 47),
  (34, NULL, 27, 2216, '2024-08-16', 8, 52),
  (35, NULL, 37, 302, '2024-06-26', 8, 80),
  (36, 'CharmeleonJr', 65, 2012, '2025-05-15', 9, 5),
  (37, 'GyaradosJr', 60, 4055, '2025-04-23', 9, 130),
  (38, NULL, 55, 4150, '2024-10-06', 9, 142),
  (39, NULL, 11, 1063, '2024-07-26', 10, 56),
  (40, 'ArcanineJr', 37, 3528, '2024-01-08', 10, 59),
  (41, 'GrimerJr', 53, 4144, '2024-03-24', 10, 88),
  (42, NULL, 36, 2400, '2024-12-09', 10, 51),
  (43, 'ClefableJr', 25, 2203, '2024-01-24', 10, 36),
  (44, 'BulbasaurJr', 44, 1784, '2024-05-05', 11, 1),
  (45, 'MachampJr', 47, 3126, '2024-07-01', 11, 68),
  (46, 'GengarJr', 69, 1646, '2024-02-12', 11, 94),
  (47, NULL, 5, 744, '2024-05-07', 11, 85),
  (48, NULL, 23, 3272, '2024-05-15', 11, 141),
  (49, 'FarfetchdJr', 7, 2454, '2024-10-27', 11, 83),
  (50, NULL, 54, 2671, '2024-12-02', 12, 60),
  (51, NULL, 24, 2327, '2025-01-03', 12, 22),
  (52, NULL, 23, 358, '2025-01-05', 12, 150),
  (53, NULL, 70, 3516, '2025-02-26', 12, 136),
  (54, NULL, 69, 1141, '2025-01-10', 12, 40),
  (55, 'MewtwoJr', 51, 859, '2024-01-16', 13, 150),
  (56, NULL, 76, 415, '2024-07-11', 13, 59),
  (57, 'FearowJr', 73, 2003, '2024-11-17', 13, 22),
  (58, NULL, 13, 3881, '2024-02-17', 14, 68),
  (59, NULL, 38, 1923, '2024-05-09', 14, 1),
  (60, NULL, 34, 3771, '2025-01-08', 14, 117),
  (61, NULL, 14, 3924, '2024-09-09', 14, 18),
  (62, NULL, 10, 1624, '2025-04-11', 14, 129),
  (63, NULL, 47, 2080, '2024-02-09', 14, 138),
  (64, 'MoltresJr', 17, 1783, '2024-09-05', 15, 146),
  (65, 'ClefairyJr', 71, 2339, '2024-12-11', 15, 35),
  (66, 'CharmanderJr', 20, 4498, '2024-08-25', 15, 4),
  (67, 'JynxJr', 15, 3874, '2024-04-12', 15, 124),
  (68, 'PidgeyJr', 14, 4150, '2024-01-09', 15, 16),
  (69, NULL, 38, 2945, '2024-03-13', 16, 69),
  (70, NULL, 70, 2290, '2024-03-08', 16, 100),
  (71, 'PsyduckJr', 51, 1895, '2025-03-30', 16, 54),
  (72, NULL, 67, 3228, '2024-09-11', 16, 20),
  (73, 'DragoniteJr', 67, 3692, '2024-01-13', 16, 149),
  (74, 'ArbokJr', 23, 3409, '2024-07-26', 16, 24),
  (75, NULL, 55, 983, '2024-06-15', 17, 97),
  (76, NULL, 6, 2374, '2025-04-26', 17, 81),
  (77, 'NidoqueenJr', 55, 3196, '2024-05-09', 17, 31),
  (78, NULL, 51, 3506, '2025-03-21', 17, 85),
  (79, 'BulbasaurJr', 11, 2298, '2025-01-21', 17, 1),
  (80, NULL, 60, 4185, '2024-05-07', 18, 14),
  (81, 'GeodudeJr', 52, 3504, '2024-06-10', 18, 74),
  (82, 'JigglypuffJr', 56, 4539, '2025-03-28', 18, 39),
  (83, NULL, 41, 3977, '2024-11-10', 19, 21),
  (84, NULL, 75, 1042, '2024-01-26', 19, 13),
  (85, 'HitmonleeJr', 48, 2308, '2024-03-28', 19, 106),
  (86, 'HorseaJr', 38, 3327, '2024-06-01', 19, 116),
  (87, 'RapidashJr', 25, 615, '2024-03-02', 20, 78),
  (88, NULL, 68, 4508, '2024-04-16', 20, 124),
  (89, 'SnorlaxJr', 47, 3686, '2024-04-22', 20, 143),
  (90, 'ElectrodeJr', 29, 1999, '2024-08-06', 20, 101),
  (91, 'VileplumeJr', 52, 2116, '2024-02-16', 21, 45),
  (92, NULL, 7, 3381, '2025-02-18', 21, 88),
  (93, 'SnorlaxJr', 72, 1720, '2024-07-15', 21, 143),
  (94, 'WeepinbellJr', 69, 4335, '2025-05-10', 22, 70),
  (95, NULL, 32, 758, '2024-11-18', 22, 87),
  (96, NULL, 54, 3274, '2024-05-18', 22, 16),
  (97, 'TaurosJr', 44, 178, '2024-11-26', 22, 128),
  (98, 'TentacoolJr', 65, 4810, '2024-03-06', 22, 72),
  (99, 'DragonairJr', 55, 4324, '2024-09-07', 22, 148),
  (100, NULL, 18, 3746, '2024-09-24', 23, 115),
  (101, NULL, 10, 11, '2024-02-13', 23, 64),
  (102, 'SandslashJr', 77, 307, '2025-02-04', 23, 28),
  (103, NULL, 21, 2062, '2024-11-26', 23, 58),
  (104, NULL, 19, 814, '2024-09-27', 23, 40),
  (105, 'JigglypuffJr', 79, 1570, '2024-02-06', 23, 39),
  (106, 'MachokeJr', 45, 1985, '2024-08-23', 24, 67),
  (107, NULL, 75, 2023, '2024-08-31', 24, 58),
  (108, NULL, 44, 453, '2024-01-15', 24, 1),
  (109, 'VenusaurJr', 58, 664, '2024-01-12', 24, 3),
  (110, 'OmanyteJr', 59, 3032, '2024-05-11', 24, 138),
  (111, 'RapidashJr', 48, 3445, '2024-04-26', 24, 78),
  (112, 'ExeggcuteJr', 30, 2553, '2024-02-04', 25, 102),
  (113, NULL, 34, 3810, '2025-01-27', 25, 51),
  (114, 'IvysaurJr', 42, 892, '2024-04-23', 25, 2),
  (115, NULL, 28, 1829, '2025-05-02', 25, 75),
  (116, 'GyaradosJr', 12, 4872, '2024-09-05', 25, 130),
  (117, NULL, 58, 424, '2025-05-13', 26, 101),
  (118, 'KakunaJr', 55, 3683, '2024-12-29', 26, 14),
  (119, NULL, 45, 927, '2025-04-04', 26, 55),
  (120, NULL, 47, 1562, '2024-02-10', 26, 7),
  (121, NULL, 52, 2717, '2024-12-06', 27, 135),
  (122, 'StaryuJr', 5, 640, '2024-08-14', 27, 120),
  (123, 'BlastoiseJr', 58, 1013, '2024-05-23', 27, 9),
  (124, NULL, 31, 3114, '2024-10-14', 27, 80),
  (125, 'SlowbroJr', 62, 1581, '2024-04-10', 28, 80),
  (126, 'RhyhornJr', 65, 248, '2024-06-14', 28, 111),
  (127, 'EkansJr', 56, 333, '2024-11-19', 28, 23),
  (128, 'WeedleJr', 13, 507, '2024-07-11', 28, 13),
  (129, 'Mr-mimeJr', 13, 4961, '2024-05-11', 28, 122),
  (130, NULL, 45, 2257, '2025-01-17', 29, 93),
  (131, 'WeepinbellJr', 13, 198, '2024-06-01', 29, 70),
  (132, 'SeelJr', 65, 3815, '2025-02-26', 29, 86),
  (133, NULL, 37, 3522, '2025-05-03', 29, 12),
  (134, 'MachampJr', 68, 1498, '2025-02-21', 29, 68),
  (135, NULL, 63, 2964, '2024-06-16', 30, 78),
  (136, NULL, 15, 4193, '2025-02-05', 30, 39),
  (137, 'PoliwhirlJr', 25, 2025, '2024-04-11', 30, 61),
  (138, NULL, 18, 591, '2024-03-23', 31, 17),
  (139, NULL, 31, 789, '2024-05-15', 31, 9),
  (140, 'JynxJr', 62, 1418, '2024-08-03', 31, 124),
  (141, 'AerodactylJr', 63, 1924, '2024-04-29', 31, 142),
  (142, NULL, 20, 2407, '2025-01-17', 31, 140),
  (143, 'DoduoJr', 39, 3055, '2024-05-30', 31, 84),
  (144, 'MachokeJr', 41, 4737, '2024-05-05', 32, 67),
  (145, 'DugtrioJr', 55, 2061, '2024-04-06', 32, 51),
  (146, NULL, 34, 823, '2024-05-05', 32, 113),
  (147, 'KadabraJr', 9, 838, '2024-11-30', 32, 64),
  (148, 'VenonatJr', 34, 3672, '2024-01-03', 32, 48),
  (149, NULL, 79, 1590, '2024-04-07', 33, 11),
  (150, 'GolemJr', 70, 1456, '2025-04-21', 33, 76),
  (151, NULL, 5, 866, '2024-08-17', 33, 60),
  (152, NULL, 49, 1782, '2024-11-22', 33, 31),
  (153, 'WeedleJr', 23, 361, '2024-01-20', 33, 13),
  (154, 'MachopJr', 52, 1516, '2025-02-23', 34, 66),
  (155, 'CaterpieJr', 31, 257, '2024-11-13', 34, 10),
  (156, 'PersianJr', 66, 518, '2025-02-11', 34, 53),
  (157, 'VenusaurJr', 55, 4506, '2024-07-27', 34, 3),
  (158, 'PorygonJr', 41, 2519, '2024-12-22', 35, 137),
  (159, NULL, 44, 4640, '2024-08-01', 35, 24),
  (160, 'GolbatJr', 58, 149, '2025-03-28', 35, 42),
  (161, NULL, 51, 1615, '2025-03-18', 35, 102),
  (162, NULL, 56, 4733, '2024-02-28', 36, 104),
  (163, 'PersianJr', 25, 1064, '2025-03-28', 36, 53),
  (164, 'IvysaurJr', 23, 3249, '2024-01-08', 36, 2),
  (165, NULL, 52, 4132, '2024-02-15', 36, 112),
  (166, 'ZubatJr', 41, 1325, '2024-03-28', 36, 41),
  (167, 'KoffingJr', 13, 891, '2024-09-23', 36, 109),
  (168, 'MagmarJr', 54, 706, '2024-06-10', 37, 126),
  (169, NULL, 25, 1819, '2025-04-07', 37, 51),
  (170, 'RapidashJr', 30, 3874, '2024-11-13', 37, 78),
  (171, NULL, 10, 3274, '2024-04-03', 37, 33),
  (172, NULL, 54, 2942, '2025-04-25', 37, 12),
  (173, 'JynxJr', 29, 336, '2024-03-04', 37, 124),
  (174, 'FarfetchdJr', 44, 3441, '2024-11-02', 38, 83),
  (175, NULL, 59, 3188, '2024-06-06', 38, 31),
  (176, 'VoltorbJr', 69, 3590, '2024-12-03', 38, 100),
  (177, 'CharizardJr', 63, 1471, '2024-04-30', 39, 6),
  (178, 'BulbasaurJr', 18, 549, '2025-02-18', 39, 1),
  (179, 'MagmarJr', 51, 751, '2024-03-06', 39, 126),
  (180, 'StaryuJr', 70, 333, '2025-02-14', 39, 120),
  (181, NULL, 15, 444, '2025-02-02', 40, 34),
  (182, NULL, 53, 1115, '2025-01-20', 40, 22),
  (183, NULL, 19, 1586, '2024-01-14', 40, 81),
  (184, NULL, 37, 1300, '2024-02-03', 41, 126),
  (185, NULL, 40, 3738, '2024-06-14', 41, 74),
  (186, 'OddishJr', 66, 1706, '2024-03-14', 41, 43),
  (187, 'PrimeapeJr', 69, 1944, '2024-10-30', 41, 57),
  (188, NULL, 40, 2685, '2024-03-23', 42, 96),
  (189, 'CaterpieJr', 38, 942, '2025-04-03', 42, 10),
  (190, NULL, 51, 3711, '2025-01-28', 42, 51),
  (191, NULL, 18, 2064, '2024-10-11', 42, 47),
  (192, NULL, 55, 3043, '2024-10-01', 42, 104),
  (193, NULL, 61, 1884, '2024-06-18', 43, 97),
  (194, NULL, 11, 2427, '2024-03-31', 43, 95),
  (195, NULL, 44, 4799, '2025-02-23', 43, 148),
  (196, NULL, 45, 14, '2025-04-20', 43, 38),
  (197, 'HaunterJr', 24, 2383, '2025-01-17', 43, 93),
  (198, NULL, 10, 182, '2024-04-26', 44, 107),
  (199, 'DittoJr', 50, 2488, '2024-01-28', 44, 132),
  (200, NULL, 73, 1837, '2024-02-24', 44, 94);

INSERT INTO `Time_Treinador` (`id_instancia`, `apelido`, `nivel`, `experiencia`, `data_captura`, `id_treinador`, `id_especie`) VALUES
  (201, NULL, 80, 1095, '2024-07-30', 44, 13),
  (202, 'NidokingJr', 65, 1299, '2024-04-14', 44, 34),
  (203, 'MagmarJr', 36, 1223, '2024-03-09', 44, 126),
  (204, 'PikachuJr', 76, 2869, '2025-05-10', 45, 25),
  (205, NULL, 61, 4930, '2024-10-31', 45, 17),
  (206, NULL, 68, 2035, '2025-04-24', 45, 38),
  (207, NULL, 10, 504, '2024-03-25', 45, 70),
  (208, 'ExeggutorJr', 28, 1946, '2024-09-29', 45, 103),
  (209, 'MachampJr', 18, 101, '2024-03-22', 45, 68),
  (210, NULL, 58, 1430, '2024-11-07', 46, 37),
  (211, 'HitmonleeJr', 43, 397, '2024-09-17', 46, 106),
  (212, NULL, 66, 4410, '2025-03-31', 46, 52),
  (213, 'EeveeJr', 60, 3811, '2024-01-04', 46, 133),
  (214, 'HorseaJr', 9, 1009, '2024-02-23', 47, 116),
  (215, NULL, 38, 430, '2024-06-20', 47, 45),
  (216, NULL, 60, 4286, '2024-05-16', 47, 58),
  (217, 'GolemJr', 35, 1661, '2024-03-27', 48, 76),
  (218, 'MankeyJr', 46, 1572, '2025-04-28', 48, 56),
  (219, 'FearowJr', 35, 3108, '2025-03-26', 48, 22),
  (220, NULL, 73, 3846, '2025-04-09', 48, 130),
  (221, NULL, 5, 217, '2024-08-29', 48, 4),
  (222, NULL, 26, 1184, '2024-02-09', 49, 60),
  (223, 'DratiniJr', 18, 1325, '2024-01-17', 49, 147),
  (224, NULL, 8, 252, '2024-06-25', 49, 79),
  (225, 'GolduckJr', 10, 555, '2024-01-22', 49, 55),
  (226, 'ElectrodeJr', 80, 2977, '2025-01-12', 49, 101),
  (227, NULL, 73, 540, '2024-04-12', 49, 150),
  (228, NULL, 41, 3908, '2025-02-26', 50, 28),
  (229, 'KadabraJr', 31, 2412, '2024-02-21', 50, 64),
  (230, 'PersianJr', 38, 171, '2024-06-12', 50, 53),
  (231, 'Nidoran-fJr', 41, 396, '2024-06-28', 50, 29),
  (232, NULL, 46, 4931, '2025-01-01', 50, 9),
  (233, 'EkansJr', 41, 253, '2024-09-14', 50, 23),
  (234, 'WartortleJr', 77, 1774, '2024-12-26', 51, 8),
  (235, NULL, 16, 4706, '2024-12-31', 51, 112),
  (236, 'EeveeJr', 60, 10, '2025-02-23', 51, 133),
  (237, 'RaichuJr', 11, 35, '2024-09-25', 51, 26),
  (238, 'MukJr', 67, 1511, '2024-06-27', 51, 89),
  (239, 'StarmieJr', 49, 4220, '2025-05-10', 51, 121),
  (240, 'DragonairJr', 15, 4016, '2024-09-12', 52, 148),
  (241, NULL, 76, 856, '2025-02-07', 52, 41),
  (242, 'TentacruelJr', 17, 3287, '2024-11-17', 52, 73),
  (243, 'GolduckJr', 16, 3458, '2025-04-20', 52, 55),
  (244, NULL, 52, 1688, '2025-03-30', 52, 60),
  (245, NULL, 34, 3775, '2024-07-13', 53, 68),
  (246, NULL, 9, 2854, '2024-03-05', 53, 110),
  (247, 'KabutoJr', 24, 3688, '2024-10-24', 53, 140),
  (248, NULL, 46, 1388, '2024-12-04', 53, 129),
  (249, 'GloomJr', 37, 4744, '2024-08-25', 53, 44),
  (250, 'NidorinoJr', 43, 1266, '2024-09-16', 54, 33),
  (251, 'SeelJr', 36, 2675, '2025-01-05', 54, 86),
  (252, NULL, 25, 1935, '2024-11-04', 54, 119),
  (253, NULL, 38, 833, '2024-06-16', 54, 61),
  (254, NULL, 43, 3562, '2024-03-16', 55, 27),
  (255, 'DugtrioJr', 18, 2300, '2024-05-20', 55, 51),
  (256, NULL, 64, 277, '2024-04-15', 55, 99),
  (257, 'JigglypuffJr', 60, 1822, '2024-01-07', 55, 39),
  (258, NULL, 60, 4702, '2024-01-03', 56, 119),
  (259, NULL, 58, 1872, '2024-10-27', 56, 6),
  (260, NULL, 79, 1872, '2024-12-07', 56, 37),
  (261, 'MachopJr', 20, 3718, '2024-12-13', 56, 66),
  (262, 'CuboneJr', 17, 3437, '2024-08-09', 56, 104),
  (263, 'ExeggutorJr', 57, 4245, '2024-09-04', 57, 103),
  (264, NULL, 28, 2687, '2024-12-11', 57, 41),
  (265, 'AlakazamJr', 67, 871, '2025-02-02', 57, 65),
  (266, 'KoffingJr', 32, 1317, '2024-01-20', 57, 109),
  (267, NULL, 65, 4195, '2024-08-21', 58, 133),
  (268, NULL, 52, 4273, '2024-01-09', 58, 90),
  (269, 'RaichuJr', 63, 1721, '2024-06-24', 58, 26),
  (270, 'DragonairJr', 70, 1002, '2024-12-16', 58, 148),
  (271, 'BeedrillJr', 58, 3445, '2024-02-01', 59, 15),
  (272, NULL, 50, 4752, '2024-11-17', 59, 65),
  (273, 'VictreebelJr', 43, 3280, '2024-05-15', 59, 71),
  (274, NULL, 33, 3210, '2025-04-26', 59, 98),
  (275, 'ExeggutorJr', 21, 564, '2024-08-24', 59, 103),
  (276, NULL, 57, 3834, '2024-06-29', 60, 121),
  (277, NULL, 21, 3845, '2024-05-30', 60, 144),
  (278, NULL, 34, 2190, '2024-06-30', 60, 58),
  (279, 'NinetalesJr', 37, 3490, '2024-12-26', 60, 38),
  (280, NULL, 46, 3928, '2024-05-05', 61, 124),
  (281, 'BulbasaurJr', 15, 2969, '2024-09-05', 61, 1),
  (282, NULL, 54, 467, '2024-03-19', 61, 72),
  (283, NULL, 46, 1150, '2024-02-13', 61, 92),
  (284, 'MewtwoJr', 17, 4738, '2024-12-01', 62, 150),
  (285, NULL, 28, 3702, '2024-03-14', 62, 4),
  (286, NULL, 31, 3297, '2024-06-26', 62, 3),
  (287, NULL, 16, 4493, '2025-02-09', 62, 54),
  (288, NULL, 43, 1616, '2025-02-07', 62, 19),
  (289, 'GolduckJr', 34, 1141, '2024-03-01', 63, 55),
  (290, 'FlareonJr', 12, 3967, '2024-08-30', 63, 136),
  (291, NULL, 67, 2019, '2024-08-27', 63, 21),
  (292, 'ChanseyJr', 5, 1313, '2024-09-12', 63, 113),
  (293, 'NidorinaJr', 77, 4076, '2025-03-06', 63, 30),
  (294, 'SnorlaxJr', 64, 3071, '2024-12-06', 63, 143),
  (295, 'LickitungJr', 47, 769, '2024-11-08', 64, 108),
  (296, 'RaticateJr', 23, 277, '2024-09-18', 64, 20),
  (297, NULL, 21, 2773, '2024-04-19', 64, 47),
  (298, NULL, 51, 2796, '2024-02-18', 64, 93),
  (299, NULL, 75, 1726, '2024-08-30', 64, 8),
  (300, 'CharizardJr', 59, 2060, '2024-05-25', 64, 6),
  (301, 'GravelerJr', 39, 4148, '2024-07-25', 65, 75),
  (302, NULL, 68, 966, '2024-06-25', 65, 91),
  (303, 'PinsirJr', 43, 1045, '2024-06-18', 65, 127),
  (304, 'MetapodJr', 78, 407, '2025-03-29', 66, 11),
  (305, 'ExeggutorJr', 5, 380, '2024-07-23', 66, 103),
  (306, NULL, 65, 4986, '2024-04-07', 66, 142),
  (307, 'MagikarpJr', 15, 1740, '2024-11-11', 67, 129),
  (308, NULL, 63, 1424, '2024-01-21', 67, 140),
  (309, NULL, 9, 3453, '2024-02-21', 67, 97),
  (310, 'CharmanderJr', 38, 2474, '2025-02-06', 68, 4),
  (311, 'OnixJr', 45, 167, '2024-04-04', 68, 95),
  (312, NULL, 79, 447, '2024-08-08', 68, 36),
  (313, NULL, 62, 550, '2024-12-22', 69, 146),
  (314, NULL, 80, 1272, '2024-01-08', 69, 134),
  (315, NULL, 75, 835, '2024-08-31', 69, 11),
  (316, NULL, 32, 1243, '2024-02-12', 69, 31),
  (317, 'LickitungJr', 5, 76, '2024-11-16', 69, 108),
  (318, NULL, 16, 1787, '2024-12-16', 69, 148),
  (319, NULL, 36, 3692, '2024-05-21', 70, 34),
  (320, NULL, 11, 2997, '2025-01-10', 70, 121),
  (321, NULL, 23, 690, '2025-01-31', 70, 5),
  (322, 'SnorlaxJr', 12, 120, '2025-01-02', 71, 143),
  (323, NULL, 15, 3186, '2025-03-28', 71, 128),
  (324, 'GoldeenJr', 26, 3984, '2024-06-08', 71, 118),
  (325, 'MachopJr', 52, 4710, '2024-11-07', 71, 66),
  (326, 'KakunaJr', 26, 1187, '2025-01-07', 71, 14),
  (327, 'HaunterJr', 62, 2228, '2024-09-01', 72, 93),
  (328, NULL, 47, 2395, '2025-02-05', 72, 42),
  (329, 'HitmonchanJr', 47, 4962, '2024-05-23', 72, 107),
  (330, NULL, 36, 3085, '2024-08-07', 73, 39),
  (331, NULL, 34, 3696, '2024-07-17', 73, 80),
  (332, NULL, 46, 2154, '2024-05-25', 73, 150),
  (333, 'KoffingJr', 78, 1204, '2025-03-02', 74, 109),
  (334, NULL, 75, 4095, '2024-05-20', 74, 41),
  (335, NULL, 74, 4535, '2024-06-26', 74, 151),
  (336, NULL, 30, 1917, '2024-09-05', 74, 11),
  (337, NULL, 55, 3811, '2024-06-07', 74, 74),
  (338, NULL, 73, 2909, '2024-08-23', 75, 66),
  (339, 'MewJr', 55, 4748, '2025-01-30', 75, 151),
  (340, NULL, 71, 2629, '2024-09-23', 75, 3),
  (341, NULL, 30, 1549, '2024-09-01', 75, 99),
  (342, NULL, 50, 3297, '2024-07-04', 76, 50),
  (343, NULL, 24, 2017, '2025-02-03', 76, 24),
  (344, NULL, 68, 3064, '2024-01-23', 76, 47),
  (345, 'GravelerJr', 64, 669, '2025-03-19', 76, 75),
  (346, NULL, 17, 275, '2024-09-22', 77, 81),
  (347, NULL, 77, 3983, '2024-04-14', 77, 8),
  (348, NULL, 38, 2292, '2024-10-27', 77, 89),
  (349, 'TentacoolJr', 62, 4858, '2024-08-06', 77, 72),
  (350, 'MachopJr', 8, 417, '2024-04-02', 78, 66),
  (351, NULL, 63, 3988, '2024-01-18', 78, 10),
  (352, NULL, 13, 4899, '2025-04-29', 78, 87),
  (353, 'MeowthJr', 20, 736, '2024-11-23', 78, 52),
  (354, 'MagnetonJr', 25, 3038, '2024-07-20', 79, 82),
  (355, 'ZapdosJr', 33, 1410, '2025-05-09', 79, 145),
  (356, NULL, 50, 485, '2024-01-20', 79, 60),
  (357, NULL, 8, 385, '2025-04-07', 79, 23),
  (358, NULL, 66, 456, '2024-05-12', 79, 130),
  (359, 'NinetalesJr', 43, 4831, '2025-04-25', 80, 38),
  (360, 'MagnetonJr', 18, 3856, '2024-10-29', 80, 82),
  (361, 'IvysaurJr', 54, 1016, '2024-06-14', 80, 2),
  (362, 'JynxJr', 6, 3833, '2025-02-17', 81, 124),
  (363, NULL, 9, 1285, '2025-01-02', 81, 98),
  (364, NULL, 14, 3056, '2025-04-19', 81, 44),
  (365, NULL, 62, 794, '2025-03-31', 81, 113),
  (366, NULL, 7, 615, '2025-04-19', 81, 62),
  (367, 'DewgongJr', 12, 1476, '2024-03-14', 82, 87),
  (368, 'FarfetchdJr', 23, 3596, '2024-12-31', 82, 83),
  (369, 'PoliwagJr', 58, 3373, '2025-03-21', 82, 60),
  (370, 'ScytherJr', 39, 4677, '2024-05-06', 82, 123),
  (371, 'NidorinaJr', 26, 2135, '2025-03-05', 82, 30),
  (372, 'GengarJr', 63, 3952, '2024-09-08', 82, 94),
  (373, NULL, 32, 4587, '2024-11-19', 83, 40),
  (374, NULL, 20, 2111, '2024-09-01', 83, 132),
  (375, 'BeedrillJr', 51, 3539, '2025-01-21', 83, 15),
  (376, NULL, 12, 2404, '2024-07-31', 84, 62),
  (377, NULL, 7, 3621, '2024-03-14', 84, 61),
  (378, NULL, 70, 1148, '2025-02-17', 84, 25),
  (379, 'VoltorbJr', 72, 2346, '2024-08-14', 84, 100),
  (380, 'GravelerJr', 10, 3350, '2024-04-05', 84, 75),
  (381, 'VictreebelJr', 34, 1438, '2025-03-07', 85, 71),
  (382, NULL, 16, 4985, '2024-04-10', 85, 147),
  (383, 'ParasectJr', 40, 1436, '2025-01-09', 85, 47),
  (384, 'ClefableJr', 29, 4775, '2024-04-15', 85, 36),
  (385, NULL, 12, 4247, '2025-03-06', 86, 52),
  (386, 'VenusaurJr', 41, 4038, '2025-02-19', 86, 3),
  (387, 'PidgeottoJr', 66, 1091, '2024-02-16', 86, 17),
  (388, NULL, 36, 1524, '2025-03-22', 86, 134),
  (389, NULL, 51, 300, '2024-10-15', 86, 105),
  (390, NULL, 71, 584, '2024-09-23', 87, 96),
  (391, 'DragonairJr', 36, 2629, '2024-03-02', 87, 148),
  (392, NULL, 53, 4721, '2025-02-02', 87, 2),
  (393, NULL, 42, 882, '2025-01-19', 87, 92),
  (394, 'KangaskhanJr', 16, 1832, '2024-01-11', 88, 115),
  (395, 'DittoJr', 18, 2555, '2024-11-12', 88, 132),
  (396, NULL, 8, 159, '2024-05-08', 88, 7),
  (397, NULL, 29, 2141, '2024-02-19', 88, 136),
  (398, NULL, 78, 3800, '2024-01-10', 88, 138),
  (399, 'ClefairyJr', 61, 842, '2024-09-24', 88, 35),
  (400, 'PikachuJr', 69, 2290, '2024-08-26', 89, 25);

INSERT INTO `Time_Treinador` (`id_instancia`, `apelido`, `nivel`, `experiencia`, `data_captura`, `id_treinador`, `id_especie`) VALUES
  (401, 'ParasJr', 56, 1121, '2024-02-26', 89, 46),
  (402, NULL, 34, 1206, '2024-10-04', 89, 12),
  (403, NULL, 55, 1346, '2024-12-08', 89, 70),
  (404, NULL, 54, 3444, '2025-04-30', 89, 32),
  (405, 'ExeggcuteJr', 47, 3568, '2024-06-22', 90, 102),
  (406, NULL, 46, 3281, '2025-03-07', 90, 14),
  (407, NULL, 46, 4238, '2025-03-09', 90, 93),
  (408, 'CloysterJr', 28, 567, '2024-07-05', 91, 91),
  (409, 'KadabraJr', 69, 170, '2024-06-15', 91, 64),
  (410, 'KoffingJr', 55, 3716, '2024-04-25', 91, 109),
  (411, 'VenusaurJr', 10, 281, '2024-11-20', 91, 3),
  (412, NULL, 60, 1938, '2024-03-03', 92, 70),
  (413, 'OmastarJr', 19, 2501, '2025-05-01', 92, 139),
  (414, NULL, 20, 494, '2024-06-26', 92, 10),
  (415, NULL, 70, 2198, '2024-10-31', 92, 26),
  (416, 'AlakazamJr', 73, 1215, '2024-02-13', 92, 65),
  (417, 'Nidoran-mJr', 16, 4475, '2024-05-27', 93, 32),
  (418, NULL, 77, 1815, '2024-05-27', 93, 131),
  (419, 'NidokingJr', 75, 3004, '2024-11-28', 93, 34),
  (420, NULL, 43, 3914, '2024-08-23', 93, 76),
  (421, NULL, 8, 1984, '2024-08-28', 93, 105),
  (422, 'DragonairJr', 70, 4472, '2024-06-19', 93, 148),
  (423, NULL, 67, 2211, '2024-06-14', 94, 150),
  (424, NULL, 32, 2420, '2024-05-25', 94, 102),
  (425, NULL, 25, 4514, '2024-01-30', 94, 4),
  (426, NULL, 49, 3604, '2024-02-04', 94, 91),
  (427, 'GolbatJr', 54, 3603, '2024-12-02', 94, 42),
  (428, NULL, 18, 4267, '2024-06-30', 94, 62),
  (429, NULL, 40, 4241, '2024-03-12', 95, 40),
  (430, NULL, 65, 2201, '2024-02-18', 95, 107),
  (431, NULL, 21, 3383, '2025-02-05', 95, 87),
  (432, 'CloysterJr', 57, 4505, '2025-03-21', 95, 91),
  (433, 'TaurosJr', 40, 4975, '2024-03-17', 96, 128),
  (434, 'ExeggcuteJr', 62, 3751, '2024-02-26', 96, 102),
  (435, NULL, 42, 2891, '2024-05-27', 96, 147),
  (436, 'JolteonJr', 28, 4398, '2024-07-13', 97, 135),
  (437, NULL, 60, 4713, '2024-06-04', 97, 143),
  (438, NULL, 16, 2704, '2024-07-12', 97, 99),
  (439, NULL, 36, 2669, '2024-06-14', 97, 83),
  (440, NULL, 6, 209, '2024-04-14', 97, 2),
  (441, 'TaurosJr', 68, 2456, '2024-01-25', 97, 128),
  (442, 'OmanyteJr', 49, 3711, '2024-08-25', 98, 138),
  (443, 'RhydonJr', 13, 4302, '2025-04-30', 98, 112),
  (444, 'EeveeJr', 52, 4103, '2024-04-27', 98, 133),
  (445, NULL, 78, 1263, '2024-07-24', 98, 111),
  (446, 'VoltorbJr', 58, 3987, '2025-03-26', 98, 100),
  (447, 'ChanseyJr', 14, 2544, '2024-07-04', 99, 113),
  (448, 'MewJr', 42, 2812, '2024-09-19', 99, 151),
  (449, NULL, 70, 3447, '2025-02-24', 99, 88),
  (450, 'FlareonJr', 42, 4191, '2024-11-19', 99, 136),
  (451, NULL, 29, 3377, '2024-04-16', 99, 24),
  (452, 'GloomJr', 77, 4940, '2024-04-03', 99, 44),
  (453, 'CloysterJr', 5, 2512, '2024-12-20', 100, 91),
  (454, NULL, 5, 2494, '2024-12-29', 100, 146),
  (455, NULL, 80, 126, '2024-07-22', 100, 11),
  (456, NULL, 39, 4353, '2025-01-28', 101, 51),
  (457, NULL, 78, 1626, '2024-09-20', 101, 45),
  (458, NULL, 23, 1284, '2024-07-29', 101, 128),
  (459, NULL, 67, 3829, '2024-03-28', 102, 8),
  (460, 'RaichuJr', 12, 102, '2024-11-09', 102, 26),
  (461, NULL, 46, 1179, '2024-12-16', 102, 20),
  (462, NULL, 79, 516, '2024-05-16', 103, 91),
  (463, 'VictreebelJr', 54, 160, '2024-06-27', 103, 71),
  (464, 'GloomJr', 55, 4773, '2024-01-28', 103, 44),
  (465, NULL, 61, 447, '2025-01-26', 103, 9),
  (466, NULL, 27, 2578, '2025-04-21', 104, 64),
  (467, NULL, 63, 2487, '2024-01-04', 104, 58),
  (468, NULL, 68, 553, '2024-08-02', 104, 12),
  (469, NULL, 79, 1813, '2024-05-04', 104, 41),
  (470, 'SlowbroJr', 53, 1528, '2024-03-29', 105, 80),
  (471, NULL, 42, 3244, '2024-01-04', 105, 103),
  (472, 'ElectabuzzJr', 47, 4372, '2024-10-14', 105, 125),
  (473, 'CharizardJr', 56, 536, '2025-03-22', 105, 6),
  (474, 'AbraJr', 49, 4537, '2025-05-07', 105, 63),
  (475, 'EkansJr', 64, 2323, '2024-05-05', 105, 23),
  (476, NULL, 35, 1063, '2024-06-23', 106, 61),
  (477, 'RhydonJr', 74, 1046, '2024-02-17', 106, 112),
  (478, 'BlastoiseJr', 35, 1304, '2024-10-11', 106, 9),
  (479, 'TentacoolJr', 56, 3087, '2024-07-07', 106, 72),
  (480, NULL, 31, 2435, '2024-11-18', 106, 7),
  (481, NULL, 80, 3014, '2024-11-01', 107, 130),
  (482, 'PersianJr', 70, 1741, '2024-09-30', 107, 53),
  (483, NULL, 20, 4202, '2024-03-05', 107, 59),
  (484, NULL, 39, 3152, '2024-02-16', 107, 116),
  (485, NULL, 77, 1188, '2024-01-15', 107, 34),
  (486, 'MachokeJr', 16, 1450, '2024-06-08', 107, 67),
  (487, NULL, 69, 2432, '2024-10-14', 108, 83),
  (488, 'VenomothJr', 44, 720, '2024-04-08', 108, 49),
  (489, 'SandslashJr', 56, 2313, '2024-04-25', 108, 28),
  (490, 'PidgeotJr', 64, 1082, '2024-07-01', 108, 18),
  (491, NULL, 64, 2035, '2024-01-13', 109, 46),
  (492, 'WartortleJr', 17, 1488, '2025-03-09', 109, 8),
  (493, 'GengarJr', 33, 331, '2024-05-29', 109, 94),
  (494, 'ShellderJr', 25, 3528, '2024-07-26', 109, 90),
  (495, NULL, 24, 3119, '2024-04-11', 109, 106),
  (496, NULL, 77, 4078, '2024-10-16', 110, 142),
  (497, NULL, 60, 4712, '2025-01-01', 110, 80),
  (498, NULL, 19, 2345, '2024-06-27', 110, 46),
  (499, 'MewtwoJr', 45, 1721, '2024-12-14', 111, 150),
  (500, NULL, 16, 3417, '2025-02-01', 111, 13),
  (501, NULL, 33, 2303, '2024-12-21', 111, 63),
  (502, 'ShellderJr', 69, 3709, '2025-04-21', 112, 90),
  (503, 'KoffingJr', 31, 3509, '2024-09-17', 112, 109),
  (504, NULL, 21, 4010, '2024-12-10', 112, 114),
  (505, 'ButterfreeJr', 35, 4455, '2024-10-06', 113, 12),
  (506, 'ArticunoJr', 12, 1376, '2024-05-13', 113, 144),
  (507, 'MachokeJr', 16, 1649, '2024-07-02', 113, 67),
  (508, 'VileplumeJr', 22, 3984, '2024-11-21', 113, 45),
  (509, NULL, 43, 1092, '2025-04-24', 114, 61),
  (510, NULL, 80, 4614, '2025-03-28', 114, 62),
  (511, 'IvysaurJr', 20, 4491, '2024-05-03', 114, 2),
  (512, NULL, 26, 1268, '2024-08-05', 114, 132),
  (513, NULL, 56, 1690, '2024-11-02', 114, 114),
  (514, NULL, 6, 2953, '2024-02-28', 114, 35),
  (515, NULL, 62, 925, '2024-02-26', 115, 53),
  (516, 'ButterfreeJr', 64, 4662, '2024-03-23', 115, 12),
  (517, 'PidgeyJr', 76, 588, '2024-07-04', 115, 16),
  (518, 'TentacoolJr', 67, 687, '2024-01-24', 115, 72),
  (519, NULL, 77, 2166, '2025-01-17', 115, 78),
  (520, NULL, 60, 4000, '2024-02-25', 115, 51),
  (521, 'KabutoJr', 41, 2059, '2025-04-15', 116, 140),
  (522, 'FarfetchdJr', 22, 226, '2024-11-30', 116, 83),
  (523, NULL, 23, 2427, '2024-01-13', 116, 3),
  (524, 'GastlyJr', 72, 1380, '2024-07-07', 116, 92),
  (525, NULL, 50, 2622, '2024-04-04', 117, 80),
  (526, 'DoduoJr', 75, 3025, '2024-04-27', 117, 84),
  (527, NULL, 35, 472, '2025-03-04', 117, 98),
  (528, 'SandslashJr', 32, 4049, '2025-04-08', 118, 28),
  (529, 'MoltresJr', 25, 2454, '2024-08-04', 118, 146),
  (530, NULL, 15, 1162, '2024-11-04', 118, 104),
  (531, NULL, 61, 3927, '2024-02-15', 119, 42),
  (532, 'ClefableJr', 52, 22, '2024-04-07', 119, 36),
  (533, NULL, 70, 3485, '2024-01-17', 119, 114),
  (534, 'ExeggutorJr', 12, 4215, '2024-03-14', 119, 103),
  (535, 'DewgongJr', 61, 4615, '2024-07-12', 120, 87),
  (536, 'PidgeottoJr', 30, 3840, '2024-12-11', 120, 17),
  (537, NULL, 71, 3772, '2024-02-13', 120, 113),
  (538, NULL, 24, 3287, '2024-08-07', 120, 3),
  (539, NULL, 15, 491, '2025-05-07', 120, 46),
  (540, NULL, 43, 4628, '2025-01-05', 120, 43);

-- Tabela: Time_Treinador_Golpe (golpes conhecidos por cada instância)
INSERT INTO `Time_Treinador_Golpe` (`id_instancia`, `id_golpe`) VALUES
  (1, 54),
  (1, 48),
  (1, 62),
  (1, 85),
  (2, 18),
  (2, 39),
  (2, 44),
  (2, 68),
  (3, 4),
  (3, 109),
  (3, 25),
  (3, 29),
  (4, 95),
  (4, 58),
  (4, 89),
  (4, 11),
  (5, 85),
  (5, 75),
  (6, 72),
  (6, 75),
  (6, 54),
  (7, 68),
  (7, 31),
  (7, 73),
  (8, 51),
  (8, 34),
  (8, 15),
  (9, 24),
  (9, 26),
  (10, 96),
  (10, 15),
  (10, 29),
  (10, 108),
  (11, 84),
  (11, 13),
  (11, 25),
  (12, 86),
  (12, 33),
  (12, 91),
  (12, 63),
  (13, 71),
  (13, 59),
  (14, 70),
  (14, 74),
  (15, 15),
  (15, 95),
  (15, 66),
  (15, 76),
  (16, 11),
  (16, 109),
  (16, 53),
  (16, 87),
  (17, 103),
  (17, 57),
  (18, 65),
  (18, 71),
  (19, 92),
  (19, 108),
  (19, 97),
  (19, 15),
  (20, 93),
  (20, 66),
  (20, 14),
  (20, 59),
  (21, 51),
  (21, 70),
  (21, 22),
  (21, 25),
  (22, 61),
  (22, 100),
  (22, 12),
  (22, 18),
  (23, 100),
  (23, 80),
  (23, 8),
  (24, 31),
  (24, 7),
  (24, 48),
  (25, 2),
  (25, 90),
  (26, 28),
  (26, 59),
  (26, 39),
  (26, 16),
  (27, 18),
  (27, 55),
  (27, 12),
  (27, 80),
  (28, 73),
  (28, 15),
  (29, 46),
  (29, 22),
  (29, 47),
  (29, 96),
  (30, 103),
  (30, 98),
  (30, 95),
  (31, 2),
  (31, 106),
  (31, 33),
  (31, 16),
  (32, 48),
  (32, 66),
  (33, 68),
  (33, 46),
  (33, 93),
  (33, 63),
  (34, 105),
  (34, 78),
  (35, 13),
  (35, 46),
  (35, 71),
  (36, 103),
  (36, 78),
  (36, 15),
  (37, 87),
  (37, 32),
  (38, 46),
  (38, 25),
  (38, 89),
  (39, 3),
  (39, 108),
  (39, 75),
  (40, 15),
  (40, 102),
  (40, 3),
  (41, 15),
  (41, 10),
  (41, 103),
  (42, 24),
  (42, 20),
  (42, 71),
  (43, 88),
  (43, 86),
  (43, 49),
  (44, 76),
  (44, 33),
  (45, 89),
  (45, 98),
  (45, 104),
  (45, 35),
  (46, 2),
  (46, 4),
  (46, 44),
  (47, 63),
  (47, 65),
  (48, 5),
  (48, 103),
  (48, 108),
  (49, 10),
  (49, 24),
  (50, 105),
  (50, 83),
  (50, 87),
  (50, 77),
  (51, 108),
  (51, 61),
  (51, 21),
  (52, 109),
  (52, 58),
  (52, 51),
  (52, 30),
  (53, 67),
  (53, 10),
  (53, 47),
  (53, 43),
  (54, 28),
  (54, 40),
  (54, 17),
  (54, 76),
  (55, 6),
  (55, 28),
  (55, 22),
  (55, 105),
  (56, 94),
  (56, 60),
  (56, 43),
  (57, 60),
  (57, 50),
  (57, 46),
  (57, 41),
  (58, 43),
  (58, 75),
  (59, 43),
  (59, 30),
  (59, 3),
  (60, 59),
  (60, 78),
  (61, 81),
  (61, 19),
  (62, 86),
  (62, 19),
  (62, 35),
  (62, 50),
  (63, 9),
  (63, 65),
  (63, 34),
  (64, 73),
  (64, 74),
  (64, 68);

INSERT INTO `Time_Treinador_Golpe` (`id_instancia`, `id_golpe`) VALUES
  (65, 18),
  (65, 90),
  (65, 5),
  (65, 72),
  (66, 26),
  (66, 100),
  (67, 82),
  (67, 74),
  (67, 13),
  (68, 102),
  (68, 37),
  (68, 31),
  (69, 88),
  (69, 10),
  (70, 98),
  (70, 44),
  (70, 95),
  (71, 66),
  (71, 110),
  (71, 82),
  (72, 45),
  (72, 71),
  (73, 52),
  (73, 43),
  (73, 8),
  (73, 91),
  (74, 86),
  (74, 42),
  (74, 101),
  (75, 65),
  (75, 48),
  (75, 32),
  (76, 45),
  (76, 20),
  (77, 27),
  (77, 1),
  (78, 59),
  (78, 52),
  (78, 58),
  (78, 51),
  (79, 99),
  (79, 39),
  (79, 22),
  (79, 76),
  (80, 19),
  (80, 39),
  (81, 40),
  (81, 33),
  (81, 94),
  (81, 74),
  (82, 85),
  (82, 44),
  (82, 10),
  (82, 25),
  (83, 11),
  (83, 75),
  (83, 23),
  (83, 39),
  (84, 46),
  (84, 60),
  (84, 100),
  (84, 89),
  (85, 93),
  (85, 9),
  (85, 108),
  (86, 41),
  (86, 23),
  (86, 36),
  (87, 70),
  (87, 3),
  (87, 98),
  (88, 81),
  (88, 35),
  (89, 91),
  (89, 3),
  (90, 7),
  (90, 52),
  (91, 26),
  (91, 78),
  (91, 37),
  (92, 83),
  (92, 13),
  (92, 26),
  (92, 31),
  (93, 8),
  (93, 17),
  (93, 77),
  (93, 7),
  (94, 10),
  (94, 104),
  (95, 44),
  (95, 93),
  (95, 18),
  (95, 1),
  (96, 35),
  (96, 69),
  (97, 2),
  (97, 82),
  (97, 42),
  (97, 4),
  (98, 42),
  (98, 96),
  (99, 84),
  (99, 63),
  (100, 79),
  (100, 87),
  (100, 103),
  (101, 23),
  (101, 8),
  (101, 54),
  (102, 12),
  (102, 81),
  (103, 43),
  (103, 100),
  (103, 64),
  (103, 77),
  (104, 33),
  (104, 60),
  (104, 2),
  (105, 41),
  (105, 73),
  (106, 41),
  (106, 8),
  (106, 54),
  (106, 79),
  (107, 93),
  (107, 107),
  (107, 43),
  (107, 21),
  (108, 3),
  (108, 20),
  (109, 19),
  (109, 68),
  (110, 46),
  (110, 105),
  (111, 55),
  (111, 45),
  (111, 69),
  (112, 76),
  (112, 72),
  (112, 20),
  (112, 85),
  (113, 74),
  (113, 43),
  (113, 30),
  (113, 95),
  (114, 34),
  (114, 105),
  (114, 92),
  (114, 62),
  (115, 100),
  (115, 83),
  (116, 84),
  (116, 99),
  (116, 71),
  (117, 59),
  (117, 72),
  (117, 36),
  (117, 47),
  (118, 68),
  (118, 36),
  (118, 17),
  (118, 33),
  (119, 72),
  (119, 61),
  (120, 84),
  (120, 104),
  (121, 20),
  (121, 81),
  (121, 30),
  (122, 97),
  (122, 12),
  (122, 4),
  (123, 18),
  (123, 16),
  (123, 8),
  (123, 70),
  (124, 27),
  (124, 72),
  (124, 100),
  (124, 24),
  (125, 78),
  (125, 47),
  (125, 95),
  (126, 23),
  (126, 95),
  (127, 68),
  (127, 4),
  (128, 100),
  (128, 91),
  (128, 32),
  (129, 64),
  (129, 28),
  (129, 82),
  (130, 103),
  (130, 50),
  (130, 59),
  (131, 42),
  (131, 102),
  (132, 14);

INSERT INTO `Time_Treinador_Golpe` (`id_instancia`, `id_golpe`) VALUES
  (132, 85),
  (133, 2),
  (133, 9),
  (133, 104),
  (133, 83),
  (134, 87),
  (134, 45),
  (134, 8),
  (135, 73),
  (135, 49),
  (136, 49),
  (136, 85),
  (136, 81),
  (137, 4),
  (137, 33),
  (138, 34),
  (138, 91),
  (139, 31),
  (139, 30),
  (139, 46),
  (140, 42),
  (140, 98),
  (141, 83),
  (141, 36),
  (141, 39),
  (142, 28),
  (142, 73),
  (142, 102),
  (143, 62),
  (143, 99),
  (144, 97),
  (144, 18),
  (144, 106),
  (145, 37),
  (145, 12),
  (145, 43),
  (146, 63),
  (146, 32),
  (147, 41),
  (147, 88),
  (148, 77),
  (148, 58),
  (148, 28),
  (148, 75),
  (149, 101),
  (149, 27),
  (150, 47),
  (150, 6),
  (150, 100),
  (150, 57),
  (151, 56),
  (151, 18),
  (152, 88),
  (152, 4),
  (152, 104),
  (153, 20),
  (153, 2),
  (154, 39),
  (154, 20),
  (155, 95),
  (155, 46),
  (155, 13),
  (155, 97),
  (156, 60),
  (156, 88),
  (157, 12),
  (157, 54),
  (157, 44),
  (158, 86),
  (158, 92),
  (158, 51),
  (158, 43),
  (159, 75),
  (159, 31),
  (160, 102),
  (160, 81),
  (161, 2),
  (161, 5),
  (161, 18),
  (161, 65),
  (162, 30),
  (162, 74),
  (162, 56),
  (162, 90),
  (163, 94),
  (163, 3),
  (164, 41),
  (164, 9),
  (165, 16),
  (165, 63),
  (166, 68),
  (166, 55),
  (167, 23),
  (167, 29),
  (168, 70),
  (168, 19),
  (168, 82),
  (168, 95),
  (169, 65),
  (169, 15),
  (169, 68),
  (169, 46),
  (170, 10),
  (170, 45),
  (170, 28),
  (171, 94),
  (171, 10),
  (172, 91),
  (172, 23),
  (172, 2),
  (173, 35),
  (173, 9),
  (173, 6),
  (174, 66),
  (174, 7),
  (175, 102),
  (175, 72),
  (175, 47),
  (176, 2),
  (176, 42),
  (176, 89),
  (177, 84),
  (177, 59),
  (178, 37),
  (178, 71),
  (178, 43),
  (178, 89),
  (179, 96),
  (179, 92),
  (179, 35),
  (180, 55),
  (180, 41),
  (180, 70),
  (181, 50),
  (181, 20),
  (181, 98),
  (182, 53),
  (182, 103),
  (182, 19),
  (183, 1),
  (183, 31),
  (183, 78),
  (183, 65),
  (184, 89),
  (184, 79),
  (184, 94),
  (185, 31),
  (185, 106),
  (185, 26),
  (186, 15),
  (186, 12),
  (186, 108),
  (186, 80),
  (187, 92),
  (187, 7),
  (188, 89),
  (188, 72),
  (188, 42),
  (189, 83),
  (189, 57),
  (189, 71),
  (189, 86),
  (190, 59),
  (190, 74),
  (190, 1),
  (191, 96),
  (191, 83),
  (191, 110),
  (192, 66),
  (192, 44),
  (192, 76),
  (193, 49),
  (193, 31),
  (193, 106),
  (193, 81),
  (194, 49),
  (194, 46),
  (194, 92),
  (194, 9),
  (195, 68),
  (195, 35),
  (195, 79),
  (196, 87),
  (196, 106),
  (196, 42),
  (196, 10),
  (197, 103),
  (197, 70),
  (197, 86),
  (197, 29),
  (198, 98),
  (198, 34),
  (198, 108),
  (198, 61),
  (199, 45),
  (199, 67),
  (199, 76),
  (199, 62),
  (200, 29),
  (200, 19);

INSERT INTO `Time_Treinador_Golpe` (`id_instancia`, `id_golpe`) VALUES
  (200, 9),
  (200, 97),
  (201, 47),
  (201, 68),
  (201, 27),
  (201, 22),
  (202, 31),
  (202, 87),
  (202, 23),
  (203, 106),
  (203, 85),
  (204, 23),
  (204, 82),
  (204, 106),
  (205, 6),
  (205, 42),
  (205, 49),
  (205, 47),
  (206, 16),
  (206, 53),
  (206, 20),
  (207, 33),
  (207, 49),
  (207, 14),
  (207, 47),
  (208, 85),
  (208, 103),
  (208, 67),
  (209, 39),
  (209, 58),
  (209, 85),
  (209, 12),
  (210, 51),
  (210, 38),
  (210, 58),
  (211, 15),
  (211, 58),
  (211, 82),
  (211, 62),
  (212, 103),
  (212, 23),
  (212, 98),
  (212, 67),
  (213, 1),
  (213, 88),
  (214, 47),
  (214, 63),
  (215, 85),
  (215, 31),
  (215, 80),
  (215, 48),
  (216, 44),
  (216, 103),
  (216, 49),
  (216, 33),
  (217, 72),
  (217, 26),
  (218, 74),
  (218, 34),
  (219, 76),
  (219, 23),
  (220, 92),
  (220, 70),
  (220, 36),
  (221, 33),
  (221, 31),
  (221, 34),
  (222, 12),
  (222, 68),
  (222, 82),
  (223, 110),
  (223, 12),
  (223, 26),
  (224, 55),
  (224, 102),
  (225, 80),
  (225, 100),
  (225, 48),
  (226, 92),
  (226, 57),
  (227, 47),
  (227, 6),
  (227, 92),
  (228, 53),
  (228, 56),
  (228, 83),
  (229, 104),
  (229, 33),
  (229, 46),
  (229, 31),
  (230, 109),
  (230, 75),
  (230, 17),
  (231, 25),
  (231, 110),
  (231, 92),
  (231, 75),
  (232, 9),
  (232, 86),
  (232, 27),
  (233, 10),
  (233, 11),
  (233, 97),
  (234, 49),
  (234, 51),
  (234, 68),
  (235, 64),
  (235, 83),
  (235, 97),
  (236, 14),
  (236, 76),
  (237, 60),
  (237, 90),
  (237, 108),
  (237, 56),
  (238, 61),
  (238, 23),
  (238, 9),
  (239, 51),
  (239, 63),
  (239, 18),
  (240, 97),
  (240, 106),
  (240, 2),
  (240, 86),
  (241, 95),
  (241, 26),
  (242, 70),
  (242, 6),
  (242, 88),
  (243, 71),
  (243, 43),
  (243, 99),
  (244, 99),
  (244, 59),
  (244, 16),
  (245, 29),
  (245, 109),
  (246, 74),
  (246, 105),
  (247, 14),
  (247, 64),
  (248, 109),
  (248, 97),
  (249, 73),
  (249, 59),
  (250, 106),
  (250, 88),
  (251, 92),
  (251, 43),
  (252, 8),
  (252, 71),
  (252, 89),
  (253, 54),
  (253, 108),
  (253, 75),
  (253, 18),
  (254, 105),
  (254, 7),
  (254, 81),
  (255, 42),
  (255, 43),
  (256, 67),
  (256, 1),
  (257, 69),
  (257, 36),
  (258, 34),
  (258, 12),
  (258, 41),
  (258, 50),
  (259, 85),
  (259, 110),
  (259, 39),
  (260, 51),
  (260, 66),
  (260, 54),
  (260, 88),
  (261, 40),
  (261, 39),
  (262, 49),
  (262, 103),
  (263, 110),
  (263, 70),
  (263, 33),
  (264, 26),
  (264, 17),
  (264, 7),
  (265, 69),
  (265, 84),
  (266, 60),
  (266, 85),
  (266, 63),
  (267, 75),
  (267, 19),
  (267, 47),
  (267, 103),
  (268, 26),
  (268, 59),
  (268, 91),
  (269, 85);

INSERT INTO `Time_Treinador_Golpe` (`id_instancia`, `id_golpe`) VALUES
  (269, 7),
  (269, 94),
  (269, 41),
  (270, 69),
  (270, 9),
  (271, 73),
  (271, 106),
  (271, 42),
  (272, 36),
  (272, 29),
  (273, 38),
  (273, 26),
  (273, 91),
  (274, 103),
  (274, 76),
  (275, 59),
  (275, 52),
  (275, 94),
  (275, 57),
  (276, 27),
  (276, 8),
  (277, 56),
  (277, 110),
  (278, 16),
  (278, 7),
  (278, 18),
  (278, 10),
  (279, 64),
  (279, 24),
  (279, 2),
  (279, 93),
  (280, 95),
  (280, 103),
  (280, 22),
  (280, 64),
  (281, 87),
  (281, 93),
  (282, 96),
  (282, 38),
  (282, 103),
  (282, 28),
  (283, 108),
  (283, 21),
  (283, 19),
  (283, 100),
  (284, 27),
  (284, 67),
  (284, 13),
  (284, 60),
  (285, 26),
  (285, 101),
  (286, 7),
  (286, 54),
  (287, 85),
  (287, 107),
  (288, 91),
  (288, 57),
  (288, 88),
  (289, 20),
  (289, 8),
  (289, 90),
  (290, 6),
  (290, 21),
  (291, 38),
  (291, 98),
  (291, 30),
  (292, 103),
  (292, 41),
  (292, 91),
  (292, 72),
  (293, 20),
  (293, 40),
  (293, 34),
  (293, 42),
  (294, 108),
  (294, 28),
  (294, 20),
  (294, 103),
  (295, 30),
  (295, 51),
  (295, 5),
  (295, 42),
  (296, 20),
  (296, 83),
  (296, 38),
  (297, 84),
  (297, 70),
  (298, 12),
  (298, 26),
  (298, 60),
  (298, 20),
  (299, 24),
  (299, 56),
  (299, 43),
  (299, 87),
  (300, 15),
  (300, 5),
  (300, 107),
  (301, 16),
  (301, 85),
  (301, 27),
  (302, 68),
  (302, 10),
  (302, 38),
  (302, 63),
  (303, 3),
  (303, 97),
  (303, 101),
  (304, 12),
  (304, 26),
  (304, 63),
  (305, 39),
  (305, 77),
  (305, 75),
  (306, 97),
  (306, 12),
  (306, 26),
  (306, 18),
  (307, 35),
  (307, 99),
  (307, 98),
  (308, 75),
  (308, 39),
  (309, 75),
  (309, 77),
  (310, 1),
  (310, 45),
  (311, 20),
  (311, 85),
  (312, 7),
  (312, 23),
  (312, 43),
  (313, 58),
  (313, 62),
  (313, 32),
  (314, 96),
  (314, 47),
  (314, 23),
  (315, 101),
  (315, 107),
  (316, 104),
  (316, 9),
  (316, 93),
  (317, 59),
  (317, 13),
  (317, 96),
  (317, 71),
  (318, 101),
  (318, 21),
  (319, 51),
  (319, 60),
  (319, 5),
  (319, 6),
  (320, 75),
  (320, 13),
  (320, 53),
  (320, 83),
  (321, 17),
  (321, 54),
  (321, 74),
  (321, 108),
  (322, 10),
  (322, 48),
  (322, 94),
  (323, 94),
  (323, 21),
  (323, 47),
  (323, 22),
  (324, 12),
  (324, 43),
  (324, 1),
  (324, 108),
  (325, 108),
  (325, 62),
  (325, 39),
  (325, 20),
  (326, 13),
  (326, 14),
  (326, 31),
  (327, 20),
  (327, 64),
  (328, 69),
  (328, 70),
  (328, 16),
  (329, 60),
  (329, 32),
  (329, 21),
  (330, 69),
  (330, 6),
  (330, 65),
  (330, 33),
  (331, 26),
  (331, 37),
  (331, 52),
  (332, 27),
  (332, 17),
  (332, 31),
  (332, 94),
  (333, 65),
  (333, 31);

INSERT INTO `Time_Treinador_Golpe` (`id_instancia`, `id_golpe`) VALUES
  (333, 13),
  (333, 2),
  (334, 7),
  (334, 63),
  (335, 74),
  (335, 27),
  (335, 89),
  (335, 96),
  (336, 12),
  (336, 97),
  (337, 20),
  (337, 108),
  (338, 4),
  (338, 55),
  (338, 51),
  (339, 67),
  (339, 15),
  (339, 38),
  (339, 73),
  (340, 11),
  (340, 85),
  (341, 28),
  (341, 30),
  (341, 32),
  (341, 77),
  (342, 91),
  (342, 105),
  (342, 8),
  (342, 106),
  (343, 10),
  (343, 77),
  (344, 13),
  (344, 6),
  (344, 28),
  (345, 99),
  (345, 89),
  (345, 23),
  (345, 105),
  (346, 44),
  (346, 11),
  (346, 104),
  (347, 76),
  (347, 24),
  (347, 2),
  (348, 53),
  (348, 101),
  (348, 5),
  (349, 101),
  (349, 32),
  (350, 94),
  (350, 66),
  (351, 22),
  (351, 20),
  (351, 103),
  (351, 45),
  (352, 27),
  (352, 26),
  (353, 88),
  (353, 43),
  (354, 9),
  (354, 1),
  (354, 102),
  (354, 62),
  (355, 64),
  (355, 68),
  (356, 9),
  (356, 97),
  (356, 78),
  (357, 9),
  (357, 26),
  (357, 81),
  (357, 7),
  (358, 101),
  (358, 53),
  (358, 12),
  (359, 92),
  (359, 45),
  (359, 75),
  (359, 21),
  (360, 87),
  (360, 99),
  (360, 96),
  (361, 18),
  (361, 34),
  (361, 107),
  (362, 39),
  (362, 7),
  (362, 96),
  (362, 60),
  (363, 76),
  (363, 22),
  (363, 56),
  (363, 50),
  (364, 101),
  (364, 66),
  (364, 39),
  (364, 96),
  (365, 69),
  (365, 84),
  (365, 81),
  (365, 15),
  (366, 101),
  (366, 103),
  (367, 97),
  (367, 108),
  (367, 109),
  (368, 31),
  (368, 26),
  (369, 59),
  (369, 72),
  (369, 31),
  (369, 64),
  (370, 88),
  (370, 91),
  (370, 7),
  (370, 51),
  (371, 101),
  (371, 51),
  (371, 102),
  (371, 81),
  (372, 100),
  (372, 44),
  (372, 106),
  (372, 49),
  (373, 12),
  (373, 30),
  (373, 84),
  (374, 108),
  (374, 102),
  (374, 44),
  (374, 85),
  (375, 108),
  (375, 55),
  (375, 102),
  (375, 40),
  (376, 39),
  (376, 63),
  (377, 3),
  (377, 15),
  (377, 104),
  (377, 61),
  (378, 53),
  (378, 78),
  (378, 39),
  (379, 19),
  (379, 43),
  (379, 70),
  (380, 11),
  (380, 46),
  (381, 109),
  (381, 60),
  (381, 80),
  (382, 38),
  (382, 43),
  (383, 35),
  (383, 24),
  (384, 57),
  (384, 53),
  (384, 85),
  (384, 69),
  (385, 16),
  (385, 28),
  (386, 81),
  (386, 6),
  (386, 49),
  (386, 106),
  (387, 50),
  (387, 35),
  (388, 20),
  (388, 47),
  (388, 22),
  (389, 45),
  (389, 105),
  (390, 51),
  (390, 40),
  (390, 64),
  (390, 41),
  (391, 102),
  (391, 78),
  (391, 25),
  (391, 110),
  (392, 51),
  (392, 68),
  (393, 1),
  (393, 110),
  (394, 14),
  (394, 32),
  (395, 73),
  (395, 104),
  (395, 85),
  (396, 95),
  (396, 46),
  (396, 87),
  (397, 71),
  (397, 95),
  (398, 86),
  (398, 49),
  (398, 18),
  (398, 97),
  (399, 86);

INSERT INTO `Time_Treinador_Golpe` (`id_instancia`, `id_golpe`) VALUES
  (399, 54),
  (399, 10),
  (400, 80),
  (400, 43),
  (400, 57),
  (400, 35),
  (401, 47),
  (401, 40),
  (401, 85),
  (402, 81),
  (402, 88),
  (402, 49),
  (402, 67),
  (403, 8),
  (403, 84),
  (403, 64),
  (403, 47),
  (404, 3),
  (404, 8),
  (404, 107),
  (404, 88),
  (405, 72),
  (405, 49),
  (406, 40),
  (406, 97),
  (406, 66),
  (407, 94),
  (407, 78),
  (408, 59),
  (408, 5),
  (408, 42),
  (408, 62),
  (409, 1),
  (409, 35),
  (410, 25),
  (410, 76),
  (411, 66),
  (411, 6),
  (411, 51),
  (411, 23),
  (412, 76),
  (412, 83),
  (412, 36),
  (412, 81),
  (413, 38),
  (413, 99),
  (414, 4),
  (414, 54),
  (414, 71),
  (414, 53),
  (415, 11),
  (415, 104),
  (415, 87),
  (415, 82),
  (416, 64),
  (416, 91),
  (416, 47),
  (417, 36),
  (417, 42),
  (417, 21),
  (417, 107),
  (418, 64),
  (418, 106),
  (418, 7),
  (418, 102),
  (419, 45),
  (419, 18),
  (419, 26),
  (419, 67),
  (420, 21),
  (420, 40),
  (421, 67),
  (421, 22),
  (421, 88),
  (421, 40),
  (422, 76),
  (422, 39),
  (423, 100),
  (423, 47),
  (423, 89),
  (424, 35),
  (424, 40),
  (425, 26),
  (425, 80),
  (425, 42),
  (426, 52),
  (426, 14),
  (426, 88),
  (427, 47),
  (427, 51),
  (427, 41),
  (428, 102),
  (428, 61),
  (428, 35),
  (429, 27),
  (429, 80),
  (430, 65),
  (430, 108),
  (430, 53),
  (431, 21),
  (431, 100),
  (431, 41),
  (431, 6),
  (432, 36),
  (432, 97),
  (433, 61),
  (433, 85),
  (433, 72),
  (433, 109),
  (434, 53),
  (434, 97),
  (434, 10),
  (434, 36),
  (435, 47),
  (435, 92),
  (435, 51),
  (436, 104),
  (436, 37),
  (436, 109),
  (436, 81),
  (437, 34),
  (437, 58),
  (438, 6),
  (438, 69),
  (439, 73),
  (439, 40),
  (439, 46),
  (439, 78),
  (440, 34),
  (440, 32),
  (440, 9),
  (441, 13),
  (441, 97),
  (441, 78),
  (441, 87),
  (442, 107),
  (442, 104),
  (442, 92),
  (443, 40),
  (443, 22),
  (444, 23),
  (444, 93),
  (444, 82),
  (444, 96),
  (445, 16),
  (445, 100),
  (445, 52),
  (445, 51),
  (446, 108),
  (446, 44),
  (446, 52),
  (446, 51),
  (447, 104),
  (447, 44),
  (447, 45),
  (448, 92),
  (448, 19),
  (449, 95),
  (449, 67),
  (449, 53),
  (449, 86),
  (450, 18),
  (450, 28),
  (450, 44),
  (451, 9),
  (451, 53),
  (451, 65),
  (451, 1),
  (452, 86),
  (452, 31),
  (452, 74),
  (452, 56),
  (453, 28),
  (453, 74),
  (453, 94),
  (454, 101),
  (454, 109),
  (454, 87),
  (455, 20),
  (455, 29),
  (456, 109),
  (456, 97),
  (456, 31),
  (456, 65),
  (457, 37),
  (457, 5),
  (458, 106),
  (458, 84),
  (458, 49),
  (458, 37),
  (459, 83),
  (459, 91),
  (460, 50),
  (460, 79),
  (460, 36),
  (460, 92),
  (461, 99),
  (461, 78),
  (462, 106),
  (462, 66);

INSERT INTO `Time_Treinador_Golpe` (`id_instancia`, `id_golpe`) VALUES
  (462, 35),
  (462, 78),
  (463, 29),
  (463, 40),
  (464, 47),
  (464, 87),
  (465, 103),
  (465, 11),
  (465, 47),
  (465, 3),
  (466, 67),
  (466, 10),
  (466, 16),
  (466, 108),
  (467, 28),
  (467, 1),
  (467, 59),
  (468, 98),
  (468, 18),
  (468, 58),
  (468, 36),
  (469, 8),
  (469, 58),
  (469, 76),
  (469, 72),
  (470, 104),
  (470, 5),
  (470, 6),
  (470, 69),
  (471, 15),
  (471, 62),
  (471, 29),
  (472, 81),
  (472, 44),
  (472, 43),
  (473, 73),
  (473, 30),
  (473, 28),
  (473, 72),
  (474, 37),
  (474, 108),
  (475, 69),
  (475, 92),
  (475, 4),
  (475, 29),
  (476, 4),
  (476, 104),
  (477, 35),
  (477, 55),
  (477, 48),
  (477, 9),
  (478, 36),
  (478, 93),
  (478, 12),
  (478, 75),
  (479, 52),
  (479, 50),
  (480, 76),
  (480, 53),
  (480, 29),
  (480, 86),
  (481, 103),
  (481, 48),
  (482, 43),
  (482, 85),
  (482, 33),
  (482, 10),
  (483, 62),
  (483, 74),
  (483, 18),
  (483, 56),
  (484, 88),
  (484, 91),
  (484, 80),
  (485, 25),
  (485, 44),
  (485, 79),
  (486, 15),
  (486, 52),
  (487, 37),
  (487, 98),
  (488, 10),
  (488, 95),
  (489, 3),
  (489, 57),
  (489, 100),
  (489, 26),
  (490, 96),
  (490, 26),
  (490, 99),
  (490, 34),
  (491, 72),
  (491, 97),
  (492, 108),
  (492, 38),
  (492, 96),
  (492, 101),
  (493, 95),
  (493, 93),
  (494, 93),
  (494, 3),
  (494, 9),
  (494, 46),
  (495, 54),
  (495, 2),
  (496, 93),
  (496, 96),
  (496, 81),
  (496, 69),
  (497, 72),
  (497, 46),
  (497, 81),
  (498, 73),
  (498, 81),
  (499, 46),
  (499, 40),
  (499, 14),
  (500, 95),
  (500, 23),
  (501, 46),
  (501, 54),
  (501, 4),
  (501, 103),
  (502, 59),
  (502, 99),
  (502, 14),
  (502, 44),
  (503, 110),
  (503, 20),
  (504, 100),
  (504, 61),
  (504, 63),
  (505, 44),
  (505, 102),
  (506, 61),
  (506, 106),
  (506, 17),
  (507, 68),
  (507, 73),
  (508, 66),
  (508, 50),
  (508, 27),
  (509, 33),
  (509, 85),
  (509, 3),
  (510, 91),
  (510, 36),
  (511, 56),
  (511, 100),
  (511, 94),
  (511, 93),
  (512, 21),
  (512, 104),
  (512, 108),
  (513, 18),
  (513, 2),
  (513, 15),
  (514, 94),
  (514, 75),
  (515, 49),
  (515, 4),
  (515, 2),
  (515, 105),
  (516, 60),
  (516, 100),
  (517, 27),
  (517, 74),
  (518, 10),
  (518, 110),
  (518, 42),
  (518, 44),
  (519, 72),
  (519, 60),
  (519, 63),
  (519, 99),
  (520, 27),
  (520, 1),
  (520, 32),
  (520, 46),
  (521, 14),
  (521, 13),
  (521, 76),
  (522, 26),
  (522, 57),
  (523, 74),
  (523, 75),
  (523, 82),
  (524, 91),
  (524, 57),
  (524, 98),
  (524, 9),
  (525, 93),
  (525, 7),
  (525, 61),
  (525, 22),
  (526, 84),
  (526, 87),
  (526, 92),
  (527, 92),
  (527, 84);

INSERT INTO `Time_Treinador_Golpe` (`id_instancia`, `id_golpe`) VALUES
  (528, 89),
  (528, 61),
  (528, 78),
  (529, 16),
  (529, 64),
  (530, 49),
  (530, 9),
  (530, 90),
  (530, 31),
  (531, 1),
  (531, 51),
  (532, 101),
  (532, 96),
  (532, 106),
  (532, 29),
  (533, 95),
  (533, 83),
  (533, 5),
  (533, 32),
  (534, 26),
  (534, 103),
  (535, 5),
  (535, 60),
  (536, 52),
  (536, 31),
  (537, 100),
  (537, 87),
  (538, 72),
  (538, 82),
  (539, 53),
  (539, 34),
  (539, 6),
  (539, 20),
  (540, 3),
  (540, 62),
  (540, 97);

-- Tabela: Batalha (histórico do torneio)
INSERT INTO `Batalha` (`id_batalha`, `data_batalha`, `local_batalha`, `fase_torneio`, `id_treinador1`, `id_treinador2`, `id_vencedor`) VALUES
  (1, '2024-07-18', 'Arena de Pallet Town', 'Final', 14, 98, 14),
  (2, '2024-10-09', 'Arena de One Island', 'Fase de Grupos', 21, 79, 21),
  (3, '2024-06-22', 'Arena de Three Island', 'Final', 10, 109, NULL),
  (4, '2024-11-28', 'Arena de Cerulean City', 'Final', 80, 79, 80),
  (5, '2024-10-22', 'Arena de Viridian City', 'Fase de Grupos', 79, 38, 79),
  (6, '2024-07-24', 'Arena de Fuchsia City', 'Oitavas de Final', 24, 107, 107),
  (7, '2024-10-18', 'Arena de Three Island', 'Quartas de Final', 86, 55, 86),
  (8, '2024-06-26', 'Arena de Cinnabar Island', 'Quartas de Final', 87, 13, 87),
  (9, '2024-07-08', 'Arena de Two Island', 'Final', 36, 39, 39),
  (10, '2024-06-21', 'Arena de Cinnabar Island', 'Fase de Grupos', 74, 43, 74),
  (11, '2024-10-12', 'Arena de One Island', 'Semifinal', 15, 88, 15),
  (12, '2024-12-12', 'Arena de Cinnabar Island', 'Fase de Grupos', 53, 119, 53),
  (13, '2024-11-19', 'Arena de Pallet Town', 'Semifinal', 108, 8, 108),
  (14, '2024-08-15', 'Arena de Five Island', 'Quartas de Final', 103, 113, NULL),
  (15, '2024-08-29', 'Arena de Celadon City', 'Quartas de Final', 91, 18, 18),
  (16, '2024-11-15', 'Arena de Two Island', 'Final', 49, 13, 49),
  (17, '2024-08-10', 'Arena de Pewter City', 'Fase de Grupos', 108, 97, 97),
  (18, '2024-10-18', 'Arena de Outcast Island', 'Quartas de Final', 53, 69, 53),
  (19, '2024-08-27', 'Arena de Cinnabar Island', 'Final', 1, 99, 1),
  (20, '2024-09-17', 'Arena de Saffron City', 'Quartas de Final', 21, 14, 14),
  (21, '2024-07-12', 'Arena de Viridian City', 'Final', 9, 69, 69),
  (22, '2024-09-13', 'Arena de Three Island', 'Fase de Grupos', 7, 84, 7),
  (23, '2024-11-30', 'Arena de Lavender Town', 'Semifinal', 83, 28, 83),
  (24, '2024-11-04', 'Arena de Five Island', 'Final', 92, 16, 92),
  (25, '2024-12-10', 'Arena de One Island', 'Oitavas de Final', 88, 22, 22),
  (26, '2024-11-24', 'Arena de Viridian City', 'Quartas de Final', 44, 33, 44),
  (27, '2024-11-15', 'Arena de Cinnabar Island', 'Final', 80, 84, 80),
  (28, '2024-06-17', 'Arena de Cinnabar Island', 'Final', 9, 89, 9),
  (29, '2024-10-21', 'Arena de Fuchsia City', 'Semifinal', 2, 10, 2),
  (30, '2024-12-14', 'Arena de Five Island', 'Oitavas de Final', 83, 66, 66),
  (31, '2024-09-13', 'Arena de Vermilion City', 'Semifinal', 116, 13, 13),
  (32, '2024-08-27', 'Arena de Saffron City', 'Oitavas de Final', 94, 113, 113),
  (33, '2024-06-28', 'Arena de Viridian City', 'Quartas de Final', 4, 50, 4),
  (34, '2024-07-19', 'Arena de Cinnabar Island', 'Fase de Grupos', 86, 43, 86),
  (35, '2024-11-17', 'Arena de Lavender Town', 'Oitavas de Final', 21, 101, 101),
  (36, '2024-09-07', 'Arena de Lavender Town', 'Fase de Grupos', 6, 19, 6),
  (37, '2024-08-15', 'Arena de Celadon City', 'Quartas de Final', 73, 75, 73),
  (38, '2024-09-02', 'Arena de Six Island', 'Oitavas de Final', 110, 120, 120),
  (39, '2024-09-03', 'Arena de Outcast Island', 'Oitavas de Final', 18, 48, 48),
  (40, '2024-07-13', 'Arena de Indigo Plateau', 'Semifinal', 67, 85, 67),
  (41, '2024-07-20', 'Arena de Pewter City', 'Semifinal', 120, 98, NULL),
  (42, '2024-08-07', 'Arena de Celadon City', 'Fase de Grupos', 110, 47, 47),
  (43, '2024-07-31', 'Arena de Indigo Plateau', 'Fase de Grupos', 13, 85, 85),
  (44, '2024-09-26', 'Arena de Six Island', 'Semifinal', 61, 57, 61),
  (45, '2024-07-15', 'Arena de Pewter City', 'Semifinal', 12, 52, 52),
  (46, '2024-08-08', 'Arena de Outcast Island', 'Semifinal', 57, 8, 57),
  (47, '2024-06-19', 'Arena de Three Island', 'Oitavas de Final', 61, 31, 61),
  (48, '2024-06-29', 'Arena de Cerulean City', 'Semifinal', 62, 96, 96),
  (49, '2024-10-09', 'Arena de Saffron City', 'Oitavas de Final', 68, 8, 68),
  (50, '2024-09-26', 'Arena de Pallet Town', 'Fase de Grupos', 13, 11, 11),
  (51, '2024-07-23', 'Arena de Lavender Town', 'Quartas de Final', 104, 58, 104),
  (52, '2024-10-02', 'Arena de Lavender Town', 'Oitavas de Final', 9, 16, 16),
  (53, '2024-11-12', 'Arena de Two Island', 'Fase de Grupos', 66, 2, 66),
  (54, '2024-11-18', 'Arena de Birth Island', 'Oitavas de Final', 69, 83, 83),
  (55, '2024-12-07', 'Arena de Cerulean City', 'Quartas de Final', 84, 47, 47),
  (56, '2024-06-05', 'Arena de Birth Island', 'Semifinal', 85, 116, 85),
  (57, '2024-06-10', 'Arena de Indigo Plateau', 'Semifinal', 116, 93, 116),
  (58, '2024-10-28', 'Arena de Viridian City', 'Fase de Grupos', 18, 108, 108),
  (59, '2024-09-01', 'Arena de Two Island', 'Oitavas de Final', 52, 4, 52),
  (60, '2024-11-20', 'Arena de Viridian City', 'Final', 9, 62, 62),
  (61, '2024-07-22', 'Arena de Indigo Plateau', 'Semifinal', 116, 28, 28),
  (62, '2024-06-09', 'Arena de Four Island', 'Oitavas de Final', 35, 29, 29),
  (63, '2024-10-24', 'Arena de Outcast Island', 'Oitavas de Final', 44, 53, 44),
  (64, '2024-11-03', 'Arena de Lavender Town', 'Final', 31, 106, 31),
  (65, '2024-07-06', 'Arena de Lavender Town', 'Oitavas de Final', 59, 61, 61),
  (66, '2024-07-09', 'Arena de Pallet Town', 'Final', 72, 16, 16),
  (67, '2024-07-13', 'Arena de Pewter City', 'Semifinal', 18, 75, 18),
  (68, '2024-09-13', 'Arena de Lavender Town', 'Final', 22, 11, 11),
  (69, '2024-11-30', 'Arena de Four Island', 'Fase de Grupos', 85, 29, 29),
  (70, '2024-06-05', 'Arena de Indigo Plateau', 'Fase de Grupos', 7, 56, 7),
  (71, '2024-09-16', 'Arena de Cinnabar Island', 'Final', 37, 97, 37),
  (72, '2024-09-23', 'Arena de Pewter City', 'Semifinal', 49, 109, 49),
  (73, '2024-10-12', 'Arena de Six Island', 'Oitavas de Final', 85, 68, 68),
  (74, '2024-10-25', 'Arena de One Island', 'Oitavas de Final', 56, 10, 10),
  (75, '2024-09-14', 'Arena de Outcast Island', 'Final', 111, 89, 111),
  (76, '2024-11-07', 'Arena de Two Island', 'Oitavas de Final', 33, 87, 33),
  (77, '2024-09-22', 'Arena de Two Island', 'Quartas de Final', 87, 42, 87),
  (78, '2024-09-28', 'Arena de Saffron City', 'Oitavas de Final', 87, 98, 87),
  (79, '2024-10-17', 'Arena de Four Island', 'Semifinal', 56, 12, 56),
  (80, '2024-12-06', 'Arena de Outcast Island', 'Semifinal', 18, 116, 116),
  (81, '2024-07-27', 'Arena de Viridian City', 'Quartas de Final', 85, 64, 85),
  (82, '2024-11-05', 'Arena de Four Island', 'Fase de Grupos', 15, 5, 5),
  (83, '2024-10-26', 'Arena de Six Island', 'Quartas de Final', 61, 75, 75),
  (84, '2024-07-15', 'Arena de Two Island', 'Fase de Grupos', 45, 91, 91),
  (85, '2024-06-30', 'Arena de Indigo Plateau', 'Final', 87, 100, 100),
  (86, '2024-09-03', 'Arena de Indigo Plateau', 'Quartas de Final', 83, 27, 83),
  (87, '2024-11-18', 'Arena de Seven Island', 'Fase de Grupos', 21, 106, 106),
  (88, '2024-09-14', 'Arena de Six Island', 'Quartas de Final', 26, 115, NULL),
  (89, '2024-06-22', 'Arena de Pewter City', 'Fase de Grupos', 4, 9, 4),
  (90, '2024-06-05', 'Arena de Celadon City', 'Fase de Grupos', 23, 30, 23),
  (91, '2024-07-09', 'Arena de Two Island', 'Quartas de Final', 11, 120, 11),
  (92, '2024-09-15', 'Arena de Two Island', 'Quartas de Final', 10, 67, 67),
  (93, '2024-07-12', 'Arena de Lavender Town', 'Fase de Grupos', 43, 8, 8),
  (94, '2024-07-04', 'Arena de Saffron City', 'Quartas de Final', 9, 80, 80),
  (95, '2024-12-10', 'Arena de Pallet Town', 'Semifinal', 65, 63, 65),
  (96, '2024-08-19', 'Arena de Cinnabar Island', 'Semifinal', 50, 38, 50),
  (97, '2024-11-29', 'Arena de Five Island', 'Semifinal', 13, 9, 13),
  (98, '2024-11-17', 'Arena de Two Island', 'Final', 102, 105, 102),
  (99, '2024-07-26', 'Arena de Fuchsia City', 'Semifinal', 56, 18, NULL),
  (100, '2024-10-12', 'Arena de Six Island', 'Quartas de Final', 31, 97, 97),
  (101, '2024-06-07', 'Arena de Pewter City', 'Final', 93, 8, NULL),
  (102, '2024-11-05', 'Arena de Viridian City', 'Oitavas de Final', 38, 28, 28),
  (103, '2024-07-04', 'Arena de Vermilion City', 'Fase de Grupos', 27, 40, 40),
  (104, '2024-09-10', 'Arena de Saffron City', 'Final', 29, 60, 60),
  (105, '2024-08-20', 'Arena de Cinnabar Island', 'Quartas de Final', 93, 40, NULL),
  (106, '2024-07-15', 'Arena de Pewter City', 'Semifinal', 7, 42, 7),
  (107, '2024-11-23', 'Arena de Two Island', 'Final', 4, 26, 26),
  (108, '2024-06-18', 'Arena de Birth Island', 'Semifinal', 40, 100, NULL),
  (109, '2024-10-10', 'Arena de Pewter City', 'Semifinal', 56, 62, NULL),
  (110, '2024-12-15', 'Arena de Outcast Island', 'Final', 41, 110, 110),
  (111, '2024-11-06', 'Arena de Cerulean City', 'Fase de Grupos', 58, 100, 100),
  (112, '2024-07-05', 'Arena de Cerulean City', 'Final', 99, 59, 59),
  (113, '2024-08-16', 'Arena de Cinnabar Island', 'Quartas de Final', 17, 9, 17),
  (114, '2024-11-26', 'Arena de Fuchsia City', 'Fase de Grupos', 56, 67, 67),
  (115, '2024-10-14', 'Arena de Fuchsia City', 'Fase de Grupos', 5, 37, 5),
  (116, '2024-07-14', 'Arena de Pewter City', 'Oitavas de Final', 41, 21, 21),
  (117, '2024-09-01', 'Arena de Fuchsia City', 'Oitavas de Final', 50, 98, 98),
  (118, '2024-12-07', 'Arena de One Island', 'Semifinal', 59, 71, 71),
  (119, '2024-12-12', 'Arena de Five Island', 'Semifinal', 29, 24, 24),
  (120, '2024-12-09', 'Arena de Viridian City', 'Semifinal', 92, 26, 92),
  (121, '2024-08-03', 'Arena de Celadon City', 'Quartas de Final', 14, 112, 112),
  (122, '2024-11-05', 'Arena de Saffron City', 'Quartas de Final', 66, 61, 66),
  (123, '2024-11-22', 'Arena de Viridian City', 'Semifinal', 23, 94, 94),
  (124, '2024-10-26', 'Arena de Outcast Island', 'Fase de Grupos', 8, 106, 8),
  (125, '2024-06-10', 'Arena de Saffron City', 'Oitavas de Final', 101, 98, 101),
  (126, '2024-09-02', 'Arena de Indigo Plateau', 'Quartas de Final', 109, 41, 41),
  (127, '2024-06-29', 'Arena de Pewter City', 'Fase de Grupos', 80, 46, 46),
  (128, '2024-11-12', 'Arena de Cerulean City', 'Oitavas de Final', 117, 87, 117),
  (129, '2024-10-08', 'Arena de Saffron City', 'Semifinal', 97, 20, 20),
  (130, '2024-10-17', 'Arena de Saffron City', 'Fase de Grupos', 56, 108, 56),
  (131, '2024-12-16', 'Arena de Pallet Town', 'Final', 45, 115, 115),
  (132, '2024-09-25', 'Arena de Saffron City', 'Semifinal', 84, 117, NULL),
  (133, '2024-12-04', 'Arena de Saffron City', 'Quartas de Final', 101, 60, 101),
  (134, '2024-06-07', 'Arena de Celadon City', 'Oitavas de Final', 32, 9, 9),
  (135, '2024-12-07', 'Arena de Cerulean City', 'Oitavas de Final', 48, 10, 10),
  (136, '2024-10-01', 'Arena de One Island', 'Quartas de Final', 111, 60, 60),
  (137, '2024-08-21', 'Arena de Outcast Island', 'Quartas de Final', 82, 81, 81),
  (138, '2024-11-01', 'Arena de Seven Island', 'Final', 95, 112, 95),
  (139, '2024-11-18', 'Arena de Pewter City', 'Oitavas de Final', 9, 62, 9),
  (140, '2024-11-15', 'Arena de Seven Island', 'Fase de Grupos', 27, 47, 27),
  (141, '2024-12-01', 'Arena de Pallet Town', 'Semifinal', 60, 76, 60),
  (142, '2024-06-26', 'Arena de Pewter City', 'Final', 12, 24, 24),
  (143, '2024-07-11', 'Arena de One Island', 'Fase de Grupos', 103, 8, 8),
  (144, '2024-08-24', 'Arena de Three Island', 'Oitavas de Final', 120, 54, 54),
  (145, '2024-11-19', 'Arena de Pallet Town', 'Final', 63, 70, 63),
  (146, '2024-07-17', 'Arena de Celadon City', 'Final', 49, 107, 49),
  (147, '2024-06-14', 'Arena de Cerulean City', 'Oitavas de Final', 113, 98, 98),
  (148, '2024-10-09', 'Arena de Five Island', 'Oitavas de Final', 65, 3, 65),
  (149, '2024-06-08', 'Arena de Four Island', 'Oitavas de Final', 72, 28, 28),
  (150, '2024-07-30', 'Arena de Four Island', 'Oitavas de Final', 78, 89, 89),
  (151, '2024-12-16', 'Arena de Celadon City', 'Quartas de Final', 66, 81, 66),
  (152, '2024-10-16', 'Arena de Lavender Town', 'Oitavas de Final', 116, 92, 116),
  (153, '2024-07-22', 'Arena de Seven Island', 'Fase de Grupos', 67, 106, 67),
  (154, '2024-08-09', 'Arena de Four Island', 'Final', 96, 60, 96),
  (155, '2024-06-23', 'Arena de Cinnabar Island', 'Final', 7, 63, 63),
  (156, '2024-07-14', 'Arena de Viridian City', 'Final', 87, 54, 54),
  (157, '2024-07-21', 'Arena de Pewter City', 'Oitavas de Final', 44, 53, 44),
  (158, '2024-08-17', 'Arena de Indigo Plateau', 'Oitavas de Final', 112, 53, 53),
  (159, '2024-07-20', 'Arena de Seven Island', 'Quartas de Final', 82, 28, 82),
  (160, '2024-10-01', 'Arena de Five Island', 'Final', 16, 65, 65);

SET FOREIGN_KEY_CHECKS = 1;
