-- =====================================================================
-- TORNEIO POKÉMON - Artefato 3: População do Banco de Dados
-- Gerado automaticamente por gerar_popular.py
-- Fonte dos dados de Pokémon/Golpes: PokeAPI (https://pokeapi.co/api/v2/)
-- Pokemon: 151 | Golpe: 110 | Treinador: 120 | Time_Treinador: 539 | Time_Treinador_Golpe: 1615 | Batalha: 160
-- =====================================================================
USE pokemon_torneio;
SET FOREIGN_KEY_CHECKS = 0;

-- Tabela: Pokemon (catálogo de espécies)
INSERT INTO `Pokemon` (`id_especie`, `nome_especie`, `tipo_base`, `tipo_secundario`, `hp_base`, `ataque_base`, `defesa_base`, `velocidade_base`, `evolui_para_id`) VALUES
  (1, 'Bulbasaur', 'Grass', 'Poison', 45, 49, 49, 45, 2),
  (2, 'Ivysaur', 'Grass', 'Poison', 60, 62, 63, 60, 3),
  (3, 'Venusaur', 'Grass', 'Poison', 80, 82, 83, 80, NULL),
  (4, 'Charmander', 'Fire', NULL, 39, 52, 43, 65, 5),
  (5, 'Charmeleon', 'Fire', NULL, 58, 64, 58, 80, 6),
  (6, 'Charizard', 'Fire', 'Flying', 78, 84, 78, 100, NULL),
  (7, 'Squirtle', 'Water', NULL, 44, 48, 65, 43, 8),
  (8, 'Wartortle', 'Water', NULL, 59, 63, 80, 58, 9),
  (9, 'Blastoise', 'Water', NULL, 79, 83, 100, 78, NULL),
  (10, 'Caterpie', 'Bug', NULL, 45, 30, 35, 45, 11),
  (11, 'Metapod', 'Bug', NULL, 50, 20, 55, 30, 12),
  (12, 'Butterfree', 'Bug', 'Flying', 60, 45, 50, 70, NULL),
  (13, 'Weedle', 'Bug', 'Poison', 40, 35, 30, 50, 14),
  (14, 'Kakuna', 'Bug', 'Poison', 45, 25, 50, 35, 15),
  (15, 'Beedrill', 'Bug', 'Poison', 65, 90, 40, 75, NULL),
  (16, 'Pidgey', 'Normal', 'Flying', 40, 45, 40, 56, 17),
  (17, 'Pidgeotto', 'Normal', 'Flying', 63, 60, 55, 71, 18),
  (18, 'Pidgeot', 'Normal', 'Flying', 83, 80, 75, 101, NULL),
  (19, 'Rattata', 'Normal', NULL, 30, 56, 35, 72, 20),
  (20, 'Raticate', 'Normal', NULL, 55, 81, 60, 97, NULL),
  (21, 'Spearow', 'Normal', 'Flying', 40, 60, 30, 70, 22),
  (22, 'Fearow', 'Normal', 'Flying', 65, 90, 65, 100, NULL),
  (23, 'Ekans', 'Poison', NULL, 35, 60, 44, 55, 24),
  (24, 'Arbok', 'Poison', NULL, 60, 95, 69, 80, NULL),
  (25, 'Pikachu', 'Electric', NULL, 35, 55, 40, 90, 26),
  (26, 'Raichu', 'Electric', NULL, 60, 90, 55, 110, NULL),
  (27, 'Sandshrew', 'Ground', NULL, 50, 75, 85, 40, 28),
  (28, 'Sandslash', 'Ground', NULL, 75, 100, 110, 65, NULL),
  (29, 'Nidoran-f', 'Poison', NULL, 55, 47, 52, 41, 30),
  (30, 'Nidorina', 'Poison', NULL, 70, 62, 67, 56, 31),
  (31, 'Nidoqueen', 'Poison', 'Ground', 90, 92, 87, 76, NULL),
  (32, 'Nidoran-m', 'Poison', NULL, 46, 57, 40, 50, 33),
  (33, 'Nidorino', 'Poison', NULL, 61, 72, 57, 65, 34),
  (34, 'Nidoking', 'Poison', 'Ground', 81, 102, 77, 85, NULL),
  (35, 'Clefairy', 'Fairy', NULL, 70, 45, 48, 35, 36),
  (36, 'Clefable', 'Fairy', NULL, 95, 70, 73, 60, NULL),
  (37, 'Vulpix', 'Fire', NULL, 38, 41, 40, 65, 38),
  (38, 'Ninetales', 'Fire', NULL, 73, 76, 75, 100, NULL),
  (39, 'Jigglypuff', 'Normal', 'Fairy', 115, 45, 20, 20, 40),
  (40, 'Wigglytuff', 'Normal', 'Fairy', 140, 70, 45, 45, NULL),
  (41, 'Zubat', 'Poison', 'Flying', 40, 45, 35, 55, 42),
  (42, 'Golbat', 'Poison', 'Flying', 75, 80, 70, 90, 169),
  (43, 'Oddish', 'Grass', 'Poison', 45, 50, 55, 30, 44),
  (44, 'Gloom', 'Grass', 'Poison', 60, 65, 70, 40, 45),
  (45, 'Vileplume', 'Grass', 'Poison', 75, 80, 85, 50, NULL),
  (46, 'Paras', 'Bug', 'Grass', 35, 70, 55, 25, 47),
  (47, 'Parasect', 'Bug', 'Grass', 60, 95, 80, 30, NULL),
  (48, 'Venonat', 'Bug', 'Poison', 60, 55, 50, 45, 49),
  (49, 'Venomoth', 'Bug', 'Poison', 70, 65, 60, 90, NULL),
  (50, 'Diglett', 'Ground', NULL, 10, 55, 25, 95, 51),
  (51, 'Dugtrio', 'Ground', NULL, 35, 100, 50, 120, NULL),
  (52, 'Meowth', 'Normal', NULL, 40, 45, 35, 90, 53),
  (53, 'Persian', 'Normal', NULL, 65, 70, 60, 115, NULL),
  (54, 'Psyduck', 'Water', NULL, 50, 52, 48, 55, 55),
  (55, 'Golduck', 'Water', NULL, 80, 82, 78, 85, NULL),
  (56, 'Mankey', 'Fighting', NULL, 40, 80, 35, 70, 57),
  (57, 'Primeape', 'Fighting', NULL, 65, 105, 60, 95, 979),
  (58, 'Growlithe', 'Fire', NULL, 55, 70, 45, 60, 59),
  (59, 'Arcanine', 'Fire', NULL, 90, 110, 80, 95, NULL),
  (60, 'Poliwag', 'Water', NULL, 40, 50, 40, 90, 61),
  (61, 'Poliwhirl', 'Water', NULL, 65, 65, 65, 90, 62),
  (62, 'Poliwrath', 'Water', 'Fighting', 90, 95, 95, 70, NULL),
  (63, 'Abra', 'Psychic', NULL, 25, 20, 15, 90, 64),
  (64, 'Kadabra', 'Psychic', NULL, 40, 35, 30, 105, 65),
  (65, 'Alakazam', 'Psychic', NULL, 55, 50, 45, 120, NULL),
  (66, 'Machop', 'Fighting', NULL, 70, 80, 50, 35, 67),
  (67, 'Machoke', 'Fighting', NULL, 80, 100, 70, 45, 68),
  (68, 'Machamp', 'Fighting', NULL, 90, 130, 80, 55, NULL),
  (69, 'Bellsprout', 'Grass', 'Poison', 50, 75, 35, 40, 70),
  (70, 'Weepinbell', 'Grass', 'Poison', 65, 90, 50, 55, 71),
  (71, 'Victreebel', 'Grass', 'Poison', 80, 105, 65, 70, NULL),
  (72, 'Tentacool', 'Water', 'Poison', 40, 40, 35, 70, 73),
  (73, 'Tentacruel', 'Water', 'Poison', 80, 70, 65, 100, NULL),
  (74, 'Geodude', 'Rock', 'Ground', 40, 80, 100, 20, 75),
  (75, 'Graveler', 'Rock', 'Ground', 55, 95, 115, 35, 76),
  (76, 'Golem', 'Rock', 'Ground', 80, 120, 130, 45, NULL),
  (77, 'Ponyta', 'Fire', NULL, 50, 85, 55, 90, 78),
  (78, 'Rapidash', 'Fire', NULL, 65, 100, 70, 105, NULL),
  (79, 'Slowpoke', 'Water', 'Psychic', 90, 65, 65, 15, 80),
  (80, 'Slowbro', 'Water', 'Psychic', 95, 75, 110, 30, NULL),
  (81, 'Magnemite', 'Electric', 'Steel', 25, 35, 70, 45, 82),
  (82, 'Magneton', 'Electric', 'Steel', 50, 60, 95, 70, 462),
  (83, 'Farfetchd', 'Normal', 'Flying', 52, 90, 55, 60, 865),
  (84, 'Doduo', 'Normal', 'Flying', 35, 85, 45, 75, 85),
  (85, 'Dodrio', 'Normal', 'Flying', 60, 110, 70, 110, NULL),
  (86, 'Seel', 'Water', NULL, 65, 45, 55, 45, 87),
  (87, 'Dewgong', 'Water', 'Ice', 90, 70, 80, 70, NULL),
  (88, 'Grimer', 'Poison', NULL, 80, 80, 50, 25, 89),
  (89, 'Muk', 'Poison', NULL, 105, 105, 75, 50, NULL),
  (90, 'Shellder', 'Water', NULL, 30, 65, 100, 40, 91),
  (91, 'Cloyster', 'Water', 'Ice', 50, 95, 180, 70, NULL),
  (92, 'Gastly', 'Ghost', 'Poison', 30, 35, 30, 80, 93),
  (93, 'Haunter', 'Ghost', 'Poison', 45, 50, 45, 95, 94),
  (94, 'Gengar', 'Ghost', 'Poison', 60, 65, 60, 110, NULL),
  (95, 'Onix', 'Rock', 'Ground', 35, 45, 160, 70, 208),
  (96, 'Drowzee', 'Psychic', NULL, 60, 48, 45, 42, 97),
  (97, 'Hypno', 'Psychic', NULL, 85, 73, 70, 67, NULL),
  (98, 'Krabby', 'Water', NULL, 30, 105, 90, 50, 99),
  (99, 'Kingler', 'Water', NULL, 55, 130, 115, 75, NULL),
  (100, 'Voltorb', 'Electric', NULL, 40, 30, 50, 100, 101),
  (101, 'Electrode', 'Electric', NULL, 60, 50, 70, 150, NULL),
  (102, 'Exeggcute', 'Grass', 'Psychic', 60, 40, 80, 40, 103),
  (103, 'Exeggutor', 'Grass', 'Psychic', 95, 95, 85, 55, NULL),
  (104, 'Cubone', 'Ground', NULL, 50, 50, 95, 35, 105),
  (105, 'Marowak', 'Ground', NULL, 60, 80, 110, 45, NULL),
  (106, 'Hitmonlee', 'Fighting', NULL, 50, 120, 53, 87, NULL),
  (107, 'Hitmonchan', 'Fighting', NULL, 50, 105, 79, 76, NULL),
  (108, 'Lickitung', 'Normal', NULL, 90, 55, 75, 30, 463),
  (109, 'Koffing', 'Poison', NULL, 40, 65, 95, 35, 110),
  (110, 'Weezing', 'Poison', NULL, 65, 90, 120, 60, NULL),
  (111, 'Rhyhorn', 'Ground', 'Rock', 80, 85, 95, 25, 112),
  (112, 'Rhydon', 'Ground', 'Rock', 105, 130, 120, 40, 464),
  (113, 'Chansey', 'Normal', NULL, 250, 5, 5, 50, 242),
  (114, 'Tangela', 'Grass', NULL, 65, 55, 115, 60, 465),
  (115, 'Kangaskhan', 'Normal', NULL, 105, 95, 80, 90, NULL),
  (116, 'Horsea', 'Water', NULL, 30, 40, 70, 60, 117),
  (117, 'Seadra', 'Water', NULL, 55, 65, 95, 85, 230),
  (118, 'Goldeen', 'Water', NULL, 45, 67, 60, 63, 119),
  (119, 'Seaking', 'Water', NULL, 80, 92, 65, 68, NULL),
  (120, 'Staryu', 'Water', NULL, 30, 45, 55, 85, 121),
  (121, 'Starmie', 'Water', 'Psychic', 60, 75, 85, 115, NULL),
  (122, 'Mr-mime', 'Psychic', 'Fairy', 40, 45, 65, 90, 866),
  (123, 'Scyther', 'Bug', 'Flying', 70, 110, 80, 105, 212),
  (124, 'Jynx', 'Ice', 'Psychic', 65, 50, 35, 95, NULL),
  (125, 'Electabuzz', 'Electric', NULL, 65, 83, 57, 105, 466),
  (126, 'Magmar', 'Fire', NULL, 65, 95, 57, 93, 467),
  (127, 'Pinsir', 'Bug', NULL, 65, 125, 100, 85, NULL),
  (128, 'Tauros', 'Normal', NULL, 75, 100, 95, 110, NULL),
  (129, 'Magikarp', 'Water', NULL, 20, 10, 55, 80, 130),
  (130, 'Gyarados', 'Water', 'Flying', 95, 125, 79, 81, NULL),
  (131, 'Lapras', 'Water', 'Ice', 130, 85, 80, 60, NULL),
  (132, 'Ditto', 'Normal', NULL, 48, 48, 48, 48, NULL),
  (133, 'Eevee', 'Normal', NULL, 55, 55, 50, 55, 134),
  (134, 'Vaporeon', 'Water', NULL, 130, 65, 60, 65, NULL),
  (135, 'Jolteon', 'Electric', NULL, 65, 65, 60, 130, NULL),
  (136, 'Flareon', 'Fire', NULL, 65, 130, 60, 65, NULL),
  (137, 'Porygon', 'Normal', NULL, 65, 60, 70, 40, 233),
  (138, 'Omanyte', 'Rock', 'Water', 35, 40, 100, 35, 139),
  (139, 'Omastar', 'Rock', 'Water', 70, 60, 125, 55, NULL),
  (140, 'Kabuto', 'Rock', 'Water', 30, 80, 90, 55, 141),
  (141, 'Kabutops', 'Rock', 'Water', 60, 115, 105, 80, NULL),
  (142, 'Aerodactyl', 'Rock', 'Flying', 80, 105, 65, 130, NULL),
  (143, 'Snorlax', 'Normal', NULL, 160, 110, 65, 30, NULL),
  (144, 'Articuno', 'Ice', 'Flying', 90, 85, 100, 85, NULL),
  (145, 'Zapdos', 'Electric', 'Flying', 90, 90, 85, 100, NULL),
  (146, 'Moltres', 'Fire', 'Flying', 90, 100, 90, 90, NULL),
  (147, 'Dratini', 'Dragon', NULL, 41, 64, 45, 50, 148),
  (148, 'Dragonair', 'Dragon', NULL, 61, 84, 65, 70, 149),
  (149, 'Dragonite', 'Dragon', 'Flying', 91, 134, 95, 80, NULL),
  (150, 'Mewtwo', 'Psychic', NULL, 106, 110, 90, 130, NULL),
  (151, 'Mew', 'Psychic', NULL, 100, 100, 100, 100, NULL);

-- Tabela: Golpe (catálogo de habilidades)
INSERT INTO `Golpe` (`id_golpe`, `nome`, `tipo`, `categoria`, `poder`, `precisao`, `pp_maximo`) VALUES
  (1, 'Pound', 'Normal', 'Fisico', 40, 100, 35),
  (2, 'Karate Chop', 'Fighting', 'Fisico', 50, 100, 25),
  (3, 'Double Slap', 'Normal', 'Fisico', 15, 85, 10),
  (4, 'Comet Punch', 'Normal', 'Fisico', 18, 85, 15),
  (5, 'Mega Punch', 'Normal', 'Fisico', 80, 85, 20),
  (6, 'Pay Day', 'Normal', 'Fisico', 40, 100, 20),
  (7, 'Fire Punch', 'Fire', 'Fisico', 75, 100, 15),
  (8, 'Ice Punch', 'Ice', 'Fisico', 75, 100, 15),
  (9, 'Thunder Punch', 'Electric', 'Fisico', 75, 100, 15),
  (10, 'Scratch', 'Normal', 'Fisico', 40, 100, 35),
  (11, 'Vice Grip', 'Normal', 'Fisico', 55, 100, 30),
  (12, 'Guillotine', 'Normal', 'Fisico', NULL, 30, 5),
  (13, 'Razor Wind', 'Normal', 'Especial', 80, 100, 10),
  (14, 'Swords Dance', 'Normal', 'Status', NULL, NULL, 20),
  (15, 'Cut', 'Normal', 'Fisico', 50, 95, 30),
  (16, 'Gust', 'Flying', 'Especial', 40, 100, 35),
  (17, 'Wing Attack', 'Flying', 'Fisico', 60, 100, 35),
  (18, 'Whirlwind', 'Normal', 'Status', NULL, NULL, 20),
  (19, 'Fly', 'Flying', 'Fisico', 90, 95, 15),
  (20, 'Bind', 'Normal', 'Fisico', 15, 85, 20),
  (21, 'Slam', 'Normal', 'Fisico', 80, 75, 20),
  (22, 'Vine Whip', 'Grass', 'Fisico', 45, 100, 25),
  (23, 'Stomp', 'Normal', 'Fisico', 65, 100, 20),
  (24, 'Double Kick', 'Fighting', 'Fisico', 30, 100, 30),
  (25, 'Mega Kick', 'Normal', 'Fisico', 120, 75, 5),
  (26, 'Jump Kick', 'Fighting', 'Fisico', 100, 95, 10),
  (27, 'Rolling Kick', 'Fighting', 'Fisico', 60, 85, 15),
  (28, 'Sand Attack', 'Ground', 'Status', NULL, 100, 15),
  (29, 'Headbutt', 'Normal', 'Fisico', 70, 100, 15),
  (30, 'Horn Attack', 'Normal', 'Fisico', 65, 100, 25),
  (31, 'Fury Attack', 'Normal', 'Fisico', 15, 85, 20),
  (32, 'Horn Drill', 'Normal', 'Fisico', NULL, 30, 5),
  (33, 'Tackle', 'Normal', 'Fisico', 40, 100, 35),
  (34, 'Body Slam', 'Normal', 'Fisico', 85, 100, 15),
  (35, 'Wrap', 'Normal', 'Fisico', 15, 90, 20),
  (36, 'Take Down', 'Normal', 'Fisico', 90, 85, 20),
  (37, 'Thrash', 'Normal', 'Fisico', 120, 100, 10),
  (38, 'Double Edge', 'Normal', 'Fisico', 120, 100, 15),
  (39, 'Tail Whip', 'Normal', 'Status', NULL, 100, 30),
  (40, 'Poison Sting', 'Poison', 'Fisico', 15, 100, 35),
  (41, 'Twineedle', 'Bug', 'Fisico', 25, 100, 20),
  (42, 'Pin Missile', 'Bug', 'Fisico', 25, 95, 20),
  (43, 'Leer', 'Normal', 'Status', NULL, 100, 30),
  (44, 'Bite', 'Dark', 'Fisico', 60, 100, 25),
  (45, 'Growl', 'Normal', 'Status', NULL, 100, 40),
  (46, 'Roar', 'Normal', 'Status', NULL, NULL, 20),
  (47, 'Sing', 'Normal', 'Status', NULL, 55, 15),
  (48, 'Supersonic', 'Normal', 'Status', NULL, 55, 20),
  (49, 'Sonic Boom', 'Normal', 'Especial', NULL, 90, 20),
  (50, 'Disable', 'Normal', 'Status', NULL, 100, 20),
  (51, 'Acid', 'Poison', 'Especial', 40, 100, 30),
  (52, 'Ember', 'Fire', 'Especial', 40, 100, 25),
  (53, 'Flamethrower', 'Fire', 'Especial', 90, 100, 15),
  (54, 'Mist', 'Ice', 'Status', NULL, NULL, 30),
  (55, 'Water Gun', 'Water', 'Especial', 40, 100, 25),
  (56, 'Hydro Pump', 'Water', 'Especial', 110, 80, 5),
  (57, 'Surf', 'Water', 'Especial', 90, 100, 15),
  (58, 'Ice Beam', 'Ice', 'Especial', 90, 100, 10),
  (59, 'Blizzard', 'Ice', 'Especial', 110, 70, 5),
  (60, 'Psybeam', 'Psychic', 'Especial', 65, 100, 20),
  (61, 'Bubble Beam', 'Water', 'Especial', 65, 100, 20),
  (62, 'Aurora Beam', 'Ice', 'Especial', 65, 100, 20),
  (63, 'Hyper Beam', 'Normal', 'Especial', 150, 90, 5),
  (64, 'Peck', 'Flying', 'Fisico', 35, 100, 35),
  (65, 'Drill Peck', 'Flying', 'Fisico', 80, 100, 20),
  (66, 'Submission', 'Fighting', 'Fisico', 80, 80, 20),
  (67, 'Low Kick', 'Fighting', 'Fisico', NULL, 100, 20),
  (68, 'Counter', 'Fighting', 'Fisico', NULL, 100, 20),
  (69, 'Seismic Toss', 'Fighting', 'Fisico', NULL, 100, 20),
  (70, 'Strength', 'Normal', 'Fisico', 80, 100, 15),
  (71, 'Absorb', 'Grass', 'Especial', 20, 100, 25),
  (72, 'Mega Drain', 'Grass', 'Especial', 40, 100, 15),
  (73, 'Leech Seed', 'Grass', 'Status', NULL, 90, 10),
  (74, 'Growth', 'Normal', 'Status', NULL, NULL, 20),
  (75, 'Razor Leaf', 'Grass', 'Fisico', 55, 95, 25),
  (76, 'Solar Beam', 'Grass', 'Especial', 120, 100, 10),
  (77, 'Poison Powder', 'Poison', 'Status', NULL, 75, 35),
  (78, 'Stun Spore', 'Grass', 'Status', NULL, 75, 30),
  (79, 'Sleep Powder', 'Grass', 'Status', NULL, 75, 15),
  (80, 'Petal Dance', 'Grass', 'Especial', 120, 100, 10),
  (81, 'String Shot', 'Bug', 'Status', NULL, 95, 40),
  (82, 'Dragon Rage', 'Dragon', 'Especial', NULL, 100, 10),
  (83, 'Fire Spin', 'Fire', 'Especial', 35, 85, 15),
  (84, 'Thunder Shock', 'Electric', 'Especial', 40, 100, 30),
  (85, 'Thunderbolt', 'Electric', 'Especial', 90, 100, 15),
  (86, 'Thunder Wave', 'Electric', 'Status', NULL, 90, 20),
  (87, 'Thunder', 'Electric', 'Especial', 110, 70, 10),
  (88, 'Rock Throw', 'Rock', 'Fisico', 50, 90, 15),
  (89, 'Earthquake', 'Ground', 'Fisico', 100, 100, 10),
  (90, 'Fissure', 'Ground', 'Fisico', NULL, 30, 5),
  (91, 'Dig', 'Ground', 'Fisico', 80, 100, 10),
  (92, 'Toxic', 'Poison', 'Status', NULL, 90, 10),
  (93, 'Confusion', 'Psychic', 'Especial', 50, 100, 25),
  (94, 'Psychic', 'Psychic', 'Especial', 90, 100, 10),
  (95, 'Hypnosis', 'Psychic', 'Status', NULL, 60, 20),
  (96, 'Meditate', 'Psychic', 'Status', NULL, NULL, 40),
  (97, 'Agility', 'Psychic', 'Status', NULL, NULL, 30),
  (98, 'Quick Attack', 'Normal', 'Fisico', 40, 100, 30),
  (99, 'Rage', 'Normal', 'Fisico', 20, 100, 20),
  (100, 'Teleport', 'Psychic', 'Status', NULL, NULL, 20),
  (101, 'Night Shade', 'Ghost', 'Especial', NULL, 100, 15),
  (102, 'Mimic', 'Normal', 'Status', NULL, NULL, 10),
  (103, 'Screech', 'Normal', 'Status', NULL, 85, 40),
  (104, 'Double Team', 'Normal', 'Status', NULL, NULL, 15),
  (105, 'Recover', 'Normal', 'Status', NULL, NULL, 5),
  (106, 'Harden', 'Normal', 'Status', NULL, NULL, 30),
  (107, 'Minimize', 'Normal', 'Status', NULL, NULL, 10),
  (108, 'Smokescreen', 'Normal', 'Status', NULL, 100, 20),
  (109, 'Confuse Ray', 'Ghost', 'Status', NULL, 100, 10),
  (110, 'Withdraw', 'Water', 'Status', NULL, NULL, 40);

-- Tabela: Treinador
INSERT INTO `Treinador` (`id_treinador`, `nome`, `cidade`, `data_inscricao`, `pontos_ranking`) VALUES
  (1, 'Elena Almeida', 'Várzea Grande', '2024-06-14', 4),
  (2, 'Rafael Souza', 'Lucas do Rio Verde', '2025-02-24', 37),
  (3, 'Quésia Pereira', 'Várzea Grande', '2024-01-30', 5),
  (4, 'Nicolas Souza', 'Sorriso', '2024-08-10', 5),
  (5, 'Nicolas Silva', 'Goiânia', '2024-10-09', 7),
  (6, 'Hugo Fernandes', 'Goiânia', '2025-04-30', 3),
  (7, 'Sofia Almeida', 'Várzea Grande', '2024-10-22', 14),
  (8, 'Rafael Martins', 'Tangará da Serra', '2024-01-24', 18),
  (9, 'Elena Lima', 'Sinop', '2024-08-02', 36),
  (10, 'Rafael Martins', 'Cáceres', '2024-06-06', 6),
  (11, 'Sofia Fernandes', 'Campo Verde', '2024-10-24', 23),
  (12, 'Rafael Carvalho', 'Rondonópolis', '2024-02-19', 36),
  (13, 'Tiago Pereira', 'São Paulo', '2024-01-31', 43),
  (14, 'Nicolas Gomes', 'Cuiabá', '2024-09-29', 29),
  (15, 'Otávio Rodrigues', 'Barra do Garças', '2024-10-26', 15),
  (16, 'Felipe Carvalho', 'Sorriso', '2025-02-10', 5),
  (17, 'João Lima', 'São Paulo', '2024-10-21', 21),
  (18, 'Otávio Costa', 'Brasília', '2025-01-08', 4),
  (19, 'Quésia Almeida', 'Cáceres', '2024-03-01', 48),
  (20, 'Elena Nascimento', 'Pontes e Lacerda', '2024-06-24', 2),
  (21, 'Vitor Souza', 'Curitiba', '2025-05-07', 36),
  (22, 'Karina Rodrigues', 'Lucas do Rio Verde', '2025-02-08', 38),
  (23, 'Sofia Gomes', 'Juína', '2024-09-11', 4),
  (24, 'Carla Costa', 'São Paulo', '2025-03-06', 44),
  (25, 'Carla Silva', 'Barra do Garças', '2024-12-06', 41),
  (26, 'Vitor Martins', 'Juína', '2024-10-22', 18),
  (27, 'Mariana Fernandes', 'Lucas do Rio Verde', '2025-01-01', 1),
  (28, 'Otávio Rodrigues', 'Cáceres', '2025-04-26', 39),
  (29, 'Paula Silva', 'Campo Verde', '2024-02-29', 49),
  (30, 'Elena Carvalho', 'Sorriso', '2024-05-27', 25),
  (31, 'Paula Souza', 'Cáceres', '2024-07-19', 28),
  (32, 'Rafael Costa', 'Tangará da Serra', '2024-07-24', 27),
  (33, 'Rafael Costa', 'Pontes e Lacerda', '2025-03-18', 22),
  (34, 'Mariana Pereira', 'Tangará da Serra', '2024-12-15', 5),
  (35, 'Elena Pereira', 'Sorriso', '2024-03-31', 0),
  (36, 'Sofia Oliveira', 'Primavera do Leste', '2024-09-05', 18),
  (37, 'Elena Almeida', 'Curitiba', '2024-01-03', 23),
  (38, 'Sofia Rodrigues', 'Tangará da Serra', '2024-11-08', 44),
  (39, 'Quésia Araújo', 'Várzea Grande', '2025-03-15', 29),
  (40, 'Vitor Gomes', 'Curitiba', '2025-04-05', 25),
  (41, 'Mariana Almeida', 'Sinop', '2024-07-22', 30),
  (42, 'Mariana Silva', 'Campo Verde', '2024-11-20', 4),
  (43, 'Otávio Oliveira', 'Sinop', '2024-04-16', 21),
  (44, 'Bruno Souza', 'Cuiabá', '2024-11-03', 36),
  (45, 'Rafael Souza', 'Lucas do Rio Verde', '2024-03-18', 39),
  (46, 'Carla Martins', 'Campo Verde', '2024-01-14', 39),
  (47, 'Elena Fernandes', 'Primavera do Leste', '2024-07-11', 22),
  (48, 'Lucas Nascimento', 'Sinop', '2024-11-04', 7),
  (49, 'Paula Nascimento', 'São Paulo', '2025-03-10', 30),
  (50, 'Carla Oliveira', 'Sinop', '2024-06-08', 47),
  (51, 'Yasmin Costa', 'São Paulo', '2024-06-24', 44),
  (52, 'Quésia Silva', 'Campo Verde', '2024-03-23', 33),
  (53, 'Elena Carvalho', 'Curitiba', '2024-07-04', 1),
  (54, 'Quésia Costa', 'Rondonópolis', '2025-01-23', 44),
  (55, 'Iris Lima', 'Lucas do Rio Verde', '2025-03-08', 10),
  (56, 'Hugo Lima', 'Curitiba', '2024-07-01', 49),
  (57, 'Karina Fernandes', 'Sorriso', '2024-09-14', 39),
  (58, 'Gabriela Gomes', 'Sorriso', '2025-02-19', 25),
  (59, 'Hugo Pereira', 'Campinas', '2025-01-13', 31),
  (60, 'Yasmin Silva', 'Cuiabá', '2024-07-01', 50),
  (61, 'Paula Costa', 'Campo Verde', '2024-05-23', 44),
  (62, 'Lucas Nascimento', 'Lucas do Rio Verde', '2024-11-05', 23),
  (63, 'Hugo Souza', 'Sorriso', '2024-02-11', 30),
  (64, 'Karina Pereira', 'São Paulo', '2024-04-10', 39),
  (65, 'Tiago Martins', 'Cuiabá', '2025-04-05', 30),
  (66, 'Ursula Rodrigues', 'Rondonópolis', '2025-04-10', 42),
  (67, 'Mariana Gomes', 'Campo Verde', '2024-03-02', 30),
  (68, 'Felipe Almeida', 'Cuiabá', '2025-03-31', 5),
  (69, 'Yasmin Almeida', 'Juína', '2025-02-14', 25),
  (70, 'Carla Carvalho', 'Cáceres', '2025-01-15', 10),
  (71, 'Ana Oliveira', 'Goiânia', '2024-03-06', 29),
  (72, 'Ursula Oliveira', 'Brasília', '2025-02-16', 38),
  (73, 'Vitor Rodrigues', 'Tangará da Serra', '2024-08-30', 35),
  (74, 'Elena Silva', 'Cuiabá', '2024-10-07', 46),
  (75, 'Diego Lima', 'Tangará da Serra', '2024-11-28', 27),
  (76, 'Gabriela Martins', 'Campo Verde', '2025-03-22', 1),
  (77, 'Gabriela Costa', 'Campinas', '2024-05-08', 15),
  (78, 'Sofia Rodrigues', 'Primavera do Leste', '2025-01-26', 34),
  (79, 'Elena Silva', 'Lucas do Rio Verde', '2024-08-02', 29),
  (80, 'Sofia Martins', 'Campinas', '2024-12-05', 26),
  (81, 'Quésia Oliveira', 'Curitiba', '2025-02-27', 9),
  (82, 'Quésia Silva', 'Juína', '2024-09-25', 49),
  (83, 'Tiago Silva', 'Tangará da Serra', '2024-04-03', 11),
  (84, 'Paula Araújo', 'Sinop', '2024-03-13', 35),
  (85, 'Karina Fernandes', 'Campinas', '2024-02-01', 33),
  (86, 'Paula Gomes', 'Sinop', '2024-10-11', 35),
  (87, 'Hugo Pereira', 'Primavera do Leste', '2024-01-30', 2),
  (88, 'Diego Lima', 'Juína', '2025-01-30', 35),
  (89, 'Carla Nascimento', 'Cuiabá', '2024-01-15', 39),
  (90, 'Quésia Araújo', 'Campinas', '2025-05-13', 12),
  (91, 'Iris Nascimento', 'Campinas', '2024-12-20', 34),
  (92, 'Paula Lima', 'Sorriso', '2025-02-17', 44),
  (93, 'Iris Lima', 'Campo Verde', '2024-09-24', 28),
  (94, 'Nicolas Souza', 'Nova Mutum', '2024-03-11', 28),
  (95, 'Carla Fernandes', 'Sorriso', '2024-06-10', 27),
  (96, 'Gabriela Fernandes', 'Barra do Garças', '2024-02-07', 50),
  (97, 'Elena Carvalho', 'Lucas do Rio Verde', '2024-03-03', 9),
  (98, 'Elena Nascimento', 'Sorriso', '2024-05-09', 47),
  (99, 'Diego Almeida', 'São Paulo', '2025-05-02', 10),
  (100, 'Hugo Oliveira', 'Pontes e Lacerda', '2024-12-07', 32),
  (101, 'Karina Almeida', 'Campo Verde', '2024-07-25', 22),
  (102, 'Carla Carvalho', 'Lucas do Rio Verde', '2024-06-12', 1),
  (103, 'Rafael Nascimento', 'Juína', '2024-06-22', 45),
  (104, 'Mariana Rodrigues', 'Campinas', '2024-01-10', 39),
  (105, 'Quésia Souza', 'Sinop', '2024-05-31', 50),
  (106, 'Diego Souza', 'Primavera do Leste', '2024-04-27', 17),
  (107, 'Felipe Costa', 'Tangará da Serra', '2024-01-21', 27),
  (108, 'Vitor Martins', 'Primavera do Leste', '2025-03-10', 25),
  (109, 'Rafael Lima', 'Goiânia', '2024-03-17', 31),
  (110, 'Karina Souza', 'Primavera do Leste', '2024-12-24', 3),
  (111, 'Wesley Oliveira', 'Pontes e Lacerda', '2025-02-13', 4),
  (112, 'Ana Fernandes', 'Rondonópolis', '2024-05-17', 16),
  (113, 'Tiago Martins', 'Sorriso', '2024-02-12', 4),
  (114, 'Diego Nascimento', 'Cuiabá', '2024-05-15', 21),
  (115, 'Nicolas Costa', 'Brasília', '2024-10-10', 8),
  (116, 'Quésia Carvalho', 'Sorriso', '2024-01-23', 7),
  (117, 'Felipe Costa', 'Várzea Grande', '2025-05-11', 11),
  (118, 'João Fernandes', 'Barra do Garças', '2024-04-13', 33),
  (119, 'Gabriela Costa', 'Juína', '2025-01-23', 32),
  (120, 'Felipe Costa', 'Lucas do Rio Verde', '2024-12-10', 1);

-- Tabela: Time_Treinador (instâncias de Pokémon capturados)
INSERT INTO `Time_Treinador` (`id_instancia`, `apelido`, `nivel`, `experiencia`, `data_captura`, `id_treinador`, `id_especie`) VALUES
  (1, 'CaterpieJr', 65, 2012, '2025-05-15', 1, 10),
  (2, 'CharmanderJr', 60, 4055, '2025-04-23', 1, 4),
  (3, NULL, 55, 4150, '2024-10-06', 1, 5),
  (4, NULL, 34, 2807, '2024-06-06', 1, 130),
  (5, NULL, 22, 3315, '2024-04-11', 1, 142),
  (6, 'KakunaJr', 15, 3120, '2024-08-08', 2, 14),
  (7, NULL, 41, 4905, '2025-03-21', 2, 34),
  (8, NULL, 10, 3763, '2024-05-04', 2, 4),
  (9, 'RattataJr', 62, 29, '2024-04-04', 2, 19),
  (10, 'MachopJr', 47, 4481, '2024-05-14', 2, 66),
  (11, 'AbraJr', 53, 687, '2024-04-03', 3, 63),
  (12, 'BlastoiseJr', 30, 2033, '2024-08-31', 3, 9),
  (13, NULL, 16, 2164, '2024-09-15', 3, 80),
  (14, 'MankeyJr', 56, 4807, '2025-02-22', 3, 56),
  (15, 'GastlyJr', 43, 2492, '2024-01-22', 3, 92),
  (16, NULL, 54, 2671, '2024-12-02', 4, 22),
  (17, NULL, 24, 2327, '2025-01-03', 4, 150),
  (18, NULL, 23, 358, '2025-01-05', 4, 136),
  (19, NULL, 70, 3516, '2025-02-26', 4, 40),
  (20, NULL, 34, 697, '2025-02-27', 5, 135),
  (21, 'GyaradosJr', 51, 859, '2024-01-16', 5, 130),
  (22, NULL, 76, 415, '2024-07-11', 5, 146),
  (23, 'CharmeleonJr', 73, 2003, '2024-11-17', 5, 5),
  (24, NULL, 13, 3881, '2024-02-17', 6, 68),
  (25, NULL, 38, 1923, '2024-05-09', 6, 1),
  (26, NULL, 34, 3771, '2025-01-08', 6, 117),
  (27, NULL, 14, 3924, '2024-09-09', 6, 18),
  (28, NULL, 10, 1624, '2025-04-11', 6, 129),
  (29, NULL, 47, 2080, '2024-02-09', 6, 138),
  (30, 'MoltresJr', 17, 1783, '2024-09-05', 7, 146),
  (31, 'ClefairyJr', 71, 2339, '2024-12-11', 7, 35),
  (32, 'CharmanderJr', 20, 4498, '2024-08-25', 7, 4),
  (33, 'JynxJr', 15, 3874, '2024-04-12', 7, 124),
  (34, 'PidgeyJr', 14, 4150, '2024-01-09', 7, 16),
  (35, NULL, 38, 2945, '2024-03-13', 8, 69),
  (36, NULL, 70, 2290, '2024-03-08', 8, 100),
  (37, 'PsyduckJr', 51, 1895, '2025-03-30', 8, 54),
  (38, NULL, 67, 3228, '2024-09-11', 8, 20),
  (39, 'DragoniteJr', 67, 3692, '2024-01-13', 8, 149),
  (40, 'ArbokJr', 23, 3409, '2024-07-26', 8, 24),
  (41, NULL, 55, 983, '2024-06-15', 9, 97),
  (42, NULL, 6, 2374, '2025-04-26', 9, 81),
  (43, 'NidoqueenJr', 55, 3196, '2024-05-09', 9, 31),
  (44, NULL, 51, 3506, '2025-03-21', 9, 85),
  (45, 'BulbasaurJr', 11, 2298, '2025-01-21', 9, 1),
  (46, NULL, 60, 4185, '2024-05-07', 10, 14),
  (47, 'GeodudeJr', 52, 3504, '2024-06-10', 10, 74),
  (48, 'JigglypuffJr', 56, 4539, '2025-03-28', 10, 39),
  (49, NULL, 41, 3977, '2024-11-10', 11, 21),
  (50, NULL, 75, 1042, '2024-01-26', 11, 13),
  (51, 'HitmonleeJr', 48, 2308, '2024-03-28', 11, 106),
  (52, 'HorseaJr', 38, 3327, '2024-06-01', 11, 116),
  (53, 'RapidashJr', 25, 615, '2024-03-02', 12, 78),
  (54, NULL, 68, 4508, '2024-04-16', 12, 124),
  (55, 'SnorlaxJr', 47, 3686, '2024-04-22', 12, 143),
  (56, 'ElectrodeJr', 29, 1999, '2024-08-06', 12, 101),
  (57, 'VileplumeJr', 52, 2116, '2024-02-16', 13, 45),
  (58, NULL, 7, 3381, '2025-02-18', 13, 88),
  (59, 'SnorlaxJr', 72, 1720, '2024-07-15', 13, 143),
  (60, 'WeepinbellJr', 69, 4335, '2025-05-10', 14, 70),
  (61, NULL, 32, 758, '2024-11-18', 14, 87),
  (62, NULL, 54, 3274, '2024-05-18', 14, 16),
  (63, 'TaurosJr', 44, 178, '2024-11-26', 14, 128),
  (64, 'TentacoolJr', 65, 4810, '2024-03-06', 14, 72),
  (65, 'DragonairJr', 55, 4324, '2024-09-07', 14, 148),
  (66, NULL, 18, 3746, '2024-09-24', 15, 115),
  (67, NULL, 10, 11, '2024-02-13', 15, 64),
  (68, 'SandslashJr', 77, 307, '2025-02-04', 15, 28),
  (69, NULL, 21, 2062, '2024-11-26', 15, 58),
  (70, NULL, 19, 814, '2024-09-27', 15, 40),
  (71, 'JigglypuffJr', 79, 1570, '2024-02-06', 15, 39),
  (72, 'MachokeJr', 45, 1985, '2024-08-23', 16, 67),
  (73, NULL, 75, 2023, '2024-08-31', 16, 58),
  (74, NULL, 44, 453, '2024-01-15', 16, 1),
  (75, 'VenusaurJr', 58, 664, '2024-01-12', 16, 3),
  (76, 'OmanyteJr', 59, 3032, '2024-05-11', 16, 138),
  (77, 'RapidashJr', 48, 3445, '2024-04-26', 16, 78),
  (78, 'ExeggcuteJr', 30, 2553, '2024-02-04', 17, 102),
  (79, NULL, 34, 3810, '2025-01-27', 17, 51),
  (80, 'IvysaurJr', 42, 892, '2024-04-23', 17, 2),
  (81, NULL, 28, 1829, '2025-05-02', 17, 75),
  (82, 'GyaradosJr', 12, 4872, '2024-09-05', 17, 130),
  (83, NULL, 58, 424, '2025-05-13', 18, 101),
  (84, 'KakunaJr', 55, 3683, '2024-12-29', 18, 14),
  (85, NULL, 45, 927, '2025-04-04', 18, 55),
  (86, NULL, 47, 1562, '2024-02-10', 18, 7),
  (87, NULL, 52, 2717, '2024-12-06', 19, 135),
  (88, 'StaryuJr', 5, 640, '2024-08-14', 19, 120),
  (89, 'BlastoiseJr', 58, 1013, '2024-05-23', 19, 9),
  (90, NULL, 31, 3114, '2024-10-14', 19, 80),
  (91, 'SlowbroJr', 62, 1581, '2024-04-10', 20, 80),
  (92, 'RhyhornJr', 65, 248, '2024-06-14', 20, 111),
  (93, 'EkansJr', 56, 333, '2024-11-19', 20, 23),
  (94, 'WeedleJr', 13, 507, '2024-07-11', 20, 13),
  (95, 'Mr-mimeJr', 13, 4961, '2024-05-11', 20, 122),
  (96, NULL, 45, 2257, '2025-01-17', 21, 93),
  (97, 'WeepinbellJr', 13, 198, '2024-06-01', 21, 70),
  (98, 'SeelJr', 65, 3815, '2025-02-26', 21, 86),
  (99, NULL, 37, 3522, '2025-05-03', 21, 12),
  (100, 'MachampJr', 68, 1498, '2025-02-21', 21, 68),
  (101, NULL, 63, 2964, '2024-06-16', 22, 78),
  (102, NULL, 15, 4193, '2025-02-05', 22, 39),
  (103, 'PoliwhirlJr', 25, 2025, '2024-04-11', 22, 61),
  (104, NULL, 18, 591, '2024-03-23', 23, 17),
  (105, NULL, 31, 789, '2024-05-15', 23, 9),
  (106, 'JynxJr', 62, 1418, '2024-08-03', 23, 124),
  (107, 'AerodactylJr', 63, 1924, '2024-04-29', 23, 142),
  (108, NULL, 20, 2407, '2025-01-17', 23, 140),
  (109, 'DoduoJr', 39, 3055, '2024-05-30', 23, 84),
  (110, 'MachokeJr', 41, 4737, '2024-05-05', 24, 67),
  (111, 'DugtrioJr', 55, 2061, '2024-04-06', 24, 51),
  (112, NULL, 34, 823, '2024-05-05', 24, 113),
  (113, 'KadabraJr', 9, 838, '2024-11-30', 24, 64),
  (114, 'VenonatJr', 34, 3672, '2024-01-03', 24, 48),
  (115, NULL, 79, 1590, '2024-04-07', 25, 11),
  (116, 'GolemJr', 70, 1456, '2025-04-21', 25, 76),
  (117, NULL, 5, 866, '2024-08-17', 25, 60),
  (118, NULL, 49, 1782, '2024-11-22', 25, 31),
  (119, 'WeedleJr', 23, 361, '2024-01-20', 25, 13),
  (120, 'MachopJr', 52, 1516, '2025-02-23', 26, 66),
  (121, 'CaterpieJr', 31, 257, '2024-11-13', 26, 10),
  (122, 'PersianJr', 66, 518, '2025-02-11', 26, 53),
  (123, 'VenusaurJr', 55, 4506, '2024-07-27', 26, 3),
  (124, 'PorygonJr', 41, 2519, '2024-12-22', 27, 137),
  (125, NULL, 44, 4640, '2024-08-01', 27, 24),
  (126, 'GolbatJr', 58, 149, '2025-03-28', 27, 42),
  (127, NULL, 51, 1615, '2025-03-18', 27, 102),
  (128, NULL, 56, 4733, '2024-02-28', 28, 104),
  (129, 'PersianJr', 25, 1064, '2025-03-28', 28, 53),
  (130, 'IvysaurJr', 23, 3249, '2024-01-08', 28, 2),
  (131, NULL, 52, 4132, '2024-02-15', 28, 112),
  (132, 'ZubatJr', 41, 1325, '2024-03-28', 28, 41),
  (133, 'KoffingJr', 13, 891, '2024-09-23', 28, 109),
  (134, 'MagmarJr', 54, 706, '2024-06-10', 29, 126),
  (135, NULL, 25, 1819, '2025-04-07', 29, 51),
  (136, 'RapidashJr', 30, 3874, '2024-11-13', 29, 78),
  (137, NULL, 10, 3274, '2024-04-03', 29, 33),
  (138, NULL, 54, 2942, '2025-04-25', 29, 12),
  (139, 'JynxJr', 29, 336, '2024-03-04', 29, 124),
  (140, 'FarfetchdJr', 44, 3441, '2024-11-02', 30, 83),
  (141, NULL, 59, 3188, '2024-06-06', 30, 31),
  (142, 'VoltorbJr', 69, 3590, '2024-12-03', 30, 100),
  (143, 'CharizardJr', 63, 1471, '2024-04-30', 31, 6),
  (144, 'BulbasaurJr', 18, 549, '2025-02-18', 31, 1),
  (145, 'MagmarJr', 51, 751, '2024-03-06', 31, 126),
  (146, 'StaryuJr', 70, 333, '2025-02-14', 31, 120),
  (147, NULL, 15, 444, '2025-02-02', 32, 34),
  (148, NULL, 53, 1115, '2025-01-20', 32, 22),
  (149, NULL, 19, 1586, '2024-01-14', 32, 81),
  (150, NULL, 37, 1300, '2024-02-03', 33, 126),
  (151, NULL, 40, 3738, '2024-06-14', 33, 74),
  (152, 'OddishJr', 66, 1706, '2024-03-14', 33, 43),
  (153, 'PrimeapeJr', 69, 1944, '2024-10-30', 33, 57),
  (154, NULL, 40, 2685, '2024-03-23', 34, 96),
  (155, 'CaterpieJr', 38, 942, '2025-04-03', 34, 10),
  (156, NULL, 51, 3711, '2025-01-28', 34, 51),
  (157, NULL, 18, 2064, '2024-10-11', 34, 47),
  (158, NULL, 55, 3043, '2024-10-01', 34, 104),
  (159, NULL, 61, 1884, '2024-06-18', 35, 97),
  (160, NULL, 11, 2427, '2024-03-31', 35, 95),
  (161, NULL, 44, 4799, '2025-02-23', 35, 148),
  (162, NULL, 45, 14, '2025-04-20', 35, 38),
  (163, 'HaunterJr', 24, 2383, '2025-01-17', 35, 93),
  (164, NULL, 10, 182, '2024-04-26', 36, 107),
  (165, 'DittoJr', 50, 2488, '2024-01-28', 36, 132),
  (166, NULL, 73, 1837, '2024-02-24', 36, 94),
  (167, NULL, 80, 1095, '2024-07-30', 36, 13),
  (168, 'NidokingJr', 65, 1299, '2024-04-14', 36, 34),
  (169, 'MagmarJr', 36, 1223, '2024-03-09', 36, 126),
  (170, 'PikachuJr', 76, 2869, '2025-05-10', 37, 25),
  (171, NULL, 61, 4930, '2024-10-31', 37, 17),
  (172, NULL, 68, 2035, '2025-04-24', 37, 38),
  (173, NULL, 10, 504, '2024-03-25', 37, 70),
  (174, 'ExeggutorJr', 28, 1946, '2024-09-29', 37, 103),
  (175, 'MachampJr', 18, 101, '2024-03-22', 37, 68),
  (176, NULL, 58, 1430, '2024-11-07', 38, 37),
  (177, 'HitmonleeJr', 43, 397, '2024-09-17', 38, 106),
  (178, NULL, 66, 4410, '2025-03-31', 38, 52),
  (179, 'EeveeJr', 60, 3811, '2024-01-04', 38, 133),
  (180, 'HorseaJr', 9, 1009, '2024-02-23', 39, 116),
  (181, NULL, 38, 430, '2024-06-20', 39, 45),
  (182, NULL, 60, 4286, '2024-05-16', 39, 58),
  (183, 'GolemJr', 35, 1661, '2024-03-27', 40, 76),
  (184, 'MankeyJr', 46, 1572, '2025-04-28', 40, 56),
  (185, 'FearowJr', 35, 3108, '2025-03-26', 40, 22),
  (186, NULL, 73, 3846, '2025-04-09', 40, 130),
  (187, NULL, 5, 217, '2024-08-29', 40, 4),
  (188, NULL, 26, 1184, '2024-02-09', 41, 60),
  (189, 'DratiniJr', 18, 1325, '2024-01-17', 41, 147),
  (190, NULL, 8, 252, '2024-06-25', 41, 79),
  (191, 'GolduckJr', 10, 555, '2024-01-22', 41, 55),
  (192, 'ElectrodeJr', 80, 2977, '2025-01-12', 41, 101),
  (193, NULL, 73, 540, '2024-04-12', 41, 150),
  (194, NULL, 41, 3908, '2025-02-26', 42, 28),
  (195, 'KadabraJr', 31, 2412, '2024-02-21', 42, 64),
  (196, 'PersianJr', 38, 171, '2024-06-12', 42, 53),
  (197, 'Nidoran-fJr', 41, 396, '2024-06-28', 42, 29),
  (198, NULL, 46, 4931, '2025-01-01', 42, 9),
  (199, 'EkansJr', 41, 253, '2024-09-14', 42, 23),
  (200, 'WartortleJr', 77, 1774, '2024-12-26', 43, 8);

INSERT INTO `Time_Treinador` (`id_instancia`, `apelido`, `nivel`, `experiencia`, `data_captura`, `id_treinador`, `id_especie`) VALUES
  (201, NULL, 16, 4706, '2024-12-31', 43, 112),
  (202, 'EeveeJr', 60, 10, '2025-02-23', 43, 133),
  (203, 'RaichuJr', 11, 35, '2024-09-25', 43, 26),
  (204, 'MukJr', 67, 1511, '2024-06-27', 43, 89),
  (205, 'StarmieJr', 49, 4220, '2025-05-10', 43, 121),
  (206, 'DragonairJr', 15, 4016, '2024-09-12', 44, 148),
  (207, NULL, 76, 856, '2025-02-07', 44, 41),
  (208, 'TentacruelJr', 17, 3287, '2024-11-17', 44, 73),
  (209, 'GolduckJr', 16, 3458, '2025-04-20', 44, 55),
  (210, NULL, 52, 1688, '2025-03-30', 44, 60),
  (211, NULL, 34, 3775, '2024-07-13', 45, 68),
  (212, NULL, 9, 2854, '2024-03-05', 45, 110),
  (213, 'KabutoJr', 24, 3688, '2024-10-24', 45, 140),
  (214, NULL, 46, 1388, '2024-12-04', 45, 129),
  (215, 'GloomJr', 37, 4744, '2024-08-25', 45, 44),
  (216, 'NidorinoJr', 43, 1266, '2024-09-16', 46, 33),
  (217, 'SeelJr', 36, 2675, '2025-01-05', 46, 86),
  (218, NULL, 25, 1935, '2024-11-04', 46, 119),
  (219, NULL, 38, 833, '2024-06-16', 46, 61),
  (220, NULL, 43, 3562, '2024-03-16', 47, 27),
  (221, 'DugtrioJr', 18, 2300, '2024-05-20', 47, 51),
  (222, NULL, 64, 277, '2024-04-15', 47, 99),
  (223, 'JigglypuffJr', 60, 1822, '2024-01-07', 47, 39),
  (224, NULL, 60, 4702, '2024-01-03', 48, 119),
  (225, NULL, 58, 1872, '2024-10-27', 48, 6),
  (226, NULL, 79, 1872, '2024-12-07', 48, 37),
  (227, 'MachopJr', 20, 3718, '2024-12-13', 48, 66),
  (228, 'CuboneJr', 17, 3437, '2024-08-09', 48, 104),
  (229, 'ExeggutorJr', 57, 4245, '2024-09-04', 49, 103),
  (230, NULL, 28, 2687, '2024-12-11', 49, 41),
  (231, 'AlakazamJr', 67, 871, '2025-02-02', 49, 65),
  (232, 'KoffingJr', 32, 1317, '2024-01-20', 49, 109),
  (233, NULL, 65, 4195, '2024-08-21', 50, 133),
  (234, NULL, 52, 4273, '2024-01-09', 50, 90),
  (235, 'RaichuJr', 63, 1721, '2024-06-24', 50, 26),
  (236, 'DragonairJr', 70, 1002, '2024-12-16', 50, 148),
  (237, 'BeedrillJr', 58, 3445, '2024-02-01', 51, 15),
  (238, NULL, 50, 4752, '2024-11-17', 51, 65),
  (239, 'VictreebelJr', 43, 3280, '2024-05-15', 51, 71),
  (240, NULL, 33, 3210, '2025-04-26', 51, 98),
  (241, 'ExeggutorJr', 21, 564, '2024-08-24', 51, 103),
  (242, NULL, 57, 3834, '2024-06-29', 52, 121),
  (243, NULL, 21, 3845, '2024-05-30', 52, 144),
  (244, NULL, 34, 2190, '2024-06-30', 52, 58),
  (245, 'NinetalesJr', 37, 3490, '2024-12-26', 52, 38),
  (246, NULL, 46, 3928, '2024-05-05', 53, 124),
  (247, 'BulbasaurJr', 15, 2969, '2024-09-05', 53, 1),
  (248, NULL, 54, 467, '2024-03-19', 53, 72),
  (249, NULL, 46, 1150, '2024-02-13', 53, 92),
  (250, 'MewtwoJr', 17, 4738, '2024-12-01', 54, 150),
  (251, NULL, 28, 3702, '2024-03-14', 54, 4),
  (252, NULL, 31, 3297, '2024-06-26', 54, 3),
  (253, NULL, 16, 4493, '2025-02-09', 54, 54),
  (254, NULL, 43, 1616, '2025-02-07', 54, 19),
  (255, 'GolduckJr', 34, 1141, '2024-03-01', 55, 55),
  (256, 'FlareonJr', 12, 3967, '2024-08-30', 55, 136),
  (257, NULL, 67, 2019, '2024-08-27', 55, 21),
  (258, 'ChanseyJr', 5, 1313, '2024-09-12', 55, 113),
  (259, 'NidorinaJr', 77, 4076, '2025-03-06', 55, 30),
  (260, 'SnorlaxJr', 64, 3071, '2024-12-06', 55, 143),
  (261, 'LickitungJr', 47, 769, '2024-11-08', 56, 108),
  (262, 'RaticateJr', 23, 277, '2024-09-18', 56, 20),
  (263, NULL, 21, 2773, '2024-04-19', 56, 47),
  (264, NULL, 51, 2796, '2024-02-18', 56, 93),
  (265, NULL, 75, 1726, '2024-08-30', 56, 8),
  (266, 'CharizardJr', 59, 2060, '2024-05-25', 56, 6),
  (267, 'GravelerJr', 39, 4148, '2024-07-25', 57, 75),
  (268, NULL, 68, 966, '2024-06-25', 57, 91),
  (269, 'PinsirJr', 43, 1045, '2024-06-18', 57, 127),
  (270, 'MetapodJr', 78, 407, '2025-03-29', 58, 11),
  (271, 'ExeggutorJr', 5, 380, '2024-07-23', 58, 103),
  (272, NULL, 65, 4986, '2024-04-07', 58, 142),
  (273, 'MagikarpJr', 15, 1740, '2024-11-11', 59, 129),
  (274, NULL, 63, 1424, '2024-01-21', 59, 140),
  (275, NULL, 9, 3453, '2024-02-21', 59, 97),
  (276, 'CharmanderJr', 38, 2474, '2025-02-06', 60, 4),
  (277, 'OnixJr', 45, 167, '2024-04-04', 60, 95),
  (278, NULL, 79, 447, '2024-08-08', 60, 36),
  (279, NULL, 62, 550, '2024-12-22', 61, 146),
  (280, NULL, 80, 1272, '2024-01-08', 61, 134),
  (281, NULL, 75, 835, '2024-08-31', 61, 11),
  (282, NULL, 32, 1243, '2024-02-12', 61, 31),
  (283, 'LickitungJr', 5, 76, '2024-11-16', 61, 108),
  (284, NULL, 16, 1787, '2024-12-16', 61, 148),
  (285, NULL, 36, 3692, '2024-05-21', 62, 34),
  (286, NULL, 11, 2997, '2025-01-10', 62, 121),
  (287, NULL, 23, 690, '2025-01-31', 62, 5),
  (288, 'SnorlaxJr', 12, 120, '2025-01-02', 63, 143),
  (289, NULL, 15, 3186, '2025-03-28', 63, 128),
  (290, 'GoldeenJr', 26, 3984, '2024-06-08', 63, 118),
  (291, 'MachopJr', 52, 4710, '2024-11-07', 63, 66),
  (292, 'KakunaJr', 26, 1187, '2025-01-07', 63, 14),
  (293, 'HaunterJr', 62, 2228, '2024-09-01', 64, 93),
  (294, NULL, 47, 2395, '2025-02-05', 64, 42),
  (295, 'HitmonchanJr', 47, 4962, '2024-05-23', 64, 107),
  (296, NULL, 36, 3085, '2024-08-07', 65, 39),
  (297, NULL, 34, 3696, '2024-07-17', 65, 80),
  (298, NULL, 46, 2154, '2024-05-25', 65, 150),
  (299, 'KoffingJr', 78, 1204, '2025-03-02', 66, 109),
  (300, NULL, 75, 4095, '2024-05-20', 66, 41),
  (301, NULL, 74, 4535, '2024-06-26', 66, 151),
  (302, NULL, 30, 1917, '2024-09-05', 66, 11),
  (303, NULL, 55, 3811, '2024-06-07', 66, 74),
  (304, NULL, 73, 2909, '2024-08-23', 67, 66),
  (305, 'MewJr', 55, 4748, '2025-01-30', 67, 151),
  (306, NULL, 71, 2629, '2024-09-23', 67, 3),
  (307, NULL, 30, 1549, '2024-09-01', 67, 99),
  (308, NULL, 50, 3297, '2024-07-04', 68, 50),
  (309, NULL, 24, 2017, '2025-02-03', 68, 24),
  (310, NULL, 68, 3064, '2024-01-23', 68, 47),
  (311, 'GravelerJr', 64, 669, '2025-03-19', 68, 75),
  (312, NULL, 17, 275, '2024-09-22', 69, 81),
  (313, NULL, 77, 3983, '2024-04-14', 69, 8),
  (314, NULL, 38, 2292, '2024-10-27', 69, 89),
  (315, 'TentacoolJr', 62, 4858, '2024-08-06', 69, 72),
  (316, 'MachopJr', 8, 417, '2024-04-02', 70, 66),
  (317, NULL, 63, 3988, '2024-01-18', 70, 10),
  (318, NULL, 13, 4899, '2025-04-29', 70, 87),
  (319, 'MeowthJr', 20, 736, '2024-11-23', 70, 52),
  (320, 'MagnetonJr', 25, 3038, '2024-07-20', 71, 82),
  (321, 'ZapdosJr', 33, 1410, '2025-05-09', 71, 145),
  (322, NULL, 50, 485, '2024-01-20', 71, 60),
  (323, NULL, 8, 385, '2025-04-07', 71, 23),
  (324, NULL, 66, 456, '2024-05-12', 71, 130),
  (325, 'NinetalesJr', 43, 4831, '2025-04-25', 72, 38),
  (326, 'MagnetonJr', 18, 3856, '2024-10-29', 72, 82),
  (327, 'IvysaurJr', 54, 1016, '2024-06-14', 72, 2),
  (328, 'JynxJr', 6, 3833, '2025-02-17', 73, 124),
  (329, NULL, 9, 1285, '2025-01-02', 73, 98),
  (330, NULL, 14, 3056, '2025-04-19', 73, 44),
  (331, NULL, 62, 794, '2025-03-31', 73, 113),
  (332, NULL, 7, 615, '2025-04-19', 73, 62),
  (333, 'DewgongJr', 12, 1476, '2024-03-14', 74, 87),
  (334, 'FarfetchdJr', 23, 3596, '2024-12-31', 74, 83),
  (335, 'PoliwagJr', 58, 3373, '2025-03-21', 74, 60),
  (336, 'ScytherJr', 39, 4677, '2024-05-06', 74, 123),
  (337, 'NidorinaJr', 26, 2135, '2025-03-05', 74, 30),
  (338, 'GengarJr', 63, 3952, '2024-09-08', 74, 94),
  (339, NULL, 32, 4587, '2024-11-19', 75, 40),
  (340, NULL, 20, 2111, '2024-09-01', 75, 132),
  (341, 'BeedrillJr', 51, 3539, '2025-01-21', 75, 15),
  (342, NULL, 12, 2404, '2024-07-31', 76, 62),
  (343, NULL, 7, 3621, '2024-03-14', 76, 61),
  (344, NULL, 70, 1148, '2025-02-17', 76, 25),
  (345, 'VoltorbJr', 72, 2346, '2024-08-14', 76, 100),
  (346, 'GravelerJr', 10, 3350, '2024-04-05', 76, 75),
  (347, 'VictreebelJr', 34, 1438, '2025-03-07', 77, 71),
  (348, NULL, 16, 4985, '2024-04-10', 77, 147),
  (349, 'ParasectJr', 40, 1436, '2025-01-09', 77, 47),
  (350, 'ClefableJr', 29, 4775, '2024-04-15', 77, 36),
  (351, NULL, 12, 4247, '2025-03-06', 78, 52),
  (352, 'VenusaurJr', 41, 4038, '2025-02-19', 78, 3),
  (353, 'PidgeottoJr', 66, 1091, '2024-02-16', 78, 17),
  (354, NULL, 36, 1524, '2025-03-22', 78, 134),
  (355, NULL, 51, 300, '2024-10-15', 78, 105),
  (356, NULL, 71, 584, '2024-09-23', 79, 96),
  (357, 'DragonairJr', 36, 2629, '2024-03-02', 79, 148),
  (358, NULL, 53, 4721, '2025-02-02', 79, 2),
  (359, NULL, 42, 882, '2025-01-19', 79, 92),
  (360, 'KangaskhanJr', 16, 1832, '2024-01-11', 80, 115),
  (361, 'DittoJr', 18, 2555, '2024-11-12', 80, 132),
  (362, NULL, 8, 159, '2024-05-08', 80, 7),
  (363, NULL, 29, 2141, '2024-02-19', 80, 136),
  (364, NULL, 78, 3800, '2024-01-10', 80, 138),
  (365, 'ClefairyJr', 61, 842, '2024-09-24', 80, 35),
  (366, 'PikachuJr', 69, 2290, '2024-08-26', 81, 25),
  (367, 'ParasJr', 56, 1121, '2024-02-26', 81, 46),
  (368, NULL, 34, 1206, '2024-10-04', 81, 12),
  (369, NULL, 55, 1346, '2024-12-08', 81, 70),
  (370, NULL, 54, 3444, '2025-04-30', 81, 32),
  (371, 'ExeggcuteJr', 47, 3568, '2024-06-22', 82, 102),
  (372, NULL, 46, 3281, '2025-03-07', 82, 14),
  (373, NULL, 46, 4238, '2025-03-09', 82, 93),
  (374, 'CloysterJr', 28, 567, '2024-07-05', 83, 91),
  (375, 'KadabraJr', 69, 170, '2024-06-15', 83, 64),
  (376, 'KoffingJr', 55, 3716, '2024-04-25', 83, 109),
  (377, 'VenusaurJr', 10, 281, '2024-11-20', 83, 3),
  (378, NULL, 60, 1938, '2024-03-03', 84, 70),
  (379, 'OmastarJr', 19, 2501, '2025-05-01', 84, 139),
  (380, NULL, 20, 494, '2024-06-26', 84, 10),
  (381, NULL, 70, 2198, '2024-10-31', 84, 26),
  (382, 'AlakazamJr', 73, 1215, '2024-02-13', 84, 65),
  (383, 'Nidoran-mJr', 16, 4475, '2024-05-27', 85, 32),
  (384, NULL, 77, 1815, '2024-05-27', 85, 131),
  (385, 'NidokingJr', 75, 3004, '2024-11-28', 85, 34),
  (386, NULL, 43, 3914, '2024-08-23', 85, 76),
  (387, NULL, 8, 1984, '2024-08-28', 85, 105),
  (388, 'DragonairJr', 70, 4472, '2024-06-19', 85, 148),
  (389, NULL, 67, 2211, '2024-06-14', 86, 150),
  (390, NULL, 32, 2420, '2024-05-25', 86, 102),
  (391, NULL, 25, 4514, '2024-01-30', 86, 4),
  (392, NULL, 49, 3604, '2024-02-04', 86, 91),
  (393, 'GolbatJr', 54, 3603, '2024-12-02', 86, 42),
  (394, NULL, 18, 4267, '2024-06-30', 86, 62),
  (395, NULL, 40, 4241, '2024-03-12', 87, 40),
  (396, NULL, 65, 2201, '2024-02-18', 87, 107),
  (397, NULL, 21, 3383, '2025-02-05', 87, 87),
  (398, 'CloysterJr', 57, 4505, '2025-03-21', 87, 91),
  (399, 'TaurosJr', 40, 4975, '2024-03-17', 88, 128),
  (400, 'ExeggcuteJr', 62, 3751, '2024-02-26', 88, 102);

INSERT INTO `Time_Treinador` (`id_instancia`, `apelido`, `nivel`, `experiencia`, `data_captura`, `id_treinador`, `id_especie`) VALUES
  (401, NULL, 42, 2891, '2024-05-27', 88, 147),
  (402, 'JolteonJr', 28, 4398, '2024-07-13', 89, 135),
  (403, NULL, 60, 4713, '2024-06-04', 89, 143),
  (404, NULL, 16, 2704, '2024-07-12', 89, 99),
  (405, NULL, 36, 2669, '2024-06-14', 89, 83),
  (406, NULL, 6, 209, '2024-04-14', 89, 2),
  (407, 'TaurosJr', 68, 2456, '2024-01-25', 89, 128),
  (408, 'OmanyteJr', 49, 3711, '2024-08-25', 90, 138),
  (409, 'RhydonJr', 13, 4302, '2025-04-30', 90, 112),
  (410, 'EeveeJr', 52, 4103, '2024-04-27', 90, 133),
  (411, NULL, 78, 1263, '2024-07-24', 90, 111),
  (412, 'VoltorbJr', 58, 3987, '2025-03-26', 90, 100),
  (413, 'ChanseyJr', 14, 2544, '2024-07-04', 91, 113),
  (414, 'MewJr', 42, 2812, '2024-09-19', 91, 151),
  (415, NULL, 70, 3447, '2025-02-24', 91, 88),
  (416, 'FlareonJr', 42, 4191, '2024-11-19', 91, 136),
  (417, NULL, 29, 3377, '2024-04-16', 91, 24),
  (418, 'GloomJr', 77, 4940, '2024-04-03', 91, 44),
  (419, 'CloysterJr', 5, 2512, '2024-12-20', 92, 91),
  (420, NULL, 5, 2494, '2024-12-29', 92, 146),
  (421, NULL, 80, 126, '2024-07-22', 92, 11),
  (422, NULL, 39, 4353, '2025-01-28', 93, 51),
  (423, NULL, 78, 1626, '2024-09-20', 93, 45),
  (424, NULL, 23, 1284, '2024-07-29', 93, 128),
  (425, NULL, 67, 3829, '2024-03-28', 94, 8),
  (426, 'RaichuJr', 12, 102, '2024-11-09', 94, 26),
  (427, NULL, 46, 1179, '2024-12-16', 94, 20),
  (428, NULL, 79, 516, '2024-05-16', 95, 91),
  (429, 'VictreebelJr', 54, 160, '2024-06-27', 95, 71),
  (430, 'GloomJr', 55, 4773, '2024-01-28', 95, 44),
  (431, NULL, 61, 447, '2025-01-26', 95, 9),
  (432, NULL, 27, 2578, '2025-04-21', 96, 64),
  (433, NULL, 63, 2487, '2024-01-04', 96, 58),
  (434, NULL, 68, 553, '2024-08-02', 96, 12),
  (435, NULL, 79, 1813, '2024-05-04', 96, 41),
  (436, 'SlowbroJr', 53, 1528, '2024-03-29', 97, 80),
  (437, NULL, 42, 3244, '2024-01-04', 97, 103),
  (438, 'ElectabuzzJr', 47, 4372, '2024-10-14', 97, 125),
  (439, 'CharizardJr', 56, 536, '2025-03-22', 97, 6),
  (440, 'AbraJr', 49, 4537, '2025-05-07', 97, 63),
  (441, 'EkansJr', 64, 2323, '2024-05-05', 97, 23),
  (442, NULL, 35, 1063, '2024-06-23', 98, 61),
  (443, 'RhydonJr', 74, 1046, '2024-02-17', 98, 112),
  (444, 'BlastoiseJr', 35, 1304, '2024-10-11', 98, 9),
  (445, 'TentacoolJr', 56, 3087, '2024-07-07', 98, 72),
  (446, NULL, 31, 2435, '2024-11-18', 98, 7),
  (447, NULL, 80, 3014, '2024-11-01', 99, 130),
  (448, 'PersianJr', 70, 1741, '2024-09-30', 99, 53),
  (449, NULL, 20, 4202, '2024-03-05', 99, 59),
  (450, NULL, 39, 3152, '2024-02-16', 99, 116),
  (451, NULL, 77, 1188, '2024-01-15', 99, 34),
  (452, 'MachokeJr', 16, 1450, '2024-06-08', 99, 67),
  (453, NULL, 69, 2432, '2024-10-14', 100, 83),
  (454, 'VenomothJr', 44, 720, '2024-04-08', 100, 49),
  (455, 'SandslashJr', 56, 2313, '2024-04-25', 100, 28),
  (456, 'PidgeotJr', 64, 1082, '2024-07-01', 100, 18),
  (457, NULL, 64, 2035, '2024-01-13', 101, 46),
  (458, 'WartortleJr', 17, 1488, '2025-03-09', 101, 8),
  (459, 'GengarJr', 33, 331, '2024-05-29', 101, 94),
  (460, 'ShellderJr', 25, 3528, '2024-07-26', 101, 90),
  (461, NULL, 24, 3119, '2024-04-11', 101, 106),
  (462, NULL, 77, 4078, '2024-10-16', 102, 142),
  (463, NULL, 60, 4712, '2025-01-01', 102, 80),
  (464, NULL, 19, 2345, '2024-06-27', 102, 46),
  (465, 'MewtwoJr', 45, 1721, '2024-12-14', 103, 150),
  (466, NULL, 16, 3417, '2025-02-01', 103, 13),
  (467, NULL, 33, 2303, '2024-12-21', 103, 63),
  (468, 'ShellderJr', 69, 3709, '2025-04-21', 104, 90),
  (469, 'KoffingJr', 31, 3509, '2024-09-17', 104, 109),
  (470, NULL, 21, 4010, '2024-12-10', 104, 114),
  (471, 'ButterfreeJr', 35, 4455, '2024-10-06', 105, 12),
  (472, 'ArticunoJr', 12, 1376, '2024-05-13', 105, 144),
  (473, 'MachokeJr', 16, 1649, '2024-07-02', 105, 67),
  (474, 'VileplumeJr', 22, 3984, '2024-11-21', 105, 45),
  (475, NULL, 43, 1092, '2025-04-24', 106, 61),
  (476, NULL, 80, 4614, '2025-03-28', 106, 62),
  (477, 'IvysaurJr', 20, 4491, '2024-05-03', 106, 2),
  (478, NULL, 26, 1268, '2024-08-05', 106, 132),
  (479, NULL, 56, 1690, '2024-11-02', 106, 114),
  (480, NULL, 6, 2953, '2024-02-28', 106, 35),
  (481, NULL, 62, 925, '2024-02-26', 107, 53),
  (482, 'ButterfreeJr', 64, 4662, '2024-03-23', 107, 12),
  (483, 'PidgeyJr', 76, 588, '2024-07-04', 107, 16),
  (484, 'TentacoolJr', 67, 687, '2024-01-24', 107, 72),
  (485, NULL, 77, 2166, '2025-01-17', 107, 78),
  (486, NULL, 60, 4000, '2024-02-25', 107, 51),
  (487, 'KabutoJr', 41, 2059, '2025-04-15', 108, 140),
  (488, 'FarfetchdJr', 22, 226, '2024-11-30', 108, 83),
  (489, NULL, 23, 2427, '2024-01-13', 108, 3),
  (490, 'GastlyJr', 72, 1380, '2024-07-07', 108, 92),
  (491, NULL, 50, 2622, '2024-04-04', 109, 80),
  (492, 'DoduoJr', 75, 3025, '2024-04-27', 109, 84),
  (493, NULL, 35, 472, '2025-03-04', 109, 98),
  (494, 'SandslashJr', 32, 4049, '2025-04-08', 110, 28),
  (495, 'MoltresJr', 25, 2454, '2024-08-04', 110, 146),
  (496, NULL, 15, 1162, '2024-11-04', 110, 104),
  (497, NULL, 61, 3927, '2024-02-15', 111, 42),
  (498, 'ClefableJr', 52, 22, '2024-04-07', 111, 36),
  (499, NULL, 70, 3485, '2024-01-17', 111, 114),
  (500, 'ExeggutorJr', 12, 4215, '2024-03-14', 111, 103),
  (501, 'DewgongJr', 61, 4615, '2024-07-12', 112, 87),
  (502, 'PidgeottoJr', 30, 3840, '2024-12-11', 112, 17),
  (503, NULL, 71, 3772, '2024-02-13', 112, 113),
  (504, NULL, 24, 3287, '2024-08-07', 112, 3),
  (505, NULL, 15, 491, '2025-05-07', 112, 46),
  (506, NULL, 43, 4628, '2025-01-05', 112, 43),
  (507, NULL, 29, 1822, '2025-03-29', 113, 95),
  (508, NULL, 15, 1203, '2024-12-13', 113, 124),
  (509, NULL, 76, 4757, '2024-12-04', 113, 36),
  (510, 'PonytaJr', 72, 1968, '2025-04-27', 113, 77),
  (511, 'GrimerJr', 38, 935, '2024-10-16', 113, 88),
  (512, 'FlareonJr', 30, 4490, '2024-04-26', 113, 136),
  (513, NULL, 37, 4008, '2024-04-06', 114, 57),
  (514, NULL, 33, 4433, '2024-04-26', 114, 65),
  (515, NULL, 70, 4820, '2024-10-20', 114, 25),
  (516, NULL, 75, 4155, '2024-03-09', 115, 105),
  (517, NULL, 19, 4220, '2024-12-31', 115, 19),
  (518, 'ChanseyJr', 55, 4458, '2024-02-22', 115, 113),
  (519, 'DiglettJr', 12, 3312, '2024-03-11', 116, 50),
  (520, 'ZapdosJr', 10, 124, '2024-05-01', 116, 145),
  (521, NULL, 32, 3765, '2024-12-25', 116, 122),
  (522, 'ArbokJr', 22, 3489, '2024-06-02', 116, 24),
  (523, NULL, 50, 1376, '2025-04-14', 117, 52),
  (524, NULL, 48, 95, '2024-07-06', 117, 145),
  (525, 'NidorinaJr', 35, 3055, '2025-02-26', 117, 30),
  (526, 'MagmarJr', 19, 279, '2024-10-08', 118, 126),
  (527, NULL, 36, 2085, '2025-04-18', 118, 12),
  (528, 'CloysterJr', 62, 174, '2024-06-30', 118, 91),
  (529, NULL, 61, 930, '2025-03-05', 118, 26),
  (530, 'GastlyJr', 19, 604, '2025-02-09', 118, 92),
  (531, 'VenonatJr', 37, 4410, '2025-03-04', 119, 48),
  (532, NULL, 39, 3637, '2024-12-19', 119, 39),
  (533, 'AerodactylJr', 24, 3990, '2024-01-08', 119, 142),
  (534, 'GravelerJr', 9, 290, '2024-09-13', 119, 75),
  (535, 'KrabbyJr', 55, 3897, '2024-02-08', 119, 98),
  (536, 'KangaskhanJr', 72, 1772, '2024-02-08', 120, 115),
  (537, NULL, 80, 357, '2024-06-08', 120, 101),
  (538, 'ArcanineJr', 51, 3831, '2024-04-18', 120, 59),
  (539, NULL, 54, 2897, '2024-06-18', 120, 133);

-- Tabela: Time_Treinador_Golpe (golpes conhecidos por cada instância)
INSERT INTO `Time_Treinador_Golpe` (`id_instancia`, `id_golpe`) VALUES
  (1, 1),
  (1, 43),
  (1, 75),
  (2, 43),
  (2, 30),
  (2, 3),
  (3, 59),
  (3, 78),
  (4, 81),
  (4, 19),
  (5, 86),
  (5, 19),
  (5, 35),
  (5, 50),
  (6, 9),
  (6, 65),
  (6, 34),
  (7, 73),
  (7, 74),
  (7, 68),
  (8, 18),
  (8, 90),
  (8, 5),
  (8, 72),
  (9, 26),
  (9, 100),
  (10, 82),
  (10, 74),
  (10, 13),
  (11, 102),
  (11, 37),
  (11, 31),
  (12, 88),
  (12, 10),
  (13, 98),
  (13, 44),
  (13, 95),
  (14, 66),
  (14, 110),
  (14, 82),
  (15, 45),
  (15, 71),
  (16, 52),
  (16, 43),
  (16, 8),
  (16, 91),
  (17, 86),
  (17, 42),
  (17, 101),
  (18, 65),
  (18, 48),
  (18, 32),
  (19, 45),
  (19, 20),
  (20, 27),
  (20, 1),
  (21, 59),
  (21, 52),
  (21, 58),
  (21, 51),
  (22, 99),
  (22, 39),
  (22, 22),
  (22, 76),
  (23, 19),
  (23, 39),
  (24, 40),
  (24, 33),
  (24, 94),
  (24, 74),
  (25, 85),
  (25, 44),
  (25, 10),
  (25, 25),
  (26, 11),
  (26, 75),
  (26, 23),
  (26, 39),
  (27, 46),
  (27, 60),
  (27, 100),
  (27, 89),
  (28, 93),
  (28, 9),
  (28, 108),
  (29, 41),
  (29, 23),
  (29, 36),
  (30, 70),
  (30, 3),
  (30, 98),
  (31, 81),
  (31, 35),
  (32, 91),
  (32, 3),
  (33, 7),
  (33, 52),
  (34, 26),
  (34, 78),
  (34, 37),
  (35, 83),
  (35, 13),
  (35, 26),
  (35, 31),
  (36, 8),
  (36, 17),
  (36, 77),
  (36, 7),
  (37, 10),
  (37, 104),
  (38, 44),
  (38, 93),
  (38, 18),
  (38, 1),
  (39, 35),
  (39, 69),
  (40, 2),
  (40, 82),
  (40, 42),
  (40, 4),
  (41, 42),
  (41, 96),
  (42, 84),
  (42, 63),
  (43, 79),
  (43, 87),
  (43, 103),
  (44, 23),
  (44, 8),
  (44, 54),
  (45, 12),
  (45, 81),
  (46, 43),
  (46, 100),
  (46, 64),
  (46, 77),
  (47, 33),
  (47, 60),
  (47, 2),
  (48, 41),
  (48, 73),
  (49, 41),
  (49, 8),
  (49, 54),
  (49, 79),
  (50, 93),
  (50, 107),
  (50, 43),
  (50, 21),
  (51, 3),
  (51, 20),
  (52, 19),
  (52, 68),
  (53, 46),
  (53, 105),
  (54, 55),
  (54, 45),
  (54, 69),
  (55, 76),
  (55, 72),
  (55, 20),
  (55, 85),
  (56, 74),
  (56, 43),
  (56, 30),
  (56, 95),
  (57, 34),
  (57, 105),
  (57, 92),
  (57, 62),
  (58, 100),
  (58, 83),
  (59, 84),
  (59, 99),
  (59, 71),
  (60, 59),
  (60, 72),
  (60, 36),
  (60, 47),
  (61, 68),
  (61, 36),
  (61, 17),
  (61, 33),
  (62, 72),
  (62, 61),
  (63, 84),
  (63, 104),
  (64, 20),
  (64, 81),
  (64, 30),
  (65, 97),
  (65, 12),
  (65, 4),
  (66, 18),
  (66, 16),
  (66, 8),
  (66, 70),
  (67, 27),
  (67, 72),
  (67, 100);

INSERT INTO `Time_Treinador_Golpe` (`id_instancia`, `id_golpe`) VALUES
  (67, 24),
  (68, 78),
  (68, 47),
  (68, 95),
  (69, 23),
  (69, 95),
  (70, 68),
  (70, 4),
  (71, 100),
  (71, 91),
  (71, 32),
  (72, 64),
  (72, 28),
  (72, 82),
  (73, 103),
  (73, 50),
  (73, 59),
  (74, 42),
  (74, 102),
  (75, 14),
  (75, 85),
  (76, 2),
  (76, 9),
  (76, 104),
  (76, 83),
  (77, 87),
  (77, 45),
  (77, 8),
  (78, 73),
  (78, 49),
  (79, 49),
  (79, 85),
  (79, 81),
  (80, 4),
  (80, 33),
  (81, 34),
  (81, 91),
  (82, 31),
  (82, 30),
  (82, 46),
  (83, 42),
  (83, 98),
  (84, 83),
  (84, 36),
  (84, 39),
  (85, 28),
  (85, 73),
  (85, 102),
  (86, 62),
  (86, 99),
  (87, 97),
  (87, 18),
  (87, 106),
  (88, 37),
  (88, 12),
  (88, 43),
  (89, 63),
  (89, 32),
  (90, 41),
  (90, 88),
  (91, 77),
  (91, 58),
  (91, 28),
  (91, 75),
  (92, 101),
  (92, 27),
  (93, 47),
  (93, 6),
  (93, 100),
  (93, 57),
  (94, 56),
  (94, 18),
  (95, 88),
  (95, 4),
  (95, 104),
  (96, 20),
  (96, 2),
  (97, 39),
  (97, 20),
  (98, 95),
  (98, 46),
  (98, 13),
  (98, 97),
  (99, 60),
  (99, 88),
  (100, 12),
  (100, 54),
  (100, 44),
  (101, 86),
  (101, 92),
  (101, 51),
  (101, 43),
  (102, 75),
  (102, 31),
  (103, 102),
  (103, 81),
  (104, 2),
  (104, 5),
  (104, 18),
  (104, 65),
  (105, 30),
  (105, 74),
  (105, 56),
  (105, 90),
  (106, 94),
  (106, 3),
  (107, 41),
  (107, 9),
  (108, 16),
  (108, 63),
  (109, 68),
  (109, 55),
  (110, 23),
  (110, 29),
  (111, 70),
  (111, 19),
  (111, 82),
  (111, 95),
  (112, 65),
  (112, 15),
  (112, 68),
  (112, 46),
  (113, 10),
  (113, 45),
  (113, 28),
  (114, 94),
  (114, 10),
  (115, 91),
  (115, 23),
  (115, 2),
  (116, 35),
  (116, 9),
  (116, 6),
  (117, 66),
  (117, 7),
  (118, 102),
  (118, 72),
  (118, 47),
  (119, 2),
  (119, 42),
  (119, 89),
  (120, 84),
  (120, 59),
  (121, 37),
  (121, 71),
  (121, 43),
  (121, 89),
  (122, 96),
  (122, 92),
  (122, 35),
  (123, 55),
  (123, 41),
  (123, 70),
  (124, 50),
  (124, 20),
  (124, 98),
  (125, 53),
  (125, 103),
  (125, 19),
  (126, 1),
  (126, 31),
  (126, 78),
  (126, 65),
  (127, 89),
  (127, 79),
  (127, 94),
  (128, 31),
  (128, 106),
  (128, 26),
  (129, 15),
  (129, 12),
  (129, 108),
  (129, 80),
  (130, 92),
  (130, 7),
  (131, 89),
  (131, 72),
  (131, 42),
  (132, 83),
  (132, 57),
  (132, 71),
  (132, 86),
  (133, 59),
  (133, 74),
  (133, 1),
  (134, 96),
  (134, 83),
  (134, 110),
  (135, 66),
  (135, 44),
  (135, 76),
  (136, 49),
  (136, 31),
  (136, 106),
  (136, 81),
  (137, 49),
  (137, 46),
  (137, 92),
  (137, 9),
  (138, 68);

INSERT INTO `Time_Treinador_Golpe` (`id_instancia`, `id_golpe`) VALUES
  (138, 35),
  (138, 79),
  (139, 87),
  (139, 106),
  (139, 42),
  (139, 10),
  (140, 103),
  (140, 70),
  (140, 86),
  (140, 29),
  (141, 98),
  (141, 34),
  (141, 108),
  (141, 61),
  (142, 45),
  (142, 67),
  (142, 76),
  (142, 62),
  (143, 29),
  (143, 19),
  (143, 9),
  (143, 97),
  (144, 47),
  (144, 68),
  (144, 27),
  (144, 22),
  (145, 31),
  (145, 87),
  (145, 23),
  (146, 106),
  (146, 85),
  (147, 23),
  (147, 82),
  (147, 106),
  (148, 6),
  (148, 42),
  (148, 49),
  (148, 47),
  (149, 16),
  (149, 53),
  (149, 20),
  (150, 33),
  (150, 49),
  (150, 14),
  (150, 47),
  (151, 85),
  (151, 103),
  (151, 67),
  (152, 39),
  (152, 58),
  (152, 85),
  (152, 12),
  (153, 51),
  (153, 38),
  (153, 58),
  (154, 15),
  (154, 58),
  (154, 82),
  (154, 62),
  (155, 103),
  (155, 23),
  (155, 98),
  (155, 67),
  (156, 1),
  (156, 88),
  (157, 47),
  (157, 63),
  (158, 85),
  (158, 31),
  (158, 80),
  (158, 48),
  (159, 44),
  (159, 103),
  (159, 49),
  (159, 33),
  (160, 72),
  (160, 26),
  (161, 74),
  (161, 34),
  (162, 76),
  (162, 23),
  (163, 92),
  (163, 70),
  (163, 36),
  (164, 33),
  (164, 31),
  (164, 34),
  (165, 12),
  (165, 68),
  (165, 82),
  (166, 110),
  (166, 12),
  (166, 26),
  (167, 55),
  (167, 102),
  (168, 80),
  (168, 100),
  (168, 48),
  (169, 92),
  (169, 57),
  (170, 47),
  (170, 6),
  (170, 92),
  (171, 53),
  (171, 56),
  (171, 83),
  (172, 104),
  (172, 33),
  (172, 46),
  (172, 31),
  (173, 109),
  (173, 75),
  (173, 17),
  (174, 25),
  (174, 110),
  (174, 92),
  (174, 75),
  (175, 9),
  (175, 86),
  (175, 27),
  (176, 10),
  (176, 11),
  (176, 97),
  (177, 49),
  (177, 51),
  (177, 68),
  (178, 64),
  (178, 83),
  (178, 97),
  (179, 14),
  (179, 76),
  (180, 60),
  (180, 90),
  (180, 108),
  (180, 56),
  (181, 61),
  (181, 23),
  (181, 9),
  (182, 51),
  (182, 63),
  (182, 18),
  (183, 97),
  (183, 106),
  (183, 2),
  (183, 86),
  (184, 95),
  (184, 26),
  (185, 70),
  (185, 6),
  (185, 88),
  (186, 71),
  (186, 43),
  (186, 99),
  (187, 99),
  (187, 59),
  (187, 16),
  (188, 29),
  (188, 109),
  (189, 74),
  (189, 105),
  (190, 14),
  (190, 64),
  (191, 109),
  (191, 97),
  (192, 73),
  (192, 59),
  (193, 106),
  (193, 88),
  (194, 92),
  (194, 43),
  (195, 8),
  (195, 71),
  (195, 89),
  (196, 54),
  (196, 108),
  (196, 75),
  (196, 18),
  (197, 105),
  (197, 7),
  (197, 81),
  (198, 42),
  (198, 43),
  (199, 67),
  (199, 1),
  (200, 69),
  (200, 36),
  (201, 34),
  (201, 12),
  (201, 41),
  (201, 50),
  (202, 85),
  (202, 110),
  (202, 39),
  (203, 51),
  (203, 66),
  (203, 54),
  (203, 88),
  (204, 40),
  (204, 39),
  (205, 49);

INSERT INTO `Time_Treinador_Golpe` (`id_instancia`, `id_golpe`) VALUES
  (205, 103),
  (206, 110),
  (206, 70),
  (206, 33),
  (207, 26),
  (207, 17),
  (207, 7),
  (208, 69),
  (208, 84),
  (209, 60),
  (209, 85),
  (209, 63),
  (210, 75),
  (210, 19),
  (210, 47),
  (210, 103),
  (211, 26),
  (211, 59),
  (211, 91),
  (212, 85),
  (212, 7),
  (212, 94),
  (212, 41),
  (213, 69),
  (213, 9),
  (214, 73),
  (214, 106),
  (214, 42),
  (215, 36),
  (215, 29),
  (216, 38),
  (216, 26),
  (216, 91),
  (217, 103),
  (217, 76),
  (218, 59),
  (218, 52),
  (218, 94),
  (218, 57),
  (219, 27),
  (219, 8),
  (220, 56),
  (220, 110),
  (221, 16),
  (221, 7),
  (221, 18),
  (221, 10),
  (222, 64),
  (222, 24),
  (222, 2),
  (222, 93),
  (223, 95),
  (223, 103),
  (223, 22),
  (223, 64),
  (224, 87),
  (224, 93),
  (225, 96),
  (225, 38),
  (225, 103),
  (225, 28),
  (226, 108),
  (226, 21),
  (226, 19),
  (226, 100),
  (227, 27),
  (227, 67),
  (227, 13),
  (227, 60),
  (228, 26),
  (228, 101),
  (229, 7),
  (229, 54),
  (230, 85),
  (230, 107),
  (231, 91),
  (231, 57),
  (231, 88),
  (232, 20),
  (232, 8),
  (232, 90),
  (233, 6),
  (233, 21),
  (234, 38),
  (234, 98),
  (234, 30),
  (235, 103),
  (235, 41),
  (235, 91),
  (235, 72),
  (236, 20),
  (236, 40),
  (236, 34),
  (236, 42),
  (237, 108),
  (237, 28),
  (237, 20),
  (237, 103),
  (238, 30),
  (238, 51),
  (238, 5),
  (238, 42),
  (239, 20),
  (239, 83),
  (239, 38),
  (240, 84),
  (240, 70),
  (241, 12),
  (241, 26),
  (241, 60),
  (241, 20),
  (242, 24),
  (242, 56),
  (242, 43),
  (242, 87),
  (243, 15),
  (243, 5),
  (243, 107),
  (244, 16),
  (244, 85),
  (244, 27),
  (245, 68),
  (245, 10),
  (245, 38),
  (245, 63),
  (246, 3),
  (246, 97),
  (246, 101),
  (247, 12),
  (247, 26),
  (247, 63),
  (248, 39),
  (248, 77),
  (248, 75),
  (249, 97),
  (249, 12),
  (249, 26),
  (249, 18),
  (250, 35),
  (250, 99),
  (250, 98),
  (251, 75),
  (251, 39),
  (252, 75),
  (252, 77),
  (253, 1),
  (253, 45),
  (254, 20),
  (254, 85),
  (255, 7),
  (255, 23),
  (255, 43),
  (256, 58),
  (256, 62),
  (256, 32),
  (257, 96),
  (257, 47),
  (257, 23),
  (258, 101),
  (258, 107),
  (259, 104),
  (259, 9),
  (259, 93),
  (260, 59),
  (260, 13),
  (260, 96),
  (260, 71),
  (261, 101),
  (261, 21),
  (262, 51),
  (262, 60),
  (262, 5),
  (262, 6),
  (263, 75),
  (263, 13),
  (263, 53),
  (263, 83),
  (264, 17),
  (264, 54),
  (264, 74),
  (264, 108),
  (265, 10),
  (265, 48),
  (265, 94),
  (266, 94),
  (266, 21),
  (266, 47),
  (266, 22),
  (267, 12),
  (267, 43),
  (267, 1),
  (267, 108),
  (268, 108),
  (268, 62),
  (268, 39),
  (268, 20),
  (269, 13),
  (269, 14),
  (269, 31),
  (270, 20);

INSERT INTO `Time_Treinador_Golpe` (`id_instancia`, `id_golpe`) VALUES
  (270, 64),
  (271, 69),
  (271, 70),
  (271, 16),
  (272, 60),
  (272, 32),
  (272, 21),
  (273, 69),
  (273, 6),
  (273, 65),
  (273, 33),
  (274, 26),
  (274, 37),
  (274, 52),
  (275, 27),
  (275, 17),
  (275, 31),
  (275, 94),
  (276, 65),
  (276, 31),
  (276, 13),
  (276, 2),
  (277, 7),
  (277, 63),
  (278, 74),
  (278, 27),
  (278, 89),
  (278, 96),
  (279, 12),
  (279, 97),
  (280, 20),
  (280, 108),
  (281, 4),
  (281, 55),
  (281, 51),
  (282, 67),
  (282, 15),
  (282, 38),
  (282, 73),
  (283, 11),
  (283, 85),
  (284, 28),
  (284, 30),
  (284, 32),
  (284, 77),
  (285, 91),
  (285, 105),
  (285, 8),
  (285, 106),
  (286, 10),
  (286, 77),
  (287, 13),
  (287, 6),
  (287, 28),
  (288, 99),
  (288, 89),
  (288, 23),
  (288, 105),
  (289, 44),
  (289, 11),
  (289, 104),
  (290, 76),
  (290, 24),
  (290, 2),
  (291, 53),
  (291, 101),
  (291, 5),
  (292, 101),
  (292, 32),
  (293, 94),
  (293, 66),
  (294, 22),
  (294, 20),
  (294, 103),
  (294, 45),
  (295, 27),
  (295, 26),
  (296, 88),
  (296, 43),
  (297, 9),
  (297, 1),
  (297, 102),
  (297, 62),
  (298, 64),
  (298, 68),
  (299, 9),
  (299, 97),
  (299, 78),
  (300, 9),
  (300, 26),
  (300, 81),
  (300, 7),
  (301, 101),
  (301, 53),
  (301, 12),
  (302, 92),
  (302, 45),
  (302, 75),
  (302, 21),
  (303, 87),
  (303, 99),
  (303, 96),
  (304, 18),
  (304, 34),
  (304, 107),
  (305, 39),
  (305, 7),
  (305, 96),
  (305, 60),
  (306, 76),
  (306, 22),
  (306, 56),
  (306, 50),
  (307, 101),
  (307, 66),
  (307, 39),
  (307, 96),
  (308, 69),
  (308, 84),
  (308, 81),
  (308, 15),
  (309, 101),
  (309, 103),
  (310, 97),
  (310, 108),
  (310, 109),
  (311, 31),
  (311, 26),
  (312, 59),
  (312, 72),
  (312, 31),
  (312, 64),
  (313, 88),
  (313, 91),
  (313, 7),
  (313, 51),
  (314, 101),
  (314, 51),
  (314, 102),
  (314, 81),
  (315, 100),
  (315, 44),
  (315, 106),
  (315, 49),
  (316, 12),
  (316, 30),
  (316, 84),
  (317, 108),
  (317, 102),
  (317, 44),
  (317, 85),
  (318, 108),
  (318, 55),
  (318, 102),
  (318, 40),
  (319, 39),
  (319, 63),
  (320, 3),
  (320, 15),
  (320, 104),
  (320, 61),
  (321, 53),
  (321, 78),
  (321, 39),
  (322, 19),
  (322, 43),
  (322, 70),
  (323, 11),
  (323, 46),
  (324, 109),
  (324, 60),
  (324, 80),
  (325, 38),
  (325, 43),
  (326, 35),
  (326, 24),
  (327, 57),
  (327, 53),
  (327, 85),
  (327, 69),
  (328, 16),
  (328, 28),
  (329, 81),
  (329, 6),
  (329, 49),
  (329, 106),
  (330, 50),
  (330, 35),
  (331, 20),
  (331, 47),
  (331, 22),
  (332, 45),
  (332, 105),
  (333, 51),
  (333, 40),
  (333, 64),
  (333, 41),
  (334, 102),
  (334, 78),
  (334, 25);

INSERT INTO `Time_Treinador_Golpe` (`id_instancia`, `id_golpe`) VALUES
  (334, 110),
  (335, 51),
  (335, 68),
  (336, 1),
  (336, 110),
  (337, 14),
  (337, 32),
  (338, 73),
  (338, 104),
  (338, 85),
  (339, 95),
  (339, 46),
  (339, 87),
  (340, 71),
  (340, 95),
  (341, 86),
  (341, 49),
  (341, 18),
  (341, 97),
  (342, 86),
  (342, 54),
  (342, 10),
  (343, 80),
  (343, 43),
  (343, 57),
  (343, 35),
  (344, 47),
  (344, 40),
  (344, 85),
  (345, 81),
  (345, 88),
  (345, 49),
  (345, 67),
  (346, 8),
  (346, 84),
  (346, 64),
  (346, 47),
  (347, 3),
  (347, 8),
  (347, 107),
  (347, 88),
  (348, 72),
  (348, 49),
  (349, 40),
  (349, 97),
  (349, 66),
  (350, 94),
  (350, 78),
  (351, 59),
  (351, 5),
  (351, 42),
  (351, 62),
  (352, 1),
  (352, 35),
  (353, 25),
  (353, 76),
  (354, 66),
  (354, 6),
  (354, 51),
  (354, 23),
  (355, 76),
  (355, 83),
  (355, 36),
  (355, 81),
  (356, 38),
  (356, 99),
  (357, 4),
  (357, 54),
  (357, 71),
  (357, 53),
  (358, 11),
  (358, 104),
  (358, 87),
  (358, 82),
  (359, 64),
  (359, 91),
  (359, 47),
  (360, 36),
  (360, 42),
  (360, 21),
  (360, 107),
  (361, 64),
  (361, 106),
  (361, 7),
  (361, 102),
  (362, 45),
  (362, 18),
  (362, 26),
  (362, 67),
  (363, 21),
  (363, 40),
  (364, 67),
  (364, 22),
  (364, 88),
  (364, 40),
  (365, 76),
  (365, 39),
  (366, 100),
  (366, 47),
  (366, 89),
  (367, 35),
  (367, 40),
  (368, 26),
  (368, 80),
  (368, 42),
  (369, 52),
  (369, 14),
  (369, 88),
  (370, 47),
  (370, 51),
  (370, 41),
  (371, 102),
  (371, 61),
  (371, 35),
  (372, 27),
  (372, 80),
  (373, 65),
  (373, 108),
  (373, 53),
  (374, 21),
  (374, 100),
  (374, 41),
  (374, 6),
  (375, 36),
  (375, 97),
  (376, 61),
  (376, 85),
  (376, 72),
  (376, 109),
  (377, 53),
  (377, 97),
  (377, 10),
  (377, 36),
  (378, 47),
  (378, 92),
  (378, 51),
  (379, 104),
  (379, 37),
  (379, 109),
  (379, 81),
  (380, 34),
  (380, 58),
  (381, 6),
  (381, 69),
  (382, 73),
  (382, 40),
  (382, 46),
  (382, 78),
  (383, 34),
  (383, 32),
  (383, 9),
  (384, 13),
  (384, 97),
  (384, 78),
  (384, 87),
  (385, 107),
  (385, 104),
  (385, 92),
  (386, 40),
  (386, 22),
  (387, 23),
  (387, 93),
  (387, 82),
  (387, 96),
  (388, 16),
  (388, 100),
  (388, 52),
  (388, 51),
  (389, 108),
  (389, 44),
  (389, 52),
  (389, 51),
  (390, 104),
  (390, 44),
  (390, 45),
  (391, 92),
  (391, 19),
  (392, 95),
  (392, 67),
  (392, 53),
  (392, 86),
  (393, 18),
  (393, 28),
  (393, 44),
  (394, 9),
  (394, 53),
  (394, 65),
  (394, 1),
  (395, 86),
  (395, 31),
  (395, 74),
  (395, 56),
  (396, 28),
  (396, 74),
  (396, 94),
  (397, 101),
  (397, 109),
  (397, 87),
  (398, 20),
  (398, 29);

INSERT INTO `Time_Treinador_Golpe` (`id_instancia`, `id_golpe`) VALUES
  (399, 109),
  (399, 97),
  (399, 31),
  (399, 65),
  (400, 37),
  (400, 5),
  (401, 106),
  (401, 84),
  (401, 49),
  (401, 37),
  (402, 83),
  (402, 91),
  (403, 50),
  (403, 79),
  (403, 36),
  (403, 92),
  (404, 99),
  (404, 78),
  (405, 106),
  (405, 66),
  (405, 35),
  (405, 78),
  (406, 29),
  (406, 40),
  (407, 47),
  (407, 87),
  (408, 103),
  (408, 11),
  (408, 47),
  (408, 3),
  (409, 67),
  (409, 10),
  (409, 16),
  (409, 108),
  (410, 28),
  (410, 1),
  (410, 59),
  (411, 98),
  (411, 18),
  (411, 58),
  (411, 36),
  (412, 8),
  (412, 58),
  (412, 76),
  (412, 72),
  (413, 104),
  (413, 5),
  (413, 6),
  (413, 69),
  (414, 15),
  (414, 62),
  (414, 29),
  (415, 81),
  (415, 44),
  (415, 43),
  (416, 73),
  (416, 30),
  (416, 28),
  (416, 72),
  (417, 37),
  (417, 108),
  (418, 69),
  (418, 92),
  (418, 4),
  (418, 29),
  (419, 4),
  (419, 104),
  (420, 35),
  (420, 55),
  (420, 48),
  (420, 9),
  (421, 36),
  (421, 93),
  (421, 12),
  (421, 75),
  (422, 52),
  (422, 50),
  (423, 76),
  (423, 53),
  (423, 29),
  (423, 86),
  (424, 103),
  (424, 48),
  (425, 43),
  (425, 85),
  (425, 33),
  (425, 10),
  (426, 62),
  (426, 74),
  (426, 18),
  (426, 56),
  (427, 88),
  (427, 91),
  (427, 80),
  (428, 25),
  (428, 44),
  (428, 79),
  (429, 15),
  (429, 52),
  (430, 37),
  (430, 98),
  (431, 10),
  (431, 95),
  (432, 3),
  (432, 57),
  (432, 100),
  (432, 26),
  (433, 96),
  (433, 26),
  (433, 99),
  (433, 34),
  (434, 72),
  (434, 97),
  (435, 108),
  (435, 38),
  (435, 96),
  (435, 101),
  (436, 95),
  (436, 93),
  (437, 93),
  (437, 3),
  (437, 9),
  (437, 46),
  (438, 54),
  (438, 2),
  (439, 93),
  (439, 96),
  (439, 81),
  (439, 69),
  (440, 72),
  (440, 46),
  (440, 81),
  (441, 73),
  (441, 81),
  (442, 46),
  (442, 40),
  (442, 14),
  (443, 95),
  (443, 23),
  (444, 46),
  (444, 54),
  (444, 4),
  (444, 103),
  (445, 59),
  (445, 99),
  (445, 14),
  (445, 44),
  (446, 110),
  (446, 20),
  (447, 100),
  (447, 61),
  (447, 63),
  (448, 44),
  (448, 102),
  (449, 61),
  (449, 106),
  (449, 17),
  (450, 68),
  (450, 73),
  (451, 66),
  (451, 50),
  (451, 27),
  (452, 33),
  (452, 85),
  (452, 3),
  (453, 91),
  (453, 36),
  (454, 56),
  (454, 100),
  (454, 94),
  (454, 93),
  (455, 21),
  (455, 104),
  (455, 108),
  (456, 18),
  (456, 2),
  (456, 15),
  (457, 94),
  (457, 75),
  (458, 49),
  (458, 4),
  (458, 2),
  (458, 105),
  (459, 60),
  (459, 100),
  (460, 27),
  (460, 74),
  (461, 10),
  (461, 110),
  (461, 42),
  (461, 44),
  (462, 72),
  (462, 60),
  (462, 63),
  (462, 99),
  (463, 27),
  (463, 1),
  (463, 32),
  (463, 46),
  (464, 14);

INSERT INTO `Time_Treinador_Golpe` (`id_instancia`, `id_golpe`) VALUES
  (464, 13),
  (464, 76),
  (465, 26),
  (465, 57),
  (466, 74),
  (466, 75),
  (466, 82),
  (467, 91),
  (467, 57),
  (467, 98),
  (467, 9),
  (468, 93),
  (468, 7),
  (468, 61),
  (468, 22),
  (469, 84),
  (469, 87),
  (469, 92),
  (470, 92),
  (470, 84),
  (471, 89),
  (471, 61),
  (471, 78),
  (472, 16),
  (472, 64),
  (473, 49),
  (473, 9),
  (473, 90),
  (473, 31),
  (474, 1),
  (474, 51),
  (475, 101),
  (475, 96),
  (475, 106),
  (475, 29),
  (476, 95),
  (476, 83),
  (476, 5),
  (476, 32),
  (477, 26),
  (477, 103),
  (478, 5),
  (478, 60),
  (479, 52),
  (479, 31),
  (480, 100),
  (480, 87),
  (481, 72),
  (481, 82),
  (482, 53),
  (482, 34),
  (482, 6),
  (482, 20),
  (483, 3),
  (483, 62),
  (483, 97),
  (484, 98),
  (484, 91),
  (485, 24),
  (485, 19),
  (486, 21),
  (486, 79),
  (486, 66),
  (486, 42),
  (487, 66),
  (487, 101),
  (488, 1),
  (488, 10),
  (488, 109),
  (489, 72),
  (489, 83),
  (490, 65),
  (490, 72),
  (491, 79),
  (491, 77),
  (491, 102),
  (491, 103),
  (492, 10),
  (492, 91),
  (492, 7),
  (492, 85),
  (493, 79),
  (493, 38),
  (493, 59),
  (493, 51),
  (494, 1),
  (494, 72),
  (494, 96),
  (494, 27),
  (495, 24),
  (495, 107),
  (496, 104),
  (496, 108),
  (496, 59),
  (496, 27),
  (497, 91),
  (497, 84),
  (498, 27),
  (498, 86),
  (498, 55),
  (498, 15),
  (499, 12),
  (499, 70),
  (499, 67),
  (499, 46),
  (500, 13),
  (500, 12),
  (500, 94),
  (500, 31),
  (501, 12),
  (501, 48),
  (502, 39),
  (502, 40),
  (502, 98),
  (503, 19),
  (503, 64),
  (503, 78),
  (504, 43),
  (504, 99),
  (504, 25),
  (504, 1),
  (505, 10),
  (505, 6),
  (506, 88),
  (506, 89),
  (507, 28),
  (507, 67),
  (507, 50),
  (507, 59),
  (508, 79),
  (508, 74),
  (508, 84),
  (509, 98),
  (509, 94),
  (510, 3),
  (510, 108),
  (511, 92),
  (511, 94),
  (512, 86),
  (512, 88),
  (513, 109),
  (513, 56),
  (514, 24),
  (514, 80),
  (515, 57),
  (515, 33),
  (515, 91),
  (516, 33),
  (516, 101),
  (517, 109),
  (517, 45),
  (517, 4),
  (518, 49),
  (518, 13),
  (518, 21),
  (519, 21),
  (519, 84),
  (519, 61),
  (520, 108),
  (520, 97),
  (520, 42),
  (520, 36),
  (521, 2),
  (521, 53),
  (522, 3),
  (522, 44),
  (522, 30),
  (522, 70),
  (523, 105),
  (523, 43),
  (523, 1),
  (524, 44),
  (524, 102),
  (525, 69),
  (525, 21),
  (526, 5),
  (526, 106),
  (527, 55),
  (527, 81),
  (527, 44),
  (528, 9),
  (528, 69),
  (528, 16),
  (529, 21),
  (529, 28),
  (529, 68),
  (530, 84),
  (530, 85),
  (531, 32),
  (531, 53),
  (531, 67),
  (531, 89),
  (532, 12),
  (532, 83),
  (532, 28),
  (532, 37),
  (533, 92),
  (533, 34),
  (534, 92),
  (534, 16);

INSERT INTO `Time_Treinador_Golpe` (`id_instancia`, `id_golpe`) VALUES
  (534, 23),
  (535, 57),
  (535, 79),
  (535, 88),
  (535, 22),
  (536, 96),
  (536, 37),
  (536, 97),
  (536, 51),
  (537, 44),
  (537, 33),
  (538, 12),
  (538, 89),
  (539, 83),
  (539, 34);

-- Tabela: Batalha (histórico do torneio)
INSERT INTO `Batalha` (`id_batalha`, `data_batalha`, `local_batalha`, `fase_torneio`, `id_treinador1`, `id_treinador2`, `id_vencedor`) VALUES
  (1, '2024-11-15', 'Arena de Rondonópolis', 'Final', 80, 84, 80),
  (2, '2024-06-17', 'Arena de Rondonópolis', 'Final', 9, 89, 9),
  (3, '2024-10-21', 'Arena de Sinop', 'Semifinal', 2, 10, 2),
  (4, '2024-12-14', 'Arena de Juína', 'Oitavas de Final', 83, 66, 66),
  (5, '2024-09-13', 'Arena de Cáceres', 'Semifinal', 116, 13, 13),
  (6, '2024-08-27', 'Arena de Cuiabá', 'Oitavas de Final', 94, 113, 113),
  (7, '2024-06-28', 'Arena de Campo Verde', 'Quartas de Final', 4, 50, 4),
  (8, '2024-07-19', 'Arena de Rondonópolis', 'Fase de Grupos', 86, 43, 86),
  (9, '2024-11-17', 'Arena de Primavera do Leste', 'Oitavas de Final', 21, 101, 101),
  (10, '2024-09-07', 'Arena de Primavera do Leste', 'Fase de Grupos', 6, 19, 6),
  (11, '2024-08-15', 'Arena de Cuiabá', 'Quartas de Final', 73, 75, 73),
  (12, '2024-09-02', 'Arena de Curitiba', 'Oitavas de Final', 110, 120, 120),
  (13, '2024-09-03', 'Arena de Lucas do Rio Verde', 'Oitavas de Final', 18, 48, 48),
  (14, '2024-07-13', 'Arena de Barra do Garças', 'Semifinal', 67, 85, 67),
  (15, '2024-07-20', 'Arena de Sorriso', 'Semifinal', 120, 98, NULL),
  (16, '2024-08-07', 'Arena de Cuiabá', 'Fase de Grupos', 110, 47, 47),
  (17, '2024-07-31', 'Arena de Barra do Garças', 'Fase de Grupos', 13, 85, 85),
  (18, '2024-09-26', 'Arena de Curitiba', 'Semifinal', 61, 57, 61),
  (19, '2024-07-15', 'Arena de Sorriso', 'Semifinal', 12, 52, 52),
  (20, '2024-08-08', 'Arena de Lucas do Rio Verde', 'Semifinal', 57, 8, 57),
  (21, '2024-06-19', 'Arena de Campinas', 'Oitavas de Final', 61, 31, 61),
  (22, '2024-06-29', 'Arena de Várzea Grande', 'Semifinal', 62, 96, 96),
  (23, '2024-10-09', 'Arena de Cuiabá', 'Oitavas de Final', 68, 8, 68),
  (24, '2024-09-26', 'Arena de Tangará da Serra', 'Fase de Grupos', 13, 11, 11),
  (25, '2024-07-23', 'Arena de Primavera do Leste', 'Quartas de Final', 104, 58, 104),
  (26, '2024-10-02', 'Arena de Primavera do Leste', 'Oitavas de Final', 9, 16, 16),
  (27, '2024-11-12', 'Arena de São Paulo', 'Fase de Grupos', 66, 2, 66),
  (28, '2024-11-18', 'Arena de Brasília', 'Oitavas de Final', 69, 83, 83),
  (29, '2024-12-07', 'Arena de Várzea Grande', 'Quartas de Final', 84, 47, 47),
  (30, '2024-06-05', 'Arena de Brasília', 'Semifinal', 85, 116, 85),
  (31, '2024-06-10', 'Arena de Barra do Garças', 'Semifinal', 116, 93, 116),
  (32, '2024-10-28', 'Arena de Campo Verde', 'Fase de Grupos', 18, 108, 108),
  (33, '2024-09-01', 'Arena de São Paulo', 'Oitavas de Final', 52, 4, 52),
  (34, '2024-11-20', 'Arena de Campo Verde', 'Final', 9, 62, 62),
  (35, '2024-07-22', 'Arena de Barra do Garças', 'Semifinal', 116, 28, 28),
  (36, '2024-06-09', 'Arena de Pontes e Lacerda', 'Oitavas de Final', 35, 29, 29),
  (37, '2024-10-24', 'Arena de Lucas do Rio Verde', 'Oitavas de Final', 44, 53, 44),
  (38, '2024-11-03', 'Arena de Primavera do Leste', 'Final', 31, 106, 31),
  (39, '2024-07-06', 'Arena de Primavera do Leste', 'Oitavas de Final', 59, 61, 61),
  (40, '2024-07-09', 'Arena de Tangará da Serra', 'Final', 72, 16, 16),
  (41, '2024-07-13', 'Arena de Sorriso', 'Semifinal', 18, 75, 18),
  (42, '2024-09-13', 'Arena de Primavera do Leste', 'Final', 22, 11, 11),
  (43, '2024-11-30', 'Arena de Pontes e Lacerda', 'Fase de Grupos', 85, 29, 29),
  (44, '2024-06-05', 'Arena de Barra do Garças', 'Fase de Grupos', 7, 56, 7),
  (45, '2024-09-16', 'Arena de Rondonópolis', 'Final', 37, 97, 37),
  (46, '2024-09-23', 'Arena de Sorriso', 'Semifinal', 49, 109, 49),
  (47, '2024-10-12', 'Arena de Curitiba', 'Oitavas de Final', 85, 68, 68),
  (48, '2024-10-25', 'Arena de Nova Mutum', 'Oitavas de Final', 56, 10, 10),
  (49, '2024-09-14', 'Arena de Lucas do Rio Verde', 'Final', 111, 89, 111),
  (50, '2024-11-07', 'Arena de São Paulo', 'Oitavas de Final', 33, 87, 33),
  (51, '2024-09-22', 'Arena de São Paulo', 'Quartas de Final', 87, 42, 87),
  (52, '2024-09-28', 'Arena de Cuiabá', 'Oitavas de Final', 87, 98, 87),
  (53, '2024-10-17', 'Arena de Pontes e Lacerda', 'Semifinal', 56, 12, 56),
  (54, '2024-12-06', 'Arena de Lucas do Rio Verde', 'Semifinal', 18, 116, 116),
  (55, '2024-07-27', 'Arena de Campo Verde', 'Quartas de Final', 85, 64, 85),
  (56, '2024-11-05', 'Arena de Pontes e Lacerda', 'Fase de Grupos', 15, 5, 5),
  (57, '2024-10-26', 'Arena de Curitiba', 'Quartas de Final', 61, 75, 75),
  (58, '2024-07-15', 'Arena de São Paulo', 'Fase de Grupos', 45, 91, 91),
  (59, '2024-06-30', 'Arena de Barra do Garças', 'Final', 87, 100, 100),
  (60, '2024-09-03', 'Arena de Barra do Garças', 'Quartas de Final', 83, 27, 83),
  (61, '2024-11-18', 'Arena de Goiânia', 'Fase de Grupos', 21, 106, 106),
  (62, '2024-09-14', 'Arena de Curitiba', 'Quartas de Final', 26, 115, NULL),
  (63, '2024-06-22', 'Arena de Sorriso', 'Fase de Grupos', 4, 9, 4),
  (64, '2024-06-05', 'Arena de Cuiabá', 'Fase de Grupos', 23, 30, 23),
  (65, '2024-07-09', 'Arena de São Paulo', 'Quartas de Final', 11, 120, 11),
  (66, '2024-09-15', 'Arena de São Paulo', 'Quartas de Final', 10, 67, 67),
  (67, '2024-07-12', 'Arena de Primavera do Leste', 'Fase de Grupos', 43, 8, 8),
  (68, '2024-07-04', 'Arena de Cuiabá', 'Quartas de Final', 9, 80, 80),
  (69, '2024-12-10', 'Arena de Tangará da Serra', 'Semifinal', 65, 63, 65),
  (70, '2024-08-19', 'Arena de Rondonópolis', 'Semifinal', 50, 38, 50),
  (71, '2024-11-29', 'Arena de Juína', 'Semifinal', 13, 9, 13),
  (72, '2024-11-17', 'Arena de São Paulo', 'Final', 102, 105, 102),
  (73, '2024-07-26', 'Arena de Sinop', 'Semifinal', 56, 18, NULL),
  (74, '2024-10-12', 'Arena de Curitiba', 'Quartas de Final', 31, 97, 97),
  (75, '2024-06-07', 'Arena de Sorriso', 'Final', 93, 8, NULL),
  (76, '2024-11-05', 'Arena de Campo Verde', 'Oitavas de Final', 38, 28, 28),
  (77, '2024-07-04', 'Arena de Cáceres', 'Fase de Grupos', 27, 40, 40),
  (78, '2024-09-10', 'Arena de Cuiabá', 'Final', 29, 60, 60),
  (79, '2024-08-20', 'Arena de Rondonópolis', 'Quartas de Final', 93, 40, NULL),
  (80, '2024-07-15', 'Arena de Sorriso', 'Semifinal', 7, 42, 7),
  (81, '2024-11-23', 'Arena de São Paulo', 'Final', 4, 26, 26),
  (82, '2024-06-18', 'Arena de Brasília', 'Semifinal', 40, 100, NULL),
  (83, '2024-10-10', 'Arena de Sorriso', 'Semifinal', 56, 62, NULL),
  (84, '2024-12-15', 'Arena de Lucas do Rio Verde', 'Final', 41, 110, 110),
  (85, '2024-11-06', 'Arena de Várzea Grande', 'Fase de Grupos', 58, 100, 100),
  (86, '2024-07-05', 'Arena de Várzea Grande', 'Final', 99, 59, 59),
  (87, '2024-08-16', 'Arena de Rondonópolis', 'Quartas de Final', 17, 9, 17),
  (88, '2024-11-26', 'Arena de Sinop', 'Fase de Grupos', 56, 67, 67),
  (89, '2024-10-14', 'Arena de Sinop', 'Fase de Grupos', 5, 37, 5),
  (90, '2024-07-14', 'Arena de Sorriso', 'Oitavas de Final', 41, 21, 21),
  (91, '2024-09-01', 'Arena de Sinop', 'Oitavas de Final', 50, 98, 98),
  (92, '2024-12-07', 'Arena de Nova Mutum', 'Semifinal', 59, 71, 71),
  (93, '2024-12-12', 'Arena de Juína', 'Semifinal', 29, 24, 24),
  (94, '2024-12-09', 'Arena de Campo Verde', 'Semifinal', 92, 26, 92),
  (95, '2024-08-03', 'Arena de Cuiabá', 'Quartas de Final', 14, 112, 112),
  (96, '2024-11-05', 'Arena de Cuiabá', 'Quartas de Final', 66, 61, 66),
  (97, '2024-11-22', 'Arena de Campo Verde', 'Semifinal', 23, 94, 94),
  (98, '2024-10-26', 'Arena de Lucas do Rio Verde', 'Fase de Grupos', 8, 106, 8),
  (99, '2024-06-10', 'Arena de Cuiabá', 'Oitavas de Final', 101, 98, 101),
  (100, '2024-09-02', 'Arena de Barra do Garças', 'Quartas de Final', 109, 41, 41),
  (101, '2024-06-29', 'Arena de Sorriso', 'Fase de Grupos', 80, 46, 46),
  (102, '2024-11-12', 'Arena de Várzea Grande', 'Oitavas de Final', 117, 87, 117),
  (103, '2024-10-08', 'Arena de Cuiabá', 'Semifinal', 97, 20, 20),
  (104, '2024-10-17', 'Arena de Cuiabá', 'Fase de Grupos', 56, 108, 56),
  (105, '2024-12-16', 'Arena de Tangará da Serra', 'Final', 45, 115, 115),
  (106, '2024-09-25', 'Arena de Cuiabá', 'Semifinal', 84, 117, NULL),
  (107, '2024-12-04', 'Arena de Cuiabá', 'Quartas de Final', 101, 60, 101),
  (108, '2024-06-07', 'Arena de Cuiabá', 'Oitavas de Final', 32, 9, 9),
  (109, '2024-12-07', 'Arena de Várzea Grande', 'Oitavas de Final', 48, 10, 10),
  (110, '2024-10-01', 'Arena de Nova Mutum', 'Quartas de Final', 111, 60, 60),
  (111, '2024-08-21', 'Arena de Lucas do Rio Verde', 'Quartas de Final', 82, 81, 81),
  (112, '2024-11-01', 'Arena de Goiânia', 'Final', 95, 112, 95),
  (113, '2024-11-18', 'Arena de Sorriso', 'Oitavas de Final', 9, 62, 9),
  (114, '2024-11-15', 'Arena de Goiânia', 'Fase de Grupos', 27, 47, 27),
  (115, '2024-12-01', 'Arena de Tangará da Serra', 'Semifinal', 60, 76, 60),
  (116, '2024-06-26', 'Arena de Sorriso', 'Final', 12, 24, 24),
  (117, '2024-07-11', 'Arena de Nova Mutum', 'Fase de Grupos', 103, 8, 8),
  (118, '2024-08-24', 'Arena de Campinas', 'Oitavas de Final', 120, 54, 54),
  (119, '2024-11-19', 'Arena de Tangará da Serra', 'Final', 63, 70, 63),
  (120, '2024-07-17', 'Arena de Cuiabá', 'Final', 49, 107, 49),
  (121, '2024-06-14', 'Arena de Várzea Grande', 'Oitavas de Final', 113, 98, 98),
  (122, '2024-10-09', 'Arena de Juína', 'Oitavas de Final', 65, 3, 65),
  (123, '2024-06-08', 'Arena de Pontes e Lacerda', 'Oitavas de Final', 72, 28, 28),
  (124, '2024-07-30', 'Arena de Pontes e Lacerda', 'Oitavas de Final', 78, 89, 89),
  (125, '2024-12-16', 'Arena de Cuiabá', 'Quartas de Final', 66, 81, 66),
  (126, '2024-10-16', 'Arena de Primavera do Leste', 'Oitavas de Final', 116, 92, 116),
  (127, '2024-07-22', 'Arena de Goiânia', 'Fase de Grupos', 67, 106, 67),
  (128, '2024-08-09', 'Arena de Pontes e Lacerda', 'Final', 96, 60, 96),
  (129, '2024-06-23', 'Arena de Rondonópolis', 'Final', 7, 63, 63),
  (130, '2024-07-14', 'Arena de Campo Verde', 'Final', 87, 54, 54),
  (131, '2024-07-21', 'Arena de Sorriso', 'Oitavas de Final', 44, 53, 44),
  (132, '2024-08-17', 'Arena de Barra do Garças', 'Oitavas de Final', 112, 53, 53),
  (133, '2024-07-20', 'Arena de Goiânia', 'Quartas de Final', 82, 28, 82),
  (134, '2024-10-01', 'Arena de Juína', 'Final', 16, 65, 65),
  (135, '2024-10-11', 'Arena de Campo Verde', 'Semifinal', 63, 61, 61),
  (136, '2024-07-30', 'Arena de Rondonópolis', 'Quartas de Final', 76, 66, 76),
  (137, '2024-06-26', 'Arena de Lucas do Rio Verde', 'Semifinal', 90, 50, 50),
  (138, '2024-11-13', 'Arena de Tangará da Serra', 'Semifinal', 43, 46, 46),
  (139, '2024-06-11', 'Arena de São Paulo', 'Quartas de Final', 111, 107, 111),
  (140, '2024-09-19', 'Arena de Brasília', 'Quartas de Final', 66, 81, 81),
  (141, '2024-11-23', 'Arena de Tangará da Serra', 'Quartas de Final', 21, 71, 21),
  (142, '2024-10-30', 'Arena de Goiânia', 'Oitavas de Final', 87, 110, 110),
  (143, '2024-11-14', 'Arena de Cáceres', 'Quartas de Final', 44, 103, 103),
  (144, '2024-11-05', 'Arena de Cuiabá', 'Semifinal', 15, 18, 15),
  (145, '2024-08-29', 'Arena de Curitiba', 'Final', 57, 64, 57),
  (146, '2024-06-30', 'Arena de Cuiabá', 'Quartas de Final', 102, 119, 119),
  (147, '2024-06-05', 'Arena de Lucas do Rio Verde', 'Semifinal', 50, 79, 79),
  (148, '2024-08-10', 'Arena de Cuiabá', 'Quartas de Final', 9, 47, 9),
  (149, '2024-06-06', 'Arena de Rondonópolis', 'Oitavas de Final', 106, 64, 64),
  (150, '2024-07-08', 'Arena de Barra do Garças', 'Oitavas de Final', 27, 8, 27),
  (151, '2024-12-05', 'Arena de Sinop', 'Oitavas de Final', 29, 8, 29),
  (152, '2024-09-20', 'Arena de Campo Verde', 'Fase de Grupos', 71, 119, 71),
  (153, '2024-09-17', 'Arena de Rondonópolis', 'Oitavas de Final', 96, 64, 64),
  (154, '2024-06-22', 'Arena de Várzea Grande', 'Oitavas de Final', 77, 17, 77),
  (155, '2024-11-25', 'Arena de Cáceres', 'Fase de Grupos', 16, 5, NULL),
  (156, '2024-11-03', 'Arena de Lucas do Rio Verde', 'Oitavas de Final', 60, 21, 60),
  (157, '2024-08-23', 'Arena de Nova Mutum', 'Semifinal', 47, 16, 16),
  (158, '2024-11-20', 'Arena de Cáceres', 'Oitavas de Final', 33, 58, 33),
  (159, '2024-11-08', 'Arena de Várzea Grande', 'Semifinal', 24, 115, 115),
  (160, '2024-12-18', 'Arena de Juína', 'Final', 68, 80, 68);

SET FOREIGN_KEY_CHECKS = 1;
